{
  "config": {
    "clients": 10,
    "labels_per_client": 1,
    "split": "label",
    "rounds": 100,
    "rank": 16,
    "local_epochs": 5,
    "batch_size": 64,
    "grad_clip": 1.0
  },
  "seeds": [
    0,
    1,
    2,
    3,
    4
  ],
  "num_seeds": 5,
  "checkpoint_rounds": [
    0,
    5,
    10,
    15,
    20,
    25,
    30,
    35,
    40,
    45,
    50,
    55,
    60,
    65,
    70,
    75,
    80,
    85,
    90,
    95,
    100
  ],
  "variants": {
    "rolora_orth_a": {
      "name": "RoLoRA + orthogonal-A init",
      "per_seed": [
        {
          "seed": 0,
          "losses": [
            2.3242067428588866,
            1.5523473001480101,
            1.1922178985595704,
            1.00697859916687,
            0.8796850770950317,
            0.7999393123626709,
            0.7432718036651611,
            0.7001561641693115,
            0.672815851020813,
            0.6462665817260742,
            0.6326982038497925,
            0.6115654621124268,
            0.6040516248703003,
            0.5897847172737122,
            0.584607222366333,
            0.5717404910087586,
            0.5717541084766388,
            0.5614098848342896,
            0.5622362203598023,
            0.5526809549808502,
            0.5535980574607849
          ],
          "accs": [
            0.1282,
            0.6294,
            0.7516,
            0.7993,
            0.8231,
            0.8416,
            0.8511,
            0.8589,
            0.8652,
            0.871,
            0.8746,
            0.8779,
            0.8802,
            0.8808,
            0.883,
            0.8842,
            0.8865,
            0.8867,
            0.8871,
            0.8879,
            0.8884
          ],
          "final_loss": 0.5535980574607849,
          "final_acc": 0.8884,
          "best_acc": 0.8884
        },
        {
          "seed": 1,
          "losses": [
            2.362926410675049,
            1.4930541456222535,
            1.1057992835998536,
            0.9426045837402344,
            0.8301083659172058,
            0.7714301180839539,
            0.7256898818969727,
            0.6944395601272583,
            0.6710645751953125,
            0.6524513257980347,
            0.641463775730133,
            0.6269023118019104,
            0.6230589263916015,
            0.6109368940353394,
            0.6138742720603942,
            0.6055866167068481,
            0.6119356998443604,
            0.605540982246399,
            0.6118164801597595,
            0.607159375667572,
            0.6186275930404663
          ],
          "accs": [
            0.0762,
            0.6562,
            0.7913,
            0.8173,
            0.8414,
            0.852,
            0.8581,
            0.8663,
            0.8698,
            0.8729,
            0.8738,
            0.8755,
            0.874,
            0.8776,
            0.8743,
            0.8767,
            0.8739,
            0.8775,
            0.875,
            0.8789,
            0.8759
          ],
          "final_loss": 0.6186275930404663,
          "final_acc": 0.8759,
          "best_acc": 0.8789
        },
        {
          "seed": 2,
          "losses": [
            2.3506319480895996,
            1.4938334163665772,
            1.149004457092285,
            0.988461618900299,
            0.8771774253845215,
            0.803333192062378,
            0.7469487849235534,
            0.7049418150901794,
            0.6744948420524597,
            0.6506168655395508,
            0.6316011592864991,
            0.6150489156246185,
            0.6063529502868652,
            0.5932185935974121,
            0.588062174987793,
            0.5801800013542175,
            0.5778232357025147,
            0.5707190900802612,
            0.5711972010612488,
            0.5640616645812988,
            0.5661620767593384
          ],
          "accs": [
            0.0592,
            0.66,
            0.7623,
            0.8025,
            0.8274,
            0.8417,
            0.8532,
            0.8595,
            0.8661,
            0.8721,
            0.8714,
            0.8743,
            0.8724,
            0.877,
            0.8751,
            0.8766,
            0.8768,
            0.8778,
            0.878,
            0.8798,
            0.878
          ],
          "final_loss": 0.5661620767593384,
          "final_acc": 0.878,
          "best_acc": 0.8798
        },
        {
          "seed": 3,
          "losses": [
            2.353097548675537,
            1.5482779712677002,
            1.2098694355010986,
            1.0249238278388977,
            0.894764674282074,
            0.8271625350952149,
            0.7724373299598694,
            0.7399689891815185,
            0.7086212963104248,
            0.6896944678306579,
            0.6797283867835998,
            0.6685548641204834,
            0.6710241165161133,
            0.661880096244812,
            0.6703646546363831,
            0.6637770434379577,
            0.6741696639060974,
            0.6644166224479675,
            0.677029057598114,
            0.6717555349349975,
            0.6879563057899475
          ],
          "accs": [
            0.1087,
            0.6303,
            0.7265,
            0.7547,
            0.8074,
            0.8153,
            0.8431,
            0.8396,
            0.8586,
            0.857,
            0.8649,
            0.8648,
            0.8677,
            0.8689,
            0.8677,
            0.8666,
            0.8638,
            0.8684,
            0.8606,
            0.8659,
            0.8567
          ],
          "final_loss": 0.6879563057899475,
          "final_acc": 0.8567,
          "best_acc": 0.8689
        },
        {
          "seed": 4,
          "losses": [
            2.3153564609527586,
            1.473558381652832,
            1.1652272236824035,
            1.0265235180854797,
            0.9143681575775147,
            0.8538276859283447,
            0.8068435345649719,
            0.7776067971229553,
            0.7595597356796264,
            0.7408026958465577,
            0.7316274034500122,
            0.7186652089118958,
            0.7104673117637634,
            0.6974309404373169,
            0.6923072194099427,
            0.6822850824356079,
            0.6811868141174316,
            0.6724113821983337,
            0.6714050149917603,
            0.6595570234298707,
            0.6693838346481323
          ],
          "accs": [
            0.1047,
            0.593,
            0.7215,
            0.7704,
            0.8163,
            0.8328,
            0.8452,
            0.8526,
            0.8557,
            0.8597,
            0.862,
            0.8625,
            0.866,
            0.8636,
            0.8666,
            0.8645,
            0.8663,
            0.869,
            0.8644,
            0.8681,
            0.8607
          ],
          "final_loss": 0.6693838346481323,
          "final_acc": 0.8607,
          "best_acc": 0.869
        }
      ],
      "loss_mean": [
        2.341243822250366,
        1.5122142430114744,
        1.1644236596870425,
        0.9978984295463562,
        0.8792207400512695,
        0.8111385687065124,
        0.7590382670021057,
        0.7234226651382446,
        0.6973112600517273,
        0.675966387348175,
        0.6634237858200073,
        0.648147352514267,
        0.6429909859657288,
        0.6306502483177185,
        0.6298431086921692,
        0.6207138469886779,
        0.6233739044094087,
        0.6148995923614502,
        0.618736794834137,
        0.6110429107189178,
        0.6191455735397338
      ],