{
  "config": {
    "clients": 10,
    "labels_per_client": 1,
    "split": "label",
    "rounds": 4,
    "rank": 16,
    "local_epochs": 5,
    "batch_size": 64,
    "grad_clip": 1.0
  },
  "seeds": [
    0,
    1
  ],
  "num_seeds": 2,
  "checkpoint_rounds": [
    0,
    2,
    4
  ],
  "variants": {
    "base_lora": {
      "name": "LoRA",
      "per_seed": [
        {
          "seed": 0,
          "losses": [
            2.9032418449401853,
            1.9164099109649657,
            1.6813256025314331
          ],
          "accs": [
            0.1158,
            0.3043,
            0.4205
          ],
          "final_loss": 1.6813256025314331,
          "final_acc": 0.4205,
          "best_acc": 0.4205
        },
        {
          "seed": 1,
          "losses": [
            2.7917674118041993,
            1.8782267589569093,
            1.603414510345459
          ],
          "accs": [
            0.1254,
            0.334,
            0.4683
          ],
          "final_loss": 1.603414510345459,
          "final_acc": 0.4683,
          "best_acc": 0.4683
        }
      ],
      "loss_mean": [
        2.8475046283721923,
        1.8973183349609375,
        1.642370056438446
      ],
      "loss_sem": [
        0.05573721656799301,
        0.019091576004028218,
        0.038955546092987126
      ],
      "acc_mean": [
        0.12060000000000001,
        0.31915000000000004,
        0.4444
      ],
      "acc_sem": [
        0.004800000000000005,
        0.01485,
        0.023900000000000005
      ],
      "final_acc_mean": 0.4444,
      "final_acc_sem": 0.023900000000000005,
      "best_acc_mean": 0.4444,
      "best_acc_sem": 0.023900000000000005
    },
    "base_rolora": {
      "name": "RoLoRA",
      "per_seed": [
        {
          "seed": 0,
          "losses": [
            2.9032418449401853,
            1.890955989074707,
            1.5788895547866821
          ],
          "accs": [
            0.1158,
            0.3195,
            0.4656
          ],
          "final_loss": 1.5788895547866821,
          "final_acc": 0.4656,
          "best_acc": 0.4656
        },
        {
          "seed": 1,
          "losses": [
            2.7917674118041993,
            1.9178487730026246,
            1.572967129135132
          ],
          "accs": [
            0.1254,
            0.3238,
            0.4883
          ],
          "final_loss": 1.572967129135132,
          "final_acc": 0.4883,
          "best_acc": 0.4883
        }
      ],
      "loss_mean": [
        2.8475046283721923,
        1.9044023810386657,
        1.575928341960907
      ],
      "loss_sem": [
        0.05573721656799301,
        0.013446391963958802,
        0.002961212825775106
      ],
      "acc_mean": [
        0.12060000000000001,
        0.32165,
        0.47695
      ],
      "acc_sem": [
        0.004800000000000005,
        0.002149999999999985,
        0.011349999999999996
      ],
      "final_acc_mean": 0.47695,
      "final_acc_sem": 0.011349999999999996,
      "best_acc_mean": 0.47695,
      "best_acc_sem": 0.011349999999999996
    }
  }
}