{
  "config": {
    "clients": 10,
    "labels_per_client": 1,
    "split": "label",
    "rounds": 5,
    "rank": 16,
    "local_epochs": 5,
    "batch_size": 64,
    "grad_clip": 1.0
  },
  "seeds": [
    0,
    1
  ],
  "num_seeds": 2,
  "checkpoint_rounds": [
    0,
    1,
    2,
    3,
    4,
    5
  ],
  "variants": {
    "base_lora": {
      "name": "LoRA",
      "per_seed": [
        {
          "seed": 0,
          "losses": [
            2.9032418449401853,
            2.166151711654663,
            1.915901000213623,
            1.7775127988815307,
            1.6795571718215943,
            1.6061170639038085
          ],
          "accs": [
            0.1158,
            0.2265,
            0.3048,
            0.3723,
            0.4206,
            0.4549
          ],
          "final_loss": 1.6061170639038085,
          "final_acc": 0.4549,
          "best_acc": 0.4549
        },
        {
          "seed": 1,
          "losses": [
            2.7917674118041993,
            2.158504034423828,
            1.8775641605377198,
            1.716333935546875,
            1.6062264518737792,
            1.5273584199905395
          ],
          "accs": [
            0.1254,
            0.2319,
            0.3346,
            0.409,
            0.4685,
            0.5094
          ],
          "final_loss": 1.5273584199905395,
          "final_acc": 0.5094,
          "best_acc": 0.5094
        }
      ],
      "loss_mean": [
        2.8475046283721923,
        2.1623278730392457,
        1.8967325803756714,
        1.7469233672142028,
        1.6428918118476867,
        1.566737741947174
      ],
      "loss_sem": [
        0.05573721656799301,
        0.0038238386154174626,
        0.01916841983795159,
        0.03058943166732786,
        0.03666535997390751,
        0.03937932195663451
      ],
      "acc_mean": [
        0.12060000000000001,
        0.22920000000000001,
        0.3197,
        0.39065,
        0.44455,
        0.48214999999999997
      ],
      "acc_sem": [
        0.004800000000000005,
        0.0026999999999999936,
        0.014899999999999997,
        0.018349999999999977,
        0.023950000000000023,
        0.027249999999999965
      ],
      "final_acc_mean": 0.48214999999999997,
      "final_acc_sem": 0.027249999999999965,
      "best_acc_mean": 0.48214999999999997,
      "best_acc_sem": 0.027249999999999965
    },
    "base_ffa_lora": {
      "name": "FFA-LoRA",
      "per_seed": [
        {
          "seed": 0,
          "losses": [
            2.9032418449401853,
            2.064786373138428,
            1.819324332046509,
            1.6886068351745604,
            1.6026198713302613,
            1.5403897409439087
          ],
          "accs": [
            0.1158,
            0.255,
            0.3638,
            0.4304,
            0.474,
            0.5018
          ],
          "final_loss": 1.5403897409439087,
          "final_acc": 0.5018,
          "best_acc": 0.5018
        },
        {
          "seed": 1,
          "losses": [
            2.7917674118041993,
            2.0614400455474855,
            1.7833549375534057,
            1.6320075946807862,
            1.5371149940490723,
            1.474792638206482
          ],
          "accs": [
            0.1254,
            0.2631,
            0.3863,
            0.4754,
            0.5281,
            0.5568
          ],
          "final_loss": 1.474792638206482,
          "final_acc": 0.5568,
          "best_acc": 0.5568
        }
      ],
      "loss_mean": [
        2.8475046283721923,
        2.0631132093429567,
        1.8013396347999573,
        1.6603072149276734,
        1.5698674326896667,
        1.5075911895751952
      ],
      "loss_sem": [
        0.05573721656799301,
        0.001673163795471222,
        0.017984697246551603,
        0.028299620246887147,
        0.03275243864059452,
        0.03279855136871334
      ],
      "acc_mean": [
        0.12060000000000001,
        0.25905,
        0.37505,
        0.45289999999999997,
        0.50105,
        0.5293
      ],
      "acc_sem": [
        0.004800000000000005,
        0.004049999999999998,
        0.011249999999999982,
        0.022499999999999992,
        0.02705000000000002,
        0.027499999999999965
      ],
      "final_acc_mean": 0.5293,
      "final_acc_sem": 0.027499999999999965,
      "best_acc_mean": 0.5293,
      "best_acc_sem": 0.027499999999999965
    },
    "base_rolora": {
      "name": "RoLoRA",
      "per_seed": [
        {
          "seed": 0,
          "losses": [
            2.9032418449401853,
            2.064786373138428,
            1.8905022018432618,
            1.7031074682235718,
            1.5756849914550781,
            1.4700970264434814
          ],
          "accs": [
            0.1158,
            0.255,
            0.3204,
            0.4146,
            0.4685,
            0.521
          ],
          "final_loss": 1.4700970264434814,
          "final_acc": 0.521,
          "best_acc": 0.521
        },
        {
          "seed": 1,
          "losses": [
            2.7917674118041993,
            2.0614400455474855,
            1.917632181930542,
            1.670517702484131,
            1.5743102027893066,
            1.429883752632141
          ],
          "accs": [
            0.1254,
            0.2631,
            0.3232,
            0.4442,
            0.4882,
            0.564
          ],
          "final_loss": 1.429883752632141,
          "final_acc": 0.564,
          "best_acc": 0.564
        }
      ],
      "loss_mean": [
        2.8475046283721923,
        2.0631132093429567,
        1.9040671918869019,
        1.6868125853538514,
        1.5749975971221923,
        1.4499903895378112
      ],
      "loss_sem": [
        0.05573721656799301,
        0.001673163795471222,
        0.01356499004364009,
        0.016294882869720473,
        0.0006873943328857823,
        0.02010663690567016
      ],
      "acc_mean": [
        0.12060000000000001,
        0.25905,
        0.3218,
        0.4294,
        0.47835000000000005,
        0.5425
      ],
      "acc_sem": [
        0.004800000000000005,
        0.004049999999999998,
        0.0013999999999999844,
        0.014799999999999978,
        0.009849999999999998,
        0.02149999999999996
      ],
      "final_acc_mean": 0.5425,
      "final_acc_sem": 0.02149999999999996,
      "best_acc_mean": 0.5425,
      "best_acc_sem": 0.02149999999999996
    },
    "centralized": {
      "name": "Centralized (non-federated ceiling)",
      "per_seed": [
        {
          "seed": 0,
          "losses": [
            2.9032418449401853,
            0.1700284284710884,
            0.13663562396168707,
            0.11739119917154311,
            0.11087714505493641,
            0.10719494993686676
          ],
          "accs": [
            0.1158,
            0.9478,
            0.9561,
            0.9632,
            0.9667,
            0.9674
          ],
          "final_loss": 0.10719494993686676,
          "final_acc": 0.9674,
          "best_acc": 0.9674
        },
        {
          "seed": 1,
          "losses": [
            2.7917674118041993,
            0.17691596422195435,
            0.13406680154800416,
            0.1166623286306858,
            0.10371771784946322,
            0.10346001222468913
          ],
          "accs": [
            0.1254,
            0.9439,
            0.9584,
            0.9626,
            0.9671,
            0.9671
          ],
          "final_loss": 0.10346001222468913,
          "final_acc": 0.9671,
          "best_acc": 0.9671
        }
      ],
      "loss_mean": [
        2.8475046283721923,
        0.1734721963465214,
        0.13535121275484563,
        0.11702676390111447,
        0.10729743145219982,
        0.10532748108077794
      ],