# repo: /Users/vliftode/personal/scalable-learning
# git_sha: b77ba76
# config: experiments/configs/overnight_local_qnli.yaml
# mode: rolora
# tag: rolora_sgd
# overrides: (none)
# started_at_utc: 2026-05-26T23:27:44Z
2026-05-27 01:27:46,002 (cfg_fl_setting:228)WARNING: We found the number of gpu is insufficient, thus cfg.federate.process_num=0
[38;5;39m2026-05-27 01:27:46,014 (logging:132) INFO: the current machine is at 127.0.0.1[0m
[38;5;39m2026-05-27 01:27:46,015 (logging:134) INFO: the current dir is /Users/vliftode/personal/scalable-learning[0m
[38;5;39m2026-05-27 01:27:46,015 (logging:135) INFO: the output dir is exp/rolora_sgd_73737_1779838064011580000/FedAvg_roberta-base@huggingface_llm_on_qnli.json@llm_lr0.005_lstep20[0m
/Users/vliftode/personal/scalable-learning/code/harness/rolora-supplement/RoLoRA-code/.venv-supplement/lib/python3.9/site-packages/urllib3/__init__.py:35: NotOpenSSLWarning: urllib3 v2 only supports OpenSSL 1.1.1+, currently the 'ssl' module is compiled with 'LibreSSL 2.8.3'. See: https://github.com/urllib3/urllib3/issues/3020
  warnings.warn(
/Users/vliftode/personal/scalable-learning/code/harness/rolora-supplement/RoLoRA-code/.venv-supplement/lib/python3.9/site-packages/huggingface_hub/file_download.py:949: FutureWarning: `resume_download` is deprecated and will be removed in version 1.0.0. Downloads always resume when possible. If you want to force a new download, use `force_download=True`.
  warnings.warn(
Be aware, overflowing tokens are not returned for the setting you have chosen, i.e. sequence pairs with the 'longest_first' truncation strategy. So the returned list will always be empty even if some tokens have been removed.
Be aware, overflowing tokens are not returned for the setting you have chosen, i.e. sequence pairs with the 'longest_first' truncation strategy. So the returned list will always be empty even if some tokens have been removed.
Be aware, overflowing tokens are not returned for the setting you have chosen, i.e. sequence pairs with the 'longest_first' truncation strategy. So the returned list will always be empty even if some tokens have been removed.
Be aware, overflowing tokens are not returned for the setting you have chosen, i.e. sequence pairs with the 'longest_first' truncation strategy. So the returned list will always be empty even if some tokens have been removed.
Be aware, overflowing tokens are not returned for the setting you have chosen, i.e. sequence pairs with the 'longest_first' truncation strategy. So the returned list will always be empty even if some tokens have been removed.
Be aware, overflowing tokens are not returned for the setting you have chosen, i.e. sequence pairs with the 'longest_first' truncation strategy. So the returned list will always be empty even if some tokens have been removed.
Be aware, overflowing tokens are not returned for the setting you have chosen, i.e. sequence pairs with the 'longest_first' truncation strategy. So the returned list will always be empty even if some tokens have been removed.
Be aware, overflowing tokens are not returned for the setting you have chosen, i.e. sequence pairs with the 'longest_first' truncation strategy. So the returned list will always be empty even if some tokens have been removed.
Be aware, overflowing tokens are not returned for the setting you have chosen, i.e. sequence pairs with the 'longest_first' truncation strategy. So the returned list will always be empty even if some tokens have been removed.
Be aware, overflowing tokens are not returned for the setting you have chosen, i.e. sequence pairs with the 'longest_first' truncation strategy. So the returned list will always be empty even if some tokens have been removed.
Be aware, overflowing tokens are not returned for the setting you have chosen, i.e. sequence pairs with the 'longest_first' truncation strategy. So the returned list will always be empty even if some tokens have been removed.
Be aware, overflowing tokens are not returned for the setting you have chosen, i.e. sequence pairs with the 'longest_first' truncation strategy. So the returned list will always be empty even if some tokens have been removed.
Be aware, overflowing tokens are not returned for the setting you have chosen, i.e. sequence pairs with the 'longest_first' truncation strategy. So the returned list will always be empty even if some tokens have been removed.
Be aware, overflowing tokens are not returned for the setting you have chosen, i.e. sequence pairs with the 'longest_first' truncation strategy. So the returned list will always be empty even if some tokens have been removed.
Be aware, overflowing tokens are not returned for the setting you have chosen, i.e. sequence pairs with the 'longest_first' truncation strategy. So the returned list will always be empty even if some tokens have been removed.
Be aware, overflowing tokens are not returned for the setting you have chosen, i.e. sequence pairs with the 'longest_first' truncation strategy. So the returned list will always be empty even if some tokens have been removed.
Be aware, overflowing tokens are not returned for the setting you have chosen, i.e. sequence pairs with the 'longest_first' truncation strategy. So the returned list will always be empty even if some tokens have been removed.
Be aware, overflowing tokens are not returned for the setting you have chosen, i.e. sequence pairs with the 'longest_first' truncation strategy. So the returned list will always be empty even if some tokens have been removed.
Be aware, overflowing tokens are not returned for the setting you have chosen, i.e. sequence pairs with the 'longest_first' truncation strategy. So the returned list will always be empty even if some tokens have been removed.
Be aware, overflowing tokens are not returned for the setting you have chosen, i.e. sequence pairs with the 'longest_first' truncation strategy. So the returned list will always be empty even if some tokens have been removed.
Be aware, overflowing tokens are not returned for the setting you have chosen, i.e. sequence pairs with the 'longest_first' truncation strategy. So the returned list will always be empty even if some tokens have been removed.
Be aware, overflowing tokens are not returned for the setting you have chosen, i.e. sequence pairs with the 'longest_first' truncation strategy. So the returned list will always be empty even if some tokens have been removed.
Be aware, overflowing tokens are not returned for the setting you have chosen, i.e. sequence pairs with the 'longest_first' truncation strategy. So the returned list will always be empty even if some tokens have been removed.
Be aware, overflowing tokens are not returned for the setting you have chosen, i.e. sequence pairs with the 'longest_first' truncation strategy. So the returned list will always be empty even if some tokens have been removed.
Be aware, overflowing tokens are not returned for the setting you have chosen, i.e. sequence pairs with the 'longest_first' truncation strategy. So the returned list will always be empty even if some tokens have been removed.
Be aware, overflowing tokens are not returned for the setting you have chosen, i.e. sequence pairs with the 'longest_first' truncation strategy. So the returned list will always be empty even if some tokens have been removed.
Be aware, overflowing tokens are not returned for the setting you have chosen, i.e. sequence pairs with the 'longest_first' truncation strategy. So the returned list will always be empty even if some tokens have been removed.
Be aware, overflowing tokens are not returned for the setting you have chosen, i.e. sequence pairs with the 'longest_first' truncation strategy. So the returned list will always be empty even if some tokens have been removed.
Be aware, overflowing tokens are not returned for the setting you have chosen, i.e. sequence pairs with the 'longest_first' truncation strategy. So the returned list will always be empty even if some tokens have been removed.
Be aware, overflowing tokens are not returned for the setting you have chosen, i.e. sequence pairs with the 'longest_first' truncation strategy. So the returned list will always be empty even if some tokens have been removed.
Be aware, overflowing tokens are not returned for the setting you have chosen, i.e. sequence pairs with the 'longest_first' truncation strategy. So the returned list will always be empty even if some tokens have been removed.
Be aware, overflowing tokens are not returned for the setting you have chosen, i.e. sequence pairs with the 'longest_first' truncation strategy. So the returned list will always be empty even if some tokens have been removed.
Be aware, overflowing tokens are not returned for the setting you have chosen, i.e. sequence pairs with the 'longest_first' truncation strategy. So the returned list will always be empty even if some tokens have been removed.
Be aware, overflowing tokens are not returned for the setting you have chosen, i.e. sequence pairs with the 'longest_first' truncation strategy. So the returned list will always be empty even if some tokens have been removed.
Be aware, overflowing tokens are not returned for the setting you have chosen, i.e. sequence pairs with the 'longest_first' truncation strategy. So the returned list will always be empty even if some tokens have been removed.
Be aware, overflowing tokens are not returned for the setting you have chosen, i.e. sequence pairs with the 'longest_first' truncation strategy. So the returned list will always be empty even if some tokens have been removed.
Be aware, overflowing tokens are not returned for the setting you have chosen, i.e. sequence pairs with the 'longest_first' truncation strategy. So the returned list will always be empty even if some tokens have been removed.
Be aware, overflowing tokens are not returned for the setting you have chosen, i.e. sequence pairs with the 'longest_first' truncation strategy. So the returned list will always be empty even if some tokens have been removed.
Be aware, overflowing tokens are not returned for the setting you have chosen, i.e. sequence pairs with the 'longest_first' truncation strategy. So the returned list will always be empty even if some tokens have been removed.
Be aware, overflowing tokens are not returned for the setting you have chosen, i.e. sequence pairs with the 'longest_first' truncation strategy. So the returned list will always be empty even if some tokens have been removed.
Be aware, overflowing tokens are not returned for the setting you have chosen, i.e. sequence pairs with the 'longest_first' truncation strategy. So the returned list will always be empty even if some tokens have been removed.
Be aware, overflowing tokens are not returned for the setting you have chosen, i.e. sequence pairs with the 'longest_first' truncation strategy. So the returned list will always be empty even if some tokens have been removed.
Be aware, overflowing tokens are not returned for the setting you have chosen, i.e. sequence pairs with the 'longest_first' truncation strategy. So the returned list will always be empty even if some tokens have been removed.
Be aware, overflowing tokens are not returned for the setting you have chosen, i.e. sequence pairs with the 'longest_first' truncation strategy. So the returned list will always be empty even if some tokens have been removed.
Be aware, overflowing tokens are not returned for the setting you have chosen, i.e. sequence pairs with the 'longest_first' truncation strategy. So the returned list will always be empty even if some tokens have been removed.
Be aware, overflowing tokens are not returned for the setting you have chosen, i.e. sequence pairs with the 'longest_first' truncation strategy. So the returned list will always be empty even if some tokens have been removed.
Be aware, overflowing tokens are not returned for the setting you have chosen, i.e. sequence pairs with the 'longest_first' truncation strategy. So the returned list will always be empty even if some tokens have been removed.
Be aware, overflowing tokens are not returned for the setting you have chosen, i.e. sequence pairs with the 'longest_first' truncation strategy. So the returned list will always be empty even if some tokens have been removed.
Be aware, overflowing tokens are not returned for the setting you have chosen, i.e. sequence pairs with the 'longest_first' truncation strategy. So the returned list will always be empty even if some tokens have been removed.
Be aware, overflowing tokens are not returned for the setting you have chosen, i.e. sequence pairs with the 'longest_first' truncation strategy. So the returned list will always be empty even if some tokens have been removed.
Be aware, overflowing tokens are not returned for the setting you have chosen, i.e. sequence pairs with the 'longest_first' truncation strategy. So the returned list will always be empty even if some tokens have been removed.
Be aware, overflowing tokens are not returned for the setting you have chosen, i.e. sequence pairs with the 'longest_first' truncation strategy. So the returned list will always be empty even if some tokens have been removed.
Be aware, overflowing tokens are not returned for the setting you have chosen, i.e. sequence pairs with the 'longest_first' truncation strategy. So the returned list will always be empty even if some tokens have been removed.
Be aware, overflowing tokens are not returned for the setting you have chosen, i.e. sequence pairs with the 'longest_first' truncation strategy. So the returned list will always be empty even if some tokens have been removed.
Be aware, overflowing tokens are not returned for the setting you have chosen, i.e. sequence pairs with the 'longest_first' truncation strategy. So the returned list will always be empty even if some tokens have been removed.
Be aware, overflowing tokens are not returned for the setting you have chosen, i.e. sequence pairs with the 'longest_first' truncation strategy. So the returned list will always be empty even if some tokens have been removed.
Be aware, overflowing tokens are not returned for the setting you have chosen, i.e. sequence pairs with the 'longest_first' truncation strategy. So the returned list will always be empty even if some tokens have been removed.
Be aware, overflowing tokens are not returned for the setting you have chosen, i.e. sequence pairs with the 'longest_first' truncation strategy. So the returned list will always be empty even if some tokens have been removed.
Be aware, overflowing tokens are not returned for the setting you have chosen, i.e. sequence pairs with the 'longest_first' truncation strategy. So the returned list will always be empty even if some tokens have been removed.
Be aware, overflowing tokens are not returned for the setting you have chosen, i.e. sequence pairs with the 'longest_first' truncation strategy. So the returned list will always be empty even if some tokens have been removed.
Be aware, overflowing tokens are not returned for the setting you have chosen, i.e. sequence pairs with the 'longest_first' truncation strategy. So the returned list will always be empty even if some tokens have been removed.
Be aware, overflowing tokens are not returned for the setting you have chosen, i.e. sequence pairs with the 'longest_first' truncation strategy. So the returned list will always be empty even if some tokens have been removed.
Be aware, overflowing tokens are not returned for the setting you have chosen, i.e. sequence pairs with the 'longest_first' truncation strategy. So the returned list will always be empty even if some tokens have been removed.
Be aware, overflowing tokens are not returned for the setting you have chosen, i.e. sequence pairs with the 'longest_first' truncation strategy. So the returned list will always be empty even if some tokens have been removed.
Be aware, overflowing tokens are not returned for the setting you have chosen, i.e. sequence pairs with the 'longest_first' truncation strategy. So the returned list will always be empty even if some tokens have been removed.
Be aware, overflowing tokens are not returned for the setting you have chosen, i.e. sequence pairs with the 'longest_first' truncation strategy. So the returned list will always be empty even if some tokens have been removed.
Be aware, overflowing tokens are not returned for the setting you have chosen, i.e. sequence pairs with the 'longest_first' truncation strategy. So the returned list will always be empty even if some tokens have been removed.
Be aware, overflowing tokens are not returned for the setting you have chosen, i.e. sequence pairs with the 'longest_first' truncation strategy. So the returned list will always be empty even if some tokens have been removed.
Be aware, overflowing tokens are not returned for the setting you have chosen, i.e. sequence pairs with the 'longest_first' truncation strategy. So the returned list will always be empty even if some tokens have been removed.
Be aware, overflowing tokens are not returned for the setting you have chosen, i.e. sequence pairs with the 'longest_first' truncation strategy. So the returned list will always be empty even if some tokens have been removed.
Be aware, overflowing tokens are not returned for the setting you have chosen, i.e. sequence pairs with the 'longest_first' truncation strategy. So the returned list will always be empty even if some tokens have been removed.
Be aware, overflowing tokens are not returned for the setting you have chosen, i.e. sequence pairs with the 'longest_first' truncation strategy. So the returned list will always be empty even if some tokens have been removed.
Be aware, overflowing tokens are not returned for the setting you have chosen, i.e. sequence pairs with the 'longest_first' truncation strategy. So the returned list will always be empty even if some tokens have been removed.
Be aware, overflowing tokens are not returned for the setting you have chosen, i.e. sequence pairs with the 'longest_first' truncation strategy. So the returned list will always be empty even if some tokens have been removed.
Be aware, overflowing tokens are not returned for the setting you have chosen, i.e. sequence pairs with the 'longest_first' truncation strategy. So the returned list will always be empty even if some tokens have been removed.
Be aware, overflowing tokens are not returned for the setting you have chosen, i.e. sequence pairs with the 'longest_first' truncation strategy. So the returned list will always be empty even if some tokens have been removed.
Be aware, overflowing tokens are not returned for the setting you have chosen, i.e. sequence pairs with the 'longest_first' truncation strategy. So the returned list will always be empty even if some tokens have been removed.
Be aware, overflowing tokens are not returned for the setting you have chosen, i.e. sequence pairs with the 'longest_first' truncation strategy. So the returned list will always be empty even if some tokens have been removed.
Be aware, overflowing tokens are not returned for the setting you have chosen, i.e. sequence pairs with the 'longest_first' truncation strategy. So the returned list will always be empty even if some tokens have been removed.
Be aware, overflowing tokens are not returned for the setting you have chosen, i.e. sequence pairs with the 'longest_first' truncation strategy. So the returned list will always be empty even if some tokens have been removed.
Be aware, overflowing tokens are not returned for the setting you have chosen, i.e. sequence pairs with the 'longest_first' truncation strategy. So the returned list will always be empty even if some tokens have been removed.
Be aware, overflowing tokens are not returned for the setting you have chosen, i.e. sequence pairs with the 'longest_first' truncation strategy. So the returned list will always be empty even if some tokens have been removed.
Be aware, overflowing tokens are not returned for the setting you have chosen, i.e. sequence pairs with the 'longest_first' truncation strategy. So the returned list will always be empty even if some tokens have been removed.
Be aware, overflowing tokens are not returned for the setting you have chosen, i.e. sequence pairs with the 'longest_first' truncation strategy. So the returned list will always be empty even if some tokens have been removed.
Be aware, overflowing tokens are not returned for the setting you have chosen, i.e. sequence pairs with the 'longest_first' truncation strategy. So the returned list will always be empty even if some tokens have been removed.
Be aware, overflowing tokens are not returned for the setting you have chosen, i.e. sequence pairs with the 'longest_first' truncation strategy. So the returned list will always be empty even if some tokens have been removed.
Be aware, overflowing tokens are not returned for the setting you have chosen, i.e. sequence pairs with the 'longest_first' truncation strategy. So the returned list will always be empty even if some tokens have been removed.
Be aware, overflowing tokens are not returned for the setting you have chosen, i.e. sequence pairs with the 'longest_first' truncation strategy. So the returned list will always be empty even if some tokens have been removed.
Be aware, overflowing tokens are not returned for the setting you have chosen, i.e. sequence pairs with the 'longest_first' truncation strategy. So the returned list will always be empty even if some tokens have been removed.
Be aware, overflowing tokens are not returned for the setting you have chosen, i.e. sequence pairs with the 'longest_first' truncation strategy. So the returned list will always be empty even if some tokens have been removed.
Be aware, overflowing tokens are not returned for the setting you have chosen, i.e. sequence pairs with the 'longest_first' truncation strategy. So the returned list will always be empty even if some tokens have been removed.
Be aware, overflowing tokens are not returned for the setting you have chosen, i.e. sequence pairs with the 'longest_first' truncation strategy. So the returned list will always be empty even if some tokens have been removed.
Be aware, overflowing tokens are not returned for the setting you have chosen, i.e. sequence pairs with the 'longest_first' truncation strategy. So the returned list will always be empty even if some tokens have been removed.
Be aware, overflowing tokens are not returned for the setting you have chosen, i.e. sequence pairs with the 'longest_first' truncation strategy. So the returned list will always be empty even if some tokens have been removed.
Be aware, overflowing tokens are not returned for the setting you have chosen, i.e. sequence pairs with the 'longest_first' truncation strategy. So the returned list will always be empty even if some tokens have been removed.
Be aware, overflowing tokens are not returned for the setting you have chosen, i.e. sequence pairs with the 'longest_first' truncation strategy. So the returned list will always be empty even if some tokens have been removed.
Be aware, overflowing tokens are not returned for the setting you have chosen, i.e. sequence pairs with the 'longest_first' truncation strategy. So the returned list will always be empty even if some tokens have been removed.
Be aware, overflowing tokens are not returned for the setting you have chosen, i.e. sequence pairs with the 'longest_first' truncation strategy. So the returned list will always be empty even if some tokens have been removed.
Be aware, overflowing tokens are not returned for the setting you have chosen, i.e. sequence pairs with the 'longest_first' truncation strategy. So the returned list will always be empty even if some tokens have been removed.
Be aware, overflowing tokens are not returned for the setting you have chosen, i.e. sequence pairs with the 'longest_first' truncation strategy. So the returned list will always be empty even if some tokens have been removed.
Be aware, overflowing tokens are not returned for the setting you have chosen, i.e. sequence pairs with the 'longest_first' truncation strategy. So the returned list will always be empty even if some tokens have been removed.
Be aware, overflowing tokens are not returned for the setting you have chosen, i.e. sequence pairs with the 'longest_first' truncation strategy. So the returned list will always be empty even if some tokens have been removed.
Be aware, overflowing tokens are not returned for the setting you have chosen, i.e. sequence pairs with the 'longest_first' truncation strategy. So the returned list will always be empty even if some tokens have been removed.
Be aware, overflowing tokens are not returned for the setting you have chosen, i.e. sequence pairs with the 'longest_first' truncation strategy. So the returned list will always be empty even if some tokens have been removed.
Be aware, overflowing tokens are not returned for the setting you have chosen, i.e. sequence pairs with the 'longest_first' truncation strategy. So the returned list will always be empty even if some tokens have been removed.
Be aware, overflowing tokens are not returned for the setting you have chosen, i.e. sequence pairs with the 'longest_first' truncation strategy. So the returned list will always be empty even if some tokens have been removed.
Be aware, overflowing tokens are not returned for the setting you have chosen, i.e. sequence pairs with the 'longest_first' truncation strategy. So the returned list will always be empty even if some tokens have been removed.
Be aware, overflowing tokens are not returned for the setting you have chosen, i.e. sequence pairs with the 'longest_first' truncation strategy. So the returned list will always be empty even if some tokens have been removed.
Be aware, overflowing tokens are not returned for the setting you have chosen, i.e. sequence pairs with the 'longest_first' truncation strategy. So the returned list will always be empty even if some tokens have been removed.
Be aware, overflowing tokens are not returned for the setting you have chosen, i.e. sequence pairs with the 'longest_first' truncation strategy. So the returned list will always be empty even if some tokens have been removed.
Be aware, overflowing tokens are not returned for the setting you have chosen, i.e. sequence pairs with the 'longest_first' truncation strategy. So the returned list will always be empty even if some tokens have been removed.
Be aware, overflowing tokens are not returned for the setting you have chosen, i.e. sequence pairs with the 'longest_first' truncation strategy. So the returned list will always be empty even if some tokens have been removed.
Be aware, overflowing tokens are not returned for the setting you have chosen, i.e. sequence pairs with the 'longest_first' truncation strategy. So the returned list will always be empty even if some tokens have been removed.
Be aware, overflowing tokens are not returned for the setting you have chosen, i.e. sequence pairs with the 'longest_first' truncation strategy. So the returned list will always be empty even if some tokens have been removed.
Be aware, overflowing tokens are not returned for the setting you have chosen, i.e. sequence pairs with the 'longest_first' truncation strategy. So the returned list will always be empty even if some tokens have been removed.
Be aware, overflowing tokens are not returned for the setting you have chosen, i.e. sequence pairs with the 'longest_first' truncation strategy. So the returned list will always be empty even if some tokens have been removed.
Be aware, overflowing tokens are not returned for the setting you have chosen, i.e. sequence pairs with the 'longest_first' truncation strategy. So the returned list will always be empty even if some tokens have been removed.
Be aware, overflowing tokens are not returned for the setting you have chosen, i.e. sequence pairs with the 'longest_first' truncation strategy. So the returned list will always be empty even if some tokens have been removed.
Be aware, overflowing tokens are not returned for the setting you have chosen, i.e. sequence pairs with the 'longest_first' truncation strategy. So the returned list will always be empty even if some tokens have been removed.
Be aware, overflowing tokens are not returned for the setting you have chosen, i.e. sequence pairs with the 'longest_first' truncation strategy. So the returned list will always be empty even if some tokens have been removed.
Be aware, overflowing tokens are not returned for the setting you have chosen, i.e. sequence pairs with the 'longest_first' truncation strategy. So the returned list will always be empty even if some tokens have been removed.
Be aware, overflowing tokens are not returned for the setting you have chosen, i.e. sequence pairs with the 'longest_first' truncation strategy. So the returned list will always be empty even if some tokens have been removed.
Be aware, overflowing tokens are not returned for the setting you have chosen, i.e. sequence pairs with the 'longest_first' truncation strategy. So the returned list will always be empty even if some tokens have been removed.
Be aware, overflowing tokens are not returned for the setting you have chosen, i.e. sequence pairs with the 'longest_first' truncation strategy. So the returned list will always be empty even if some tokens have been removed.
Be aware, overflowing tokens are not returned for the setting you have chosen, i.e. sequence pairs with the 'longest_first' truncation strategy. So the returned list will always be empty even if some tokens have been removed.
Be aware, overflowing tokens are not returned for the setting you have chosen, i.e. sequence pairs with the 'longest_first' truncation strategy. So the returned list will always be empty even if some tokens have been removed.
Be aware, overflowing tokens are not returned for the setting you have chosen, i.e. sequence pairs with the 'longest_first' truncation strategy. So the returned list will always be empty even if some tokens have been removed.
Be aware, overflowing tokens are not returned for the setting you have chosen, i.e. sequence pairs with the 'longest_first' truncation strategy. So the returned list will always be empty even if some tokens have been removed.
Be aware, overflowing tokens are not returned for the setting you have chosen, i.e. sequence pairs with the 'longest_first' truncation strategy. So the returned list will always be empty even if some tokens have been removed.
Be aware, overflowing tokens are not returned for the setting you have chosen, i.e. sequence pairs with the 'longest_first' truncation strategy. So the returned list will always be empty even if some tokens have been removed.
Be aware, overflowing tokens are not returned for the setting you have chosen, i.e. sequence pairs with the 'longest_first' truncation strategy. So the returned list will always be empty even if some tokens have been removed.
Be aware, overflowing tokens are not returned for the setting you have chosen, i.e. sequence pairs with the 'longest_first' truncation strategy. So the returned list will always be empty even if some tokens have been removed.
Be aware, overflowing tokens are not returned for the setting you have chosen, i.e. sequence pairs with the 'longest_first' truncation strategy. So the returned list will always be empty even if some tokens have been removed.
Be aware, overflowing tokens are not returned for the setting you have chosen, i.e. sequence pairs with the 'longest_first' truncation strategy. So the returned list will always be empty even if some tokens have been removed.
Be aware, overflowing tokens are not returned for the setting you have chosen, i.e. sequence pairs with the 'longest_first' truncation strategy. So the returned list will always be empty even if some tokens have been removed.
Be aware, overflowing tokens are not returned for the setting you have chosen, i.e. sequence pairs with the 'longest_first' truncation strategy. So the returned list will always be empty even if some tokens have been removed.
Be aware, overflowing tokens are not returned for the setting you have chosen, i.e. sequence pairs with the 'longest_first' truncation strategy. So the returned list will always be empty even if some tokens have been removed.
Be aware, overflowing tokens are not returned for the setting you have chosen, i.e. sequence pairs with the 'longest_first' truncation strategy. So the returned list will always be empty even if some tokens have been removed.
Be aware, overflowing tokens are not returned for the setting you have chosen, i.e. sequence pairs with the 'longest_first' truncation strategy. So the returned list will always be empty even if some tokens have been removed.
Be aware, overflowing tokens are not returned for the setting you have chosen, i.e. sequence pairs with the 'longest_first' truncation strategy. So the returned list will always be empty even if some tokens have been removed.
Be aware, overflowing tokens are not returned for the setting you have chosen, i.e. sequence pairs with the 'longest_first' truncation strategy. So the returned list will always be empty even if some tokens have been removed.
Be aware, overflowing tokens are not returned for the setting you have chosen, i.e. sequence pairs with the 'longest_first' truncation strategy. So the returned list will always be empty even if some tokens have been removed.
Be aware, overflowing tokens are not returned for the setting you have chosen, i.e. sequence pairs with the 'longest_first' truncation strategy. So the returned list will always be empty even if some tokens have been removed.
Be aware, overflowing tokens are not returned for the setting you have chosen, i.e. sequence pairs with the 'longest_first' truncation strategy. So the returned list will always be empty even if some tokens have been removed.
Be aware, overflowing tokens are not returned for the setting you have chosen, i.e. sequence pairs with the 'longest_first' truncation strategy. So the returned list will always be empty even if some tokens have been removed.
Be aware, overflowing tokens are not returned for the setting you have chosen, i.e. sequence pairs with the 'longest_first' truncation strategy. So the returned list will always be empty even if some tokens have been removed.
Be aware, overflowing tokens are not returned for the setting you have chosen, i.e. sequence pairs with the 'longest_first' truncation strategy. So the returned list will always be empty even if some tokens have been removed.
Be aware, overflowing tokens are not returned for the setting you have chosen, i.e. sequence pairs with the 'longest_first' truncation strategy. So the returned list will always be empty even if some tokens have been removed.
Be aware, overflowing tokens are not returned for the setting you have chosen, i.e. sequence pairs with the 'longest_first' truncation strategy. So the returned list will always be empty even if some tokens have been removed.
Be aware, overflowing tokens are not returned for the setting you have chosen, i.e. sequence pairs with the 'longest_first' truncation strategy. So the returned list will always be empty even if some tokens have been removed.
Be aware, overflowing tokens are not returned for the setting you have chosen, i.e. sequence pairs with the 'longest_first' truncation strategy. So the returned list will always be empty even if some tokens have been removed.
Be aware, overflowing tokens are not returned for the setting you have chosen, i.e. sequence pairs with the 'longest_first' truncation strategy. So the returned list will always be empty even if some tokens have been removed.
Be aware, overflowing tokens are not returned for the setting you have chosen, i.e. sequence pairs with the 'longest_first' truncation strategy. So the returned list will always be empty even if some tokens have been removed.
Be aware, overflowing tokens are not returned for the setting you have chosen, i.e. sequence pairs with the 'longest_first' truncation strategy. So the returned list will always be empty even if some tokens have been removed.
Be aware, overflowing tokens are not returned for the setting you have chosen, i.e. sequence pairs with the 'longest_first' truncation strategy. So the returned list will always be empty even if some tokens have been removed.
Be aware, overflowing tokens are not returned for the setting you have chosen, i.e. sequence pairs with the 'longest_first' truncation strategy. So the returned list will always be empty even if some tokens have been removed.
Be aware, overflowing tokens are not returned for the setting you have chosen, i.e. sequence pairs with the 'longest_first' truncation strategy. So the returned list will always be empty even if some tokens have been removed.
Be aware, overflowing tokens are not returned for the setting you have chosen, i.e. sequence pairs with the 'longest_first' truncation strategy. So the returned list will always be empty even if some tokens have been removed.
Be aware, overflowing tokens are not returned for the setting you have chosen, i.e. sequence pairs with the 'longest_first' truncation strategy. So the returned list will always be empty even if some tokens have been removed.
Be aware, overflowing tokens are not returned for the setting you have chosen, i.e. sequence pairs with the 'longest_first' truncation strategy. So the returned list will always be empty even if some tokens have been removed.
Be aware, overflowing tokens are not returned for the setting you have chosen, i.e. sequence pairs with the 'longest_first' truncation strategy. So the returned list will always be empty even if some tokens have been removed.
Be aware, overflowing tokens are not returned for the setting you have chosen, i.e. sequence pairs with the 'longest_first' truncation strategy. So the returned list will always be empty even if some tokens have been removed.
Be aware, overflowing tokens are not returned for the setting you have chosen, i.e. sequence pairs with the 'longest_first' truncation strategy. So the returned list will always be empty even if some tokens have been removed.
Be aware, overflowing tokens are not returned for the setting you have chosen, i.e. sequence pairs with the 'longest_first' truncation strategy. So the returned list will always be empty even if some tokens have been removed.
Be aware, overflowing tokens are not returned for the setting you have chosen, i.e. sequence pairs with the 'longest_first' truncation strategy. So the returned list will always be empty even if some tokens have been removed.
Be aware, overflowing tokens are not returned for the setting you have chosen, i.e. sequence pairs with the 'longest_first' truncation strategy. So the returned list will always be empty even if some tokens have been removed.
Be aware, overflowing tokens are not returned for the setting you have chosen, i.e. sequence pairs with the 'longest_first' truncation strategy. So the returned list will always be empty even if some tokens have been removed.
Be aware, overflowing tokens are not returned for the setting you have chosen, i.e. sequence pairs with the 'longest_first' truncation strategy. So the returned list will always be empty even if some tokens have been removed.
Be aware, overflowing tokens are not returned for the setting you have chosen, i.e. sequence pairs with the 'longest_first' truncation strategy. So the returned list will always be empty even if some tokens have been removed.
Be aware, overflowing tokens are not returned for the setting you have chosen, i.e. sequence pairs with the 'longest_first' truncation strategy. So the returned list will always be empty even if some tokens have been removed.
Be aware, overflowing tokens are not returned for the setting you have chosen, i.e. sequence pairs with the 'longest_first' truncation strategy. So the returned list will always be empty even if some tokens have been removed.
Be aware, overflowing tokens are not returned for the setting you have chosen, i.e. sequence pairs with the 'longest_first' truncation strategy. So the returned list will always be empty even if some tokens have been removed.
Be aware, overflowing tokens are not returned for the setting you have chosen, i.e. sequence pairs with the 'longest_first' truncation strategy. So the returned list will always be empty even if some tokens have been removed.
Be aware, overflowing tokens are not returned for the setting you have chosen, i.e. sequence pairs with the 'longest_first' truncation strategy. So the returned list will always be empty even if some tokens have been removed.
Be aware, overflowing tokens are not returned for the setting you have chosen, i.e. sequence pairs with the 'longest_first' truncation strategy. So the returned list will always be empty even if some tokens have been removed.
Be aware, overflowing tokens are not returned for the setting you have chosen, i.e. sequence pairs with the 'longest_first' truncation strategy. So the returned list will always be empty even if some tokens have been removed.
Be aware, overflowing tokens are not returned for the setting you have chosen, i.e. sequence pairs with the 'longest_first' truncation strategy. So the returned list will always be empty even if some tokens have been removed.
Be aware, overflowing tokens are not returned for the setting you have chosen, i.e. sequence pairs with the 'longest_first' truncation strategy. So the returned list will always be empty even if some tokens have been removed.
Be aware, overflowing tokens are not returned for the setting you have chosen, i.e. sequence pairs with the 'longest_first' truncation strategy. So the returned list will always be empty even if some tokens have been removed.
Be aware, overflowing tokens are not returned for the setting you have chosen, i.e. sequence pairs with the 'longest_first' truncation strategy. So the returned list will always be empty even if some tokens have been removed.
Be aware, overflowing tokens are not returned for the setting you have chosen, i.e. sequence pairs with the 'longest_first' truncation strategy. So the returned list will always be empty even if some tokens have been removed.
Be aware, overflowing tokens are not returned for the setting you have chosen, i.e. sequence pairs with the 'longest_first' truncation strategy. So the returned list will always be empty even if some tokens have been removed.
Be aware, overflowing tokens are not returned for the setting you have chosen, i.e. sequence pairs with the 'longest_first' truncation strategy. So the returned list will always be empty even if some tokens have been removed.
Be aware, overflowing tokens are not returned for the setting you have chosen, i.e. sequence pairs with the 'longest_first' truncation strategy. So the returned list will always be empty even if some tokens have been removed.
Be aware, overflowing tokens are not returned for the setting you have chosen, i.e. sequence pairs with the 'longest_first' truncation strategy. So the returned list will always be empty even if some tokens have been removed.
Be aware, overflowing tokens are not returned for the setting you have chosen, i.e. sequence pairs with the 'longest_first' truncation strategy. So the returned list will always be empty even if some tokens have been removed.
Be aware, overflowing tokens are not returned for the setting you have chosen, i.e. sequence pairs with the 'longest_first' truncation strategy. So the returned list will always be empty even if some tokens have been removed.
Be aware, overflowing tokens are not returned for the setting you have chosen, i.e. sequence pairs with the 'longest_first' truncation strategy. So the returned list will always be empty even if some tokens have been removed.
Be aware, overflowing tokens are not returned for the setting you have chosen, i.e. sequence pairs with the 'longest_first' truncation strategy. So the returned list will always be empty even if some tokens have been removed.
Be aware, overflowing tokens are not returned for the setting you have chosen, i.e. sequence pairs with the 'longest_first' truncation strategy. So the returned list will always be empty even if some tokens have been removed.
Be aware, overflowing tokens are not returned for the setting you have chosen, i.e. sequence pairs with the 'longest_first' truncation strategy. So the returned list will always be empty even if some tokens have been removed.
Be aware, overflowing tokens are not returned for the setting you have chosen, i.e. sequence pairs with the 'longest_first' truncation strategy. So the returned list will always be empty even if some tokens have been removed.
Be aware, overflowing tokens are not returned for the setting you have chosen, i.e. sequence pairs with the 'longest_first' truncation strategy. So the returned list will always be empty even if some tokens have been removed.
Be aware, overflowing tokens are not returned for the setting you have chosen, i.e. sequence pairs with the 'longest_first' truncation strategy. So the returned list will always be empty even if some tokens have been removed.
Be aware, overflowing tokens are not returned for the setting you have chosen, i.e. sequence pairs with the 'longest_first' truncation strategy. So the returned list will always be empty even if some tokens have been removed.
Be aware, overflowing tokens are not returned for the setting you have chosen, i.e. sequence pairs with the 'longest_first' truncation strategy. So the returned list will always be empty even if some tokens have been removed.
Be aware, overflowing tokens are not returned for the setting you have chosen, i.e. sequence pairs with the 'longest_first' truncation strategy. So the returned list will always be empty even if some tokens have been removed.
Be aware, overflowing tokens are not returned for the setting you have chosen, i.e. sequence pairs with the 'longest_first' truncation strategy. So the returned list will always be empty even if some tokens have been removed.
Be aware, overflowing tokens are not returned for the setting you have chosen, i.e. sequence pairs with the 'longest_first' truncation strategy. So the returned list will always be empty even if some tokens have been removed.
Be aware, overflowing tokens are not returned for the setting you have chosen, i.e. sequence pairs with the 'longest_first' truncation strategy. So the returned list will always be empty even if some tokens have been removed.
Be aware, overflowing tokens are not returned for the setting you have chosen, i.e. sequence pairs with the 'longest_first' truncation strategy. So the returned list will always be empty even if some tokens have been removed.
Be aware, overflowing tokens are not returned for the setting you have chosen, i.e. sequence pairs with the 'longest_first' truncation strategy. So the returned list will always be empty even if some tokens have been removed.
Be aware, overflowing tokens are not returned for the setting you have chosen, i.e. sequence pairs with the 'longest_first' truncation strategy. So the returned list will always be empty even if some tokens have been removed.
Be aware, overflowing tokens are not returned for the setting you have chosen, i.e. sequence pairs with the 'longest_first' truncation strategy. So the returned list will always be empty even if some tokens have been removed.
Be aware, overflowing tokens are not returned for the setting you have chosen, i.e. sequence pairs with the 'longest_first' truncation strategy. So the returned list will always be empty even if some tokens have been removed.
Be aware, overflowing tokens are not returned for the setting you have chosen, i.e. sequence pairs with the 'longest_first' truncation strategy. So the returned list will always be empty even if some tokens have been removed.
Be aware, overflowing tokens are not returned for the setting you have chosen, i.e. sequence pairs with the 'longest_first' truncation strategy. So the returned list will always be empty even if some tokens have been removed.
Be aware, overflowing tokens are not returned for the setting you have chosen, i.e. sequence pairs with the 'longest_first' truncation strategy. So the returned list will always be empty even if some tokens have been removed.
Be aware, overflowing tokens are not returned for the setting you have chosen, i.e. sequence pairs with the 'longest_first' truncation strategy. So the returned list will always be empty even if some tokens have been removed.
Be aware, overflowing tokens are not returned for the setting you have chosen, i.e. sequence pairs with the 'longest_first' truncation strategy. So the returned list will always be empty even if some tokens have been removed.
Be aware, overflowing tokens are not returned for the setting you have chosen, i.e. sequence pairs with the 'longest_first' truncation strategy. So the returned list will always be empty even if some tokens have been removed.
Be aware, overflowing tokens are not returned for the setting you have chosen, i.e. sequence pairs with the 'longest_first' truncation strategy. So the returned list will always be empty even if some tokens have been removed.
Be aware, overflowing tokens are not returned for the setting you have chosen, i.e. sequence pairs with the 'longest_first' truncation strategy. So the returned list will always be empty even if some tokens have been removed.
Be aware, overflowing tokens are not returned for the setting you have chosen, i.e. sequence pairs with the 'longest_first' truncation strategy. So the returned list will always be empty even if some tokens have been removed.
Be aware, overflowing tokens are not returned for the setting you have chosen, i.e. sequence pairs with the 'longest_first' truncation strategy. So the returned list will always be empty even if some tokens have been removed.
Be aware, overflowing tokens are not returned for the setting you have chosen, i.e. sequence pairs with the 'longest_first' truncation strategy. So the returned list will always be empty even if some tokens have been removed.
Be aware, overflowing tokens are not returned for the setting you have chosen, i.e. sequence pairs with the 'longest_first' truncation strategy. So the returned list will always be empty even if some tokens have been removed.
Be aware, overflowing tokens are not returned for the setting you have chosen, i.e. sequence pairs with the 'longest_first' truncation strategy. So the returned list will always be empty even if some tokens have been removed.
Be aware, overflowing tokens are not returned for the setting you have chosen, i.e. sequence pairs with the 'longest_first' truncation strategy. So the returned list will always be empty even if some tokens have been removed.
Be aware, overflowing tokens are not returned for the setting you have chosen, i.e. sequence pairs with the 'longest_first' truncation strategy. So the returned list will always be empty even if some tokens have been removed.
Be aware, overflowing tokens are not returned for the setting you have chosen, i.e. sequence pairs with the 'longest_first' truncation strategy. So the returned list will always be empty even if some tokens have been removed.
Be aware, overflowing tokens are not returned for the setting you have chosen, i.e. sequence pairs with the 'longest_first' truncation strategy. So the returned list will always be empty even if some tokens have been removed.
Be aware, overflowing tokens are not returned for the setting you have chosen, i.e. sequence pairs with the 'longest_first' truncation strategy. So the returned list will always be empty even if some tokens have been removed.
Be aware, overflowing tokens are not returned for the setting you have chosen, i.e. sequence pairs with the 'longest_first' truncation strategy. So the returned list will always be empty even if some tokens have been removed.
Be aware, overflowing tokens are not returned for the setting you have chosen, i.e. sequence pairs with the 'longest_first' truncation strategy. So the returned list will always be empty even if some tokens have been removed.
Be aware, overflowing tokens are not returned for the setting you have chosen, i.e. sequence pairs with the 'longest_first' truncation strategy. So the returned list will always be empty even if some tokens have been removed.
Be aware, overflowing tokens are not returned for the setting you have chosen, i.e. sequence pairs with the 'longest_first' truncation strategy. So the returned list will always be empty even if some tokens have been removed.
Be aware, overflowing tokens are not returned for the setting you have chosen, i.e. sequence pairs with the 'longest_first' truncation strategy. So the returned list will always be empty even if some tokens have been removed.
Be aware, overflowing tokens are not returned for the setting you have chosen, i.e. sequence pairs with the 'longest_first' truncation strategy. So the returned list will always be empty even if some tokens have been removed.
Be aware, overflowing tokens are not returned for the setting you have chosen, i.e. sequence pairs with the 'longest_first' truncation strategy. So the returned list will always be empty even if some tokens have been removed.
Be aware, overflowing tokens are not returned for the setting you have chosen, i.e. sequence pairs with the 'longest_first' truncation strategy. So the returned list will always be empty even if some tokens have been removed.
Be aware, overflowing tokens are not returned for the setting you have chosen, i.e. sequence pairs with the 'longest_first' truncation strategy. So the returned list will always be empty even if some tokens have been removed.
Be aware, overflowing tokens are not returned for the setting you have chosen, i.e. sequence pairs with the 'longest_first' truncation strategy. So the returned list will always be empty even if some tokens have been removed.
Be aware, overflowing tokens are not returned for the setting you have chosen, i.e. sequence pairs with the 'longest_first' truncation strategy. So the returned list will always be empty even if some tokens have been removed.
Be aware, overflowing tokens are not returned for the setting you have chosen, i.e. sequence pairs with the 'longest_first' truncation strategy. So the returned list will always be empty even if some tokens have been removed.
Be aware, overflowing tokens are not returned for the setting you have chosen, i.e. sequence pairs with the 'longest_first' truncation strategy. So the returned list will always be empty even if some tokens have been removed.
Be aware, overflowing tokens are not returned for the setting you have chosen, i.e. sequence pairs with the 'longest_first' truncation strategy. So the returned list will always be empty even if some tokens have been removed.
Be aware, overflowing tokens are not returned for the setting you have chosen, i.e. sequence pairs with the 'longest_first' truncation strategy. So the returned list will always be empty even if some tokens have been removed.
Be aware, overflowing tokens are not returned for the setting you have chosen, i.e. sequence pairs with the 'longest_first' truncation strategy. So the returned list will always be empty even if some tokens have been removed.
Be aware, overflowing tokens are not returned for the setting you have chosen, i.e. sequence pairs with the 'longest_first' truncation strategy. So the returned list will always be empty even if some tokens have been removed.
Be aware, overflowing tokens are not returned for the setting you have chosen, i.e. sequence pairs with the 'longest_first' truncation strategy. So the returned list will always be empty even if some tokens have been removed.
Be aware, overflowing tokens are not returned for the setting you have chosen, i.e. sequence pairs with the 'longest_first' truncation strategy. So the returned list will always be empty even if some tokens have been removed.
Be aware, overflowing tokens are not returned for the setting you have chosen, i.e. sequence pairs with the 'longest_first' truncation strategy. So the returned list will always be empty even if some tokens have been removed.
Be aware, overflowing tokens are not returned for the setting you have chosen, i.e. sequence pairs with the 'longest_first' truncation strategy. So the returned list will always be empty even if some tokens have been removed.
Be aware, overflowing tokens are not returned for the setting you have chosen, i.e. sequence pairs with the 'longest_first' truncation strategy. So the returned list will always be empty even if some tokens have been removed.
Be aware, overflowing tokens are not returned for the setting you have chosen, i.e. sequence pairs with the 'longest_first' truncation strategy. So the returned list will always be empty even if some tokens have been removed.
Be aware, overflowing tokens are not returned for the setting you have chosen, i.e. sequence pairs with the 'longest_first' truncation strategy. So the returned list will always be empty even if some tokens have been removed.
Be aware, overflowing tokens are not returned for the setting you have chosen, i.e. sequence pairs with the 'longest_first' truncation strategy. So the returned list will always be empty even if some tokens have been removed.
Be aware, overflowing tokens are not returned for the setting you have chosen, i.e. sequence pairs with the 'longest_first' truncation strategy. So the returned list will always be empty even if some tokens have been removed.
Be aware, overflowing tokens are not returned for the setting you have chosen, i.e. sequence pairs with the 'longest_first' truncation strategy. So the returned list will always be empty even if some tokens have been removed.
Be aware, overflowing tokens are not returned for the setting you have chosen, i.e. sequence pairs with the 'longest_first' truncation strategy. So the returned list will always be empty even if some tokens have been removed.
Be aware, overflowing tokens are not returned for the setting you have chosen, i.e. sequence pairs with the 'longest_first' truncation strategy. So the returned list will always be empty even if some tokens have been removed.
Be aware, overflowing tokens are not returned for the setting you have chosen, i.e. sequence pairs with the 'longest_first' truncation strategy. So the returned list will always be empty even if some tokens have been removed.
Be aware, overflowing tokens are not returned for the setting you have chosen, i.e. sequence pairs with the 'longest_first' truncation strategy. So the returned list will always be empty even if some tokens have been removed.
Be aware, overflowing tokens are not returned for the setting you have chosen, i.e. sequence pairs with the 'longest_first' truncation strategy. So the returned list will always be empty even if some tokens have been removed.
Be aware, overflowing tokens are not returned for the setting you have chosen, i.e. sequence pairs with the 'longest_first' truncation strategy. So the returned list will always be empty even if some tokens have been removed.
Be aware, overflowing tokens are not returned for the setting you have chosen, i.e. sequence pairs with the 'longest_first' truncation strategy. So the returned list will always be empty even if some tokens have been removed.
Be aware, overflowing tokens are not returned for the setting you have chosen, i.e. sequence pairs with the 'longest_first' truncation strategy. So the returned list will always be empty even if some tokens have been removed.
Be aware, overflowing tokens are not returned for the setting you have chosen, i.e. sequence pairs with the 'longest_first' truncation strategy. So the returned list will always be empty even if some tokens have been removed.
Be aware, overflowing tokens are not returned for the setting you have chosen, i.e. sequence pairs with the 'longest_first' truncation strategy. So the returned list will always be empty even if some tokens have been removed.
Be aware, overflowing tokens are not returned for the setting you have chosen, i.e. sequence pairs with the 'longest_first' truncation strategy. So the returned list will always be empty even if some tokens have been removed.
Be aware, overflowing tokens are not returned for the setting you have chosen, i.e. sequence pairs with the 'longest_first' truncation strategy. So the returned list will always be empty even if some tokens have been removed.
Be aware, overflowing tokens are not returned for the setting you have chosen, i.e. sequence pairs with the 'longest_first' truncation strategy. So the returned list will always be empty even if some tokens have been removed.
Be aware, overflowing tokens are not returned for the setting you have chosen, i.e. sequence pairs with the 'longest_first' truncation strategy. So the returned list will always be empty even if some tokens have been removed.
Be aware, overflowing tokens are not returned for the setting you have chosen, i.e. sequence pairs with the 'longest_first' truncation strategy. So the returned list will always be empty even if some tokens have been removed.
Be aware, overflowing tokens are not returned for the setting you have chosen, i.e. sequence pairs with the 'longest_first' truncation strategy. So the returned list will always be empty even if some tokens have been removed.
Be aware, overflowing tokens are not returned for the setting you have chosen, i.e. sequence pairs with the 'longest_first' truncation strategy. So the returned list will always be empty even if some tokens have been removed.
Be aware, overflowing tokens are not returned for the setting you have chosen, i.e. sequence pairs with the 'longest_first' truncation strategy. So the returned list will always be empty even if some tokens have been removed.
Be aware, overflowing tokens are not returned for the setting you have chosen, i.e. sequence pairs with the 'longest_first' truncation strategy. So the returned list will always be empty even if some tokens have been removed.
Be aware, overflowing tokens are not returned for the setting you have chosen, i.e. sequence pairs with the 'longest_first' truncation strategy. So the returned list will always be empty even if some tokens have been removed.
Be aware, overflowing tokens are not returned for the setting you have chosen, i.e. sequence pairs with the 'longest_first' truncation strategy. So the returned list will always be empty even if some tokens have been removed.
Be aware, overflowing tokens are not returned for the setting you have chosen, i.e. sequence pairs with the 'longest_first' truncation strategy. So the returned list will always be empty even if some tokens have been removed.
Be aware, overflowing tokens are not returned for the setting you have chosen, i.e. sequence pairs with the 'longest_first' truncation strategy. So the returned list will always be empty even if some tokens have been removed.
Be aware, overflowing tokens are not returned for the setting you have chosen, i.e. sequence pairs with the 'longest_first' truncation strategy. So the returned list will always be empty even if some tokens have been removed.
Be aware, overflowing tokens are not returned for the setting you have chosen, i.e. sequence pairs with the 'longest_first' truncation strategy. So the returned list will always be empty even if some tokens have been removed.
Be aware, overflowing tokens are not returned for the setting you have chosen, i.e. sequence pairs with the 'longest_first' truncation strategy. So the returned list will always be empty even if some tokens have been removed.
Be aware, overflowing tokens are not returned for the setting you have chosen, i.e. sequence pairs with the 'longest_first' truncation strategy. So the returned list will always be empty even if some tokens have been removed.
Be aware, overflowing tokens are not returned for the setting you have chosen, i.e. sequence pairs with the 'longest_first' truncation strategy. So the returned list will always be empty even if some tokens have been removed.
Be aware, overflowing tokens are not returned for the setting you have chosen, i.e. sequence pairs with the 'longest_first' truncation strategy. So the returned list will always be empty even if some tokens have been removed.
Be aware, overflowing tokens are not returned for the setting you have chosen, i.e. sequence pairs with the 'longest_first' truncation strategy. So the returned list will always be empty even if some tokens have been removed.
Be aware, overflowing tokens are not returned for the setting you have chosen, i.e. sequence pairs with the 'longest_first' truncation strategy. So the returned list will always be empty even if some tokens have been removed.
Be aware, overflowing tokens are not returned for the setting you have chosen, i.e. sequence pairs with the 'longest_first' truncation strategy. So the returned list will always be empty even if some tokens have been removed.
Be aware, overflowing tokens are not returned for the setting you have chosen, i.e. sequence pairs with the 'longest_first' truncation strategy. So the returned list will always be empty even if some tokens have been removed.
Be aware, overflowing tokens are not returned for the setting you have chosen, i.e. sequence pairs with the 'longest_first' truncation strategy. So the returned list will always be empty even if some tokens have been removed.
Be aware, overflowing tokens are not returned for the setting you have chosen, i.e. sequence pairs with the 'longest_first' truncation strategy. So the returned list will always be empty even if some tokens have been removed.
Be aware, overflowing tokens are not returned for the setting you have chosen, i.e. sequence pairs with the 'longest_first' truncation strategy. So the returned list will always be empty even if some tokens have been removed.
Be aware, overflowing tokens are not returned for the setting you have chosen, i.e. sequence pairs with the 'longest_first' truncation strategy. So the returned list will always be empty even if some tokens have been removed.
Be aware, overflowing tokens are not returned for the setting you have chosen, i.e. sequence pairs with the 'longest_first' truncation strategy. So the returned list will always be empty even if some tokens have been removed.
Be aware, overflowing tokens are not returned for the setting you have chosen, i.e. sequence pairs with the 'longest_first' truncation strategy. So the returned list will always be empty even if some tokens have been removed.
Be aware, overflowing tokens are not returned for the setting you have chosen, i.e. sequence pairs with the 'longest_first' truncation strategy. So the returned list will always be empty even if some tokens have been removed.
Be aware, overflowing tokens are not returned for the setting you have chosen, i.e. sequence pairs with the 'longest_first' truncation strategy. So the returned list will always be empty even if some tokens have been removed.
Be aware, overflowing tokens are not returned for the setting you have chosen, i.e. sequence pairs with the 'longest_first' truncation strategy. So the returned list will always be empty even if some tokens have been removed.
Be aware, overflowing tokens are not returned for the setting you have chosen, i.e. sequence pairs with the 'longest_first' truncation strategy. So the returned list will always be empty even if some tokens have been removed.
Be aware, overflowing tokens are not returned for the setting you have chosen, i.e. sequence pairs with the 'longest_first' truncation strategy. So the returned list will always be empty even if some tokens have been removed.
Be aware, overflowing tokens are not returned for the setting you have chosen, i.e. sequence pairs with the 'longest_first' truncation strategy. So the returned list will always be empty even if some tokens have been removed.
Be aware, overflowing tokens are not returned for the setting you have chosen, i.e. sequence pairs with the 'longest_first' truncation strategy. So the returned list will always be empty even if some tokens have been removed.
Be aware, overflowing tokens are not returned for the setting you have chosen, i.e. sequence pairs with the 'longest_first' truncation strategy. So the returned list will always be empty even if some tokens have been removed.
Be aware, overflowing tokens are not returned for the setting you have chosen, i.e. sequence pairs with the 'longest_first' truncation strategy. So the returned list will always be empty even if some tokens have been removed.
Be aware, overflowing tokens are not returned for the setting you have chosen, i.e. sequence pairs with the 'longest_first' truncation strategy. So the returned list will always be empty even if some tokens have been removed.
Be aware, overflowing tokens are not returned for the setting you have chosen, i.e. sequence pairs with the 'longest_first' truncation strategy. So the returned list will always be empty even if some tokens have been removed.
Be aware, overflowing tokens are not returned for the setting you have chosen, i.e. sequence pairs with the 'longest_first' truncation strategy. So the returned list will always be empty even if some tokens have been removed.
Be aware, overflowing tokens are not returned for the setting you have chosen, i.e. sequence pairs with the 'longest_first' truncation strategy. So the returned list will always be empty even if some tokens have been removed.
Be aware, overflowing tokens are not returned for the setting you have chosen, i.e. sequence pairs with the 'longest_first' truncation strategy. So the returned list will always be empty even if some tokens have been removed.
Be aware, overflowing tokens are not returned for the setting you have chosen, i.e. sequence pairs with the 'longest_first' truncation strategy. So the returned list will always be empty even if some tokens have been removed.
Be aware, overflowing tokens are not returned for the setting you have chosen, i.e. sequence pairs with the 'longest_first' truncation strategy. So the returned list will always be empty even if some tokens have been removed.
Be aware, overflowing tokens are not returned for the setting you have chosen, i.e. sequence pairs with the 'longest_first' truncation strategy. So the returned list will always be empty even if some tokens have been removed.
Be aware, overflowing tokens are not returned for the setting you have chosen, i.e. sequence pairs with the 'longest_first' truncation strategy. So the returned list will always be empty even if some tokens have been removed.
Be aware, overflowing tokens are not returned for the setting you have chosen, i.e. sequence pairs with the 'longest_first' truncation strategy. So the returned list will always be empty even if some tokens have been removed.
Be aware, overflowing tokens are not returned for the setting you have chosen, i.e. sequence pairs with the 'longest_first' truncation strategy. So the returned list will always be empty even if some tokens have been removed.
Be aware, overflowing tokens are not returned for the setting you have chosen, i.e. sequence pairs with the 'longest_first' truncation strategy. So the returned list will always be empty even if some tokens have been removed.
Be aware, overflowing tokens are not returned for the setting you have chosen, i.e. sequence pairs with the 'longest_first' truncation strategy. So the returned list will always be empty even if some tokens have been removed.
Be aware, overflowing tokens are not returned for the setting you have chosen, i.e. sequence pairs with the 'longest_first' truncation strategy. So the returned list will always be empty even if some tokens have been removed.
Be aware, overflowing tokens are not returned for the setting you have chosen, i.e. sequence pairs with the 'longest_first' truncation strategy. So the returned list will always be empty even if some tokens have been removed.
Be aware, overflowing tokens are not returned for the setting you have chosen, i.e. sequence pairs with the 'longest_first' truncation strategy. So the returned list will always be empty even if some tokens have been removed.
Be aware, overflowing tokens are not returned for the setting you have chosen, i.e. sequence pairs with the 'longest_first' truncation strategy. So the returned list will always be empty even if some tokens have been removed.
Be aware, overflowing tokens are not returned for the setting you have chosen, i.e. sequence pairs with the 'longest_first' truncation strategy. So the returned list will always be empty even if some tokens have been removed.
Be aware, overflowing tokens are not returned for the setting you have chosen, i.e. sequence pairs with the 'longest_first' truncation strategy. So the returned list will always be empty even if some tokens have been removed.
Be aware, overflowing tokens are not returned for the setting you have chosen, i.e. sequence pairs with the 'longest_first' truncation strategy. So the returned list will always be empty even if some tokens have been removed.
Be aware, overflowing tokens are not returned for the setting you have chosen, i.e. sequence pairs with the 'longest_first' truncation strategy. So the returned list will always be empty even if some tokens have been removed.
Be aware, overflowing tokens are not returned for the setting you have chosen, i.e. sequence pairs with the 'longest_first' truncation strategy. So the returned list will always be empty even if some tokens have been removed.
Be aware, overflowing tokens are not returned for the setting you have chosen, i.e. sequence pairs with the 'longest_first' truncation strategy. So the returned list will always be empty even if some tokens have been removed.
Be aware, overflowing tokens are not returned for the setting you have chosen, i.e. sequence pairs with the 'longest_first' truncation strategy. So the returned list will always be empty even if some tokens have been removed.
Be aware, overflowing tokens are not returned for the setting you have chosen, i.e. sequence pairs with the 'longest_first' truncation strategy. So the returned list will always be empty even if some tokens have been removed.
Be aware, overflowing tokens are not returned for the setting you have chosen, i.e. sequence pairs with the 'longest_first' truncation strategy. So the returned list will always be empty even if some tokens have been removed.
Be aware, overflowing tokens are not returned for the setting you have chosen, i.e. sequence pairs with the 'longest_first' truncation strategy. So the returned list will always be empty even if some tokens have been removed.
Be aware, overflowing tokens are not returned for the setting you have chosen, i.e. sequence pairs with the 'longest_first' truncation strategy. So the returned list will always be empty even if some tokens have been removed.
Be aware, overflowing tokens are not returned for the setting you have chosen, i.e. sequence pairs with the 'longest_first' truncation strategy. So the returned list will always be empty even if some tokens have been removed.
Be aware, overflowing tokens are not returned for the setting you have chosen, i.e. sequence pairs with the 'longest_first' truncation strategy. So the returned list will always be empty even if some tokens have been removed.
Be aware, overflowing tokens are not returned for the setting you have chosen, i.e. sequence pairs with the 'longest_first' truncation strategy. So the returned list will always be empty even if some tokens have been removed.
Be aware, overflowing tokens are not returned for the setting you have chosen, i.e. sequence pairs with the 'longest_first' truncation strategy. So the returned list will always be empty even if some tokens have been removed.
Be aware, overflowing tokens are not returned for the setting you have chosen, i.e. sequence pairs with the 'longest_first' truncation strategy. So the returned list will always be empty even if some tokens have been removed.
Be aware, overflowing tokens are not returned for the setting you have chosen, i.e. sequence pairs with the 'longest_first' truncation strategy. So the returned list will always be empty even if some tokens have been removed.
Be aware, overflowing tokens are not returned for the setting you have chosen, i.e. sequence pairs with the 'longest_first' truncation strategy. So the returned list will always be empty even if some tokens have been removed.
Be aware, overflowing tokens are not returned for the setting you have chosen, i.e. sequence pairs with the 'longest_first' truncation strategy. So the returned list will always be empty even if some tokens have been removed.
Be aware, overflowing tokens are not returned for the setting you have chosen, i.e. sequence pairs with the 'longest_first' truncation strategy. So the returned list will always be empty even if some tokens have been removed.
Be aware, overflowing tokens are not returned for the setting you have chosen, i.e. sequence pairs with the 'longest_first' truncation strategy. So the returned list will always be empty even if some tokens have been removed.
Be aware, overflowing tokens are not returned for the setting you have chosen, i.e. sequence pairs with the 'longest_first' truncation strategy. So the returned list will always be empty even if some tokens have been removed.
Be aware, overflowing tokens are not returned for the setting you have chosen, i.e. sequence pairs with the 'longest_first' truncation strategy. So the returned list will always be empty even if some tokens have been removed.
Be aware, overflowing tokens are not returned for the setting you have chosen, i.e. sequence pairs with the 'longest_first' truncation strategy. So the returned list will always be empty even if some tokens have been removed.
Be aware, overflowing tokens are not returned for the setting you have chosen, i.e. sequence pairs with the 'longest_first' truncation strategy. So the returned list will always be empty even if some tokens have been removed.
Be aware, overflowing tokens are not returned for the setting you have chosen, i.e. sequence pairs with the 'longest_first' truncation strategy. So the returned list will always be empty even if some tokens have been removed.
Be aware, overflowing tokens are not returned for the setting you have chosen, i.e. sequence pairs with the 'longest_first' truncation strategy. So the returned list will always be empty even if some tokens have been removed.
Be aware, overflowing tokens are not returned for the setting you have chosen, i.e. sequence pairs with the 'longest_first' truncation strategy. So the returned list will always be empty even if some tokens have been removed.
Be aware, overflowing tokens are not returned for the setting you have chosen, i.e. sequence pairs with the 'longest_first' truncation strategy. So the returned list will always be empty even if some tokens have been removed.
Be aware, overflowing tokens are not returned for the setting you have chosen, i.e. sequence pairs with the 'longest_first' truncation strategy. So the returned list will always be empty even if some tokens have been removed.
Be aware, overflowing tokens are not returned for the setting you have chosen, i.e. sequence pairs with the 'longest_first' truncation strategy. So the returned list will always be empty even if some tokens have been removed.
Be aware, overflowing tokens are not returned for the setting you have chosen, i.e. sequence pairs with the 'longest_first' truncation strategy. So the returned list will always be empty even if some tokens have been removed.
Be aware, overflowing tokens are not returned for the setting you have chosen, i.e. sequence pairs with the 'longest_first' truncation strategy. So the returned list will always be empty even if some tokens have been removed.
Be aware, overflowing tokens are not returned for the setting you have chosen, i.e. sequence pairs with the 'longest_first' truncation strategy. So the returned list will always be empty even if some tokens have been removed.
Be aware, overflowing tokens are not returned for the setting you have chosen, i.e. sequence pairs with the 'longest_first' truncation strategy. So the returned list will always be empty even if some tokens have been removed.
Be aware, overflowing tokens are not returned for the setting you have chosen, i.e. sequence pairs with the 'longest_first' truncation strategy. So the returned list will always be empty even if some tokens have been removed.
Be aware, overflowing tokens are not returned for the setting you have chosen, i.e. sequence pairs with the 'longest_first' truncation strategy. So the returned list will always be empty even if some tokens have been removed.
Be aware, overflowing tokens are not returned for the setting you have chosen, i.e. sequence pairs with the 'longest_first' truncation strategy. So the returned list will always be empty even if some tokens have been removed.
Be aware, overflowing tokens are not returned for the setting you have chosen, i.e. sequence pairs with the 'longest_first' truncation strategy. So the returned list will always be empty even if some tokens have been removed.
Be aware, overflowing tokens are not returned for the setting you have chosen, i.e. sequence pairs with the 'longest_first' truncation strategy. So the returned list will always be empty even if some tokens have been removed.
Be aware, overflowing tokens are not returned for the setting you have chosen, i.e. sequence pairs with the 'longest_first' truncation strategy. So the returned list will always be empty even if some tokens have been removed.
Be aware, overflowing tokens are not returned for the setting you have chosen, i.e. sequence pairs with the 'longest_first' truncation strategy. So the returned list will always be empty even if some tokens have been removed.
Be aware, overflowing tokens are not returned for the setting you have chosen, i.e. sequence pairs with the 'longest_first' truncation strategy. So the returned list will always be empty even if some tokens have been removed.
Be aware, overflowing tokens are not returned for the setting you have chosen, i.e. sequence pairs with the 'longest_first' truncation strategy. So the returned list will always be empty even if some tokens have been removed.
Be aware, overflowing tokens are not returned for the setting you have chosen, i.e. sequence pairs with the 'longest_first' truncation strategy. So the returned list will always be empty even if some tokens have been removed.
Be aware, overflowing tokens are not returned for the setting you have chosen, i.e. sequence pairs with the 'longest_first' truncation strategy. So the returned list will always be empty even if some tokens have been removed.
Be aware, overflowing tokens are not returned for the setting you have chosen, i.e. sequence pairs with the 'longest_first' truncation strategy. So the returned list will always be empty even if some tokens have been removed.
Be aware, overflowing tokens are not returned for the setting you have chosen, i.e. sequence pairs with the 'longest_first' truncation strategy. So the returned list will always be empty even if some tokens have been removed.
Be aware, overflowing tokens are not returned for the setting you have chosen, i.e. sequence pairs with the 'longest_first' truncation strategy. So the returned list will always be empty even if some tokens have been removed.
Be aware, overflowing tokens are not returned for the setting you have chosen, i.e. sequence pairs with the 'longest_first' truncation strategy. So the returned list will always be empty even if some tokens have been removed.
Be aware, overflowing tokens are not returned for the setting you have chosen, i.e. sequence pairs with the 'longest_first' truncation strategy. So the returned list will always be empty even if some tokens have been removed.
Be aware, overflowing tokens are not returned for the setting you have chosen, i.e. sequence pairs with the 'longest_first' truncation strategy. So the returned list will always be empty even if some tokens have been removed.
Be aware, overflowing tokens are not returned for the setting you have chosen, i.e. sequence pairs with the 'longest_first' truncation strategy. So the returned list will always be empty even if some tokens have been removed.
Be aware, overflowing tokens are not returned for the setting you have chosen, i.e. sequence pairs with the 'longest_first' truncation strategy. So the returned list will always be empty even if some tokens have been removed.
Be aware, overflowing tokens are not returned for the setting you have chosen, i.e. sequence pairs with the 'longest_first' truncation strategy. So the returned list will always be empty even if some tokens have been removed.
Be aware, overflowing tokens are not returned for the setting you have chosen, i.e. sequence pairs with the 'longest_first' truncation strategy. So the returned list will always be empty even if some tokens have been removed.
Be aware, overflowing tokens are not returned for the setting you have chosen, i.e. sequence pairs with the 'longest_first' truncation strategy. So the returned list will always be empty even if some tokens have been removed.
Be aware, overflowing tokens are not returned for the setting you have chosen, i.e. sequence pairs with the 'longest_first' truncation strategy. So the returned list will always be empty even if some tokens have been removed.
Be aware, overflowing tokens are not returned for the setting you have chosen, i.e. sequence pairs with the 'longest_first' truncation strategy. So the returned list will always be empty even if some tokens have been removed.
Be aware, overflowing tokens are not returned for the setting you have chosen, i.e. sequence pairs with the 'longest_first' truncation strategy. So the returned list will always be empty even if some tokens have been removed.
Be aware, overflowing tokens are not returned for the setting you have chosen, i.e. sequence pairs with the 'longest_first' truncation strategy. So the returned list will always be empty even if some tokens have been removed.
Be aware, overflowing tokens are not returned for the setting you have chosen, i.e. sequence pairs with the 'longest_first' truncation strategy. So the returned list will always be empty even if some tokens have been removed.
Be aware, overflowing tokens are not returned for the setting you have chosen, i.e. sequence pairs with the 'longest_first' truncation strategy. So the returned list will always be empty even if some tokens have been removed.
Be aware, overflowing tokens are not returned for the setting you have chosen, i.e. sequence pairs with the 'longest_first' truncation strategy. So the returned list will always be empty even if some tokens have been removed.
Be aware, overflowing tokens are not returned for the setting you have chosen, i.e. sequence pairs with the 'longest_first' truncation strategy. So the returned list will always be empty even if some tokens have been removed.
Be aware, overflowing tokens are not returned for the setting you have chosen, i.e. sequence pairs with the 'longest_first' truncation strategy. So the returned list will always be empty even if some tokens have been removed.
Be aware, overflowing tokens are not returned for the setting you have chosen, i.e. sequence pairs with the 'longest_first' truncation strategy. So the returned list will always be empty even if some tokens have been removed.
Be aware, overflowing tokens are not returned for the setting you have chosen, i.e. sequence pairs with the 'longest_first' truncation strategy. So the returned list will always be empty even if some tokens have been removed.
Be aware, overflowing tokens are not returned for the setting you have chosen, i.e. sequence pairs with the 'longest_first' truncation strategy. So the returned list will always be empty even if some tokens have been removed.
Be aware, overflowing tokens are not returned for the setting you have chosen, i.e. sequence pairs with the 'longest_first' truncation strategy. So the returned list will always be empty even if some tokens have been removed.
Be aware, overflowing tokens are not returned for the setting you have chosen, i.e. sequence pairs with the 'longest_first' truncation strategy. So the returned list will always be empty even if some tokens have been removed.
Be aware, overflowing tokens are not returned for the setting you have chosen, i.e. sequence pairs with the 'longest_first' truncation strategy. So the returned list will always be empty even if some tokens have been removed.
Be aware, overflowing tokens are not returned for the setting you have chosen, i.e. sequence pairs with the 'longest_first' truncation strategy. So the returned list will always be empty even if some tokens have been removed.
Be aware, overflowing tokens are not returned for the setting you have chosen, i.e. sequence pairs with the 'longest_first' truncation strategy. So the returned list will always be empty even if some tokens have been removed.
Be aware, overflowing tokens are not returned for the setting you have chosen, i.e. sequence pairs with the 'longest_first' truncation strategy. So the returned list will always be empty even if some tokens have been removed.
Be aware, overflowing tokens are not returned for the setting you have chosen, i.e. sequence pairs with the 'longest_first' truncation strategy. So the returned list will always be empty even if some tokens have been removed.
Be aware, overflowing tokens are not returned for the setting you have chosen, i.e. sequence pairs with the 'longest_first' truncation strategy. So the returned list will always be empty even if some tokens have been removed.
Be aware, overflowing tokens are not returned for the setting you have chosen, i.e. sequence pairs with the 'longest_first' truncation strategy. So the returned list will always be empty even if some tokens have been removed.
Be aware, overflowing tokens are not returned for the setting you have chosen, i.e. sequence pairs with the 'longest_first' truncation strategy. So the returned list will always be empty even if some tokens have been removed.
Be aware, overflowing tokens are not returned for the setting you have chosen, i.e. sequence pairs with the 'longest_first' truncation strategy. So the returned list will always be empty even if some tokens have been removed.
Be aware, overflowing tokens are not returned for the setting you have chosen, i.e. sequence pairs with the 'longest_first' truncation strategy. So the returned list will always be empty even if some tokens have been removed.
Be aware, overflowing tokens are not returned for the setting you have chosen, i.e. sequence pairs with the 'longest_first' truncation strategy. So the returned list will always be empty even if some tokens have been removed.
Be aware, overflowing tokens are not returned for the setting you have chosen, i.e. sequence pairs with the 'longest_first' truncation strategy. So the returned list will always be empty even if some tokens have been removed.
Be aware, overflowing tokens are not returned for the setting you have chosen, i.e. sequence pairs with the 'longest_first' truncation strategy. So the returned list will always be empty even if some tokens have been removed.
Be aware, overflowing tokens are not returned for the setting you have chosen, i.e. sequence pairs with the 'longest_first' truncation strategy. So the returned list will always be empty even if some tokens have been removed.
Be aware, overflowing tokens are not returned for the setting you have chosen, i.e. sequence pairs with the 'longest_first' truncation strategy. So the returned list will always be empty even if some tokens have been removed.
Be aware, overflowing tokens are not returned for the setting you have chosen, i.e. sequence pairs with the 'longest_first' truncation strategy. So the returned list will always be empty even if some tokens have been removed.
Be aware, overflowing tokens are not returned for the setting you have chosen, i.e. sequence pairs with the 'longest_first' truncation strategy. So the returned list will always be empty even if some tokens have been removed.
Be aware, overflowing tokens are not returned for the setting you have chosen, i.e. sequence pairs with the 'longest_first' truncation strategy. So the returned list will always be empty even if some tokens have been removed.
Be aware, overflowing tokens are not returned for the setting you have chosen, i.e. sequence pairs with the 'longest_first' truncation strategy. So the returned list will always be empty even if some tokens have been removed.
Be aware, overflowing tokens are not returned for the setting you have chosen, i.e. sequence pairs with the 'longest_first' truncation strategy. So the returned list will always be empty even if some tokens have been removed.
Be aware, overflowing tokens are not returned for the setting you have chosen, i.e. sequence pairs with the 'longest_first' truncation strategy. So the returned list will always be empty even if some tokens have been removed.
Be aware, overflowing tokens are not returned for the setting you have chosen, i.e. sequence pairs with the 'longest_first' truncation strategy. So the returned list will always be empty even if some tokens have been removed.
Be aware, overflowing tokens are not returned for the setting you have chosen, i.e. sequence pairs with the 'longest_first' truncation strategy. So the returned list will always be empty even if some tokens have been removed.
Be aware, overflowing tokens are not returned for the setting you have chosen, i.e. sequence pairs with the 'longest_first' truncation strategy. So the returned list will always be empty even if some tokens have been removed.
Be aware, overflowing tokens are not returned for the setting you have chosen, i.e. sequence pairs with the 'longest_first' truncation strategy. So the returned list will always be empty even if some tokens have been removed.
Be aware, overflowing tokens are not returned for the setting you have chosen, i.e. sequence pairs with the 'longest_first' truncation strategy. So the returned list will always be empty even if some tokens have been removed.
Be aware, overflowing tokens are not returned for the setting you have chosen, i.e. sequence pairs with the 'longest_first' truncation strategy. So the returned list will always be empty even if some tokens have been removed.
Be aware, overflowing tokens are not returned for the setting you have chosen, i.e. sequence pairs with the 'longest_first' truncation strategy. So the returned list will always be empty even if some tokens have been removed.
Be aware, overflowing tokens are not returned for the setting you have chosen, i.e. sequence pairs with the 'longest_first' truncation strategy. So the returned list will always be empty even if some tokens have been removed.
Be aware, overflowing tokens are not returned for the setting you have chosen, i.e. sequence pairs with the 'longest_first' truncation strategy. So the returned list will always be empty even if some tokens have been removed.
Be aware, overflowing tokens are not returned for the setting you have chosen, i.e. sequence pairs with the 'longest_first' truncation strategy. So the returned list will always be empty even if some tokens have been removed.
Be aware, overflowing tokens are not returned for the setting you have chosen, i.e. sequence pairs with the 'longest_first' truncation strategy. So the returned list will always be empty even if some tokens have been removed.
Be aware, overflowing tokens are not returned for the setting you have chosen, i.e. sequence pairs with the 'longest_first' truncation strategy. So the returned list will always be empty even if some tokens have been removed.
Be aware, overflowing tokens are not returned for the setting you have chosen, i.e. sequence pairs with the 'longest_first' truncation strategy. So the returned list will always be empty even if some tokens have been removed.
Be aware, overflowing tokens are not returned for the setting you have chosen, i.e. sequence pairs with the 'longest_first' truncation strategy. So the returned list will always be empty even if some tokens have been removed.
Be aware, overflowing tokens are not returned for the setting you have chosen, i.e. sequence pairs with the 'longest_first' truncation strategy. So the returned list will always be empty even if some tokens have been removed.
Be aware, overflowing tokens are not returned for the setting you have chosen, i.e. sequence pairs with the 'longest_first' truncation strategy. So the returned list will always be empty even if some tokens have been removed.
Be aware, overflowing tokens are not returned for the setting you have chosen, i.e. sequence pairs with the 'longest_first' truncation strategy. So the returned list will always be empty even if some tokens have been removed.
Be aware, overflowing tokens are not returned for the setting you have chosen, i.e. sequence pairs with the 'longest_first' truncation strategy. So the returned list will always be empty even if some tokens have been removed.
Be aware, overflowing tokens are not returned for the setting you have chosen, i.e. sequence pairs with the 'longest_first' truncation strategy. So the returned list will always be empty even if some tokens have been removed.
Be aware, overflowing tokens are not returned for the setting you have chosen, i.e. sequence pairs with the 'longest_first' truncation strategy. So the returned list will always be empty even if some tokens have been removed.
Be aware, overflowing tokens are not returned for the setting you have chosen, i.e. sequence pairs with the 'longest_first' truncation strategy. So the returned list will always be empty even if some tokens have been removed.
Be aware, overflowing tokens are not returned for the setting you have chosen, i.e. sequence pairs with the 'longest_first' truncation strategy. So the returned list will always be empty even if some tokens have been removed.
Be aware, overflowing tokens are not returned for the setting you have chosen, i.e. sequence pairs with the 'longest_first' truncation strategy. So the returned list will always be empty even if some tokens have been removed.
Be aware, overflowing tokens are not returned for the setting you have chosen, i.e. sequence pairs with the 'longest_first' truncation strategy. So the returned list will always be empty even if some tokens have been removed.
Be aware, overflowing tokens are not returned for the setting you have chosen, i.e. sequence pairs with the 'longest_first' truncation strategy. So the returned list will always be empty even if some tokens have been removed.
Be aware, overflowing tokens are not returned for the setting you have chosen, i.e. sequence pairs with the 'longest_first' truncation strategy. So the returned list will always be empty even if some tokens have been removed.
Be aware, overflowing tokens are not returned for the setting you have chosen, i.e. sequence pairs with the 'longest_first' truncation strategy. So the returned list will always be empty even if some tokens have been removed.
Be aware, overflowing tokens are not returned for the setting you have chosen, i.e. sequence pairs with the 'longest_first' truncation strategy. So the returned list will always be empty even if some tokens have been removed.
Be aware, overflowing tokens are not returned for the setting you have chosen, i.e. sequence pairs with the 'longest_first' truncation strategy. So the returned list will always be empty even if some tokens have been removed.
Be aware, overflowing tokens are not returned for the setting you have chosen, i.e. sequence pairs with the 'longest_first' truncation strategy. So the returned list will always be empty even if some tokens have been removed.
Be aware, overflowing tokens are not returned for the setting you have chosen, i.e. sequence pairs with the 'longest_first' truncation strategy. So the returned list will always be empty even if some tokens have been removed.
Be aware, overflowing tokens are not returned for the setting you have chosen, i.e. sequence pairs with the 'longest_first' truncation strategy. So the returned list will always be empty even if some tokens have been removed.
Be aware, overflowing tokens are not returned for the setting you have chosen, i.e. sequence pairs with the 'longest_first' truncation strategy. So the returned list will always be empty even if some tokens have been removed.
Be aware, overflowing tokens are not returned for the setting you have chosen, i.e. sequence pairs with the 'longest_first' truncation strategy. So the returned list will always be empty even if some tokens have been removed.
Be aware, overflowing tokens are not returned for the setting you have chosen, i.e. sequence pairs with the 'longest_first' truncation strategy. So the returned list will always be empty even if some tokens have been removed.
Be aware, overflowing tokens are not returned for the setting you have chosen, i.e. sequence pairs with the 'longest_first' truncation strategy. So the returned list will always be empty even if some tokens have been removed.
Be aware, overflowing tokens are not returned for the setting you have chosen, i.e. sequence pairs with the 'longest_first' truncation strategy. So the returned list will always be empty even if some tokens have been removed.
Be aware, overflowing tokens are not returned for the setting you have chosen, i.e. sequence pairs with the 'longest_first' truncation strategy. So the returned list will always be empty even if some tokens have been removed.
Be aware, overflowing tokens are not returned for the setting you have chosen, i.e. sequence pairs with the 'longest_first' truncation strategy. So the returned list will always be empty even if some tokens have been removed.
Be aware, overflowing tokens are not returned for the setting you have chosen, i.e. sequence pairs with the 'longest_first' truncation strategy. So the returned list will always be empty even if some tokens have been removed.
Be aware, overflowing tokens are not returned for the setting you have chosen, i.e. sequence pairs with the 'longest_first' truncation strategy. So the returned list will always be empty even if some tokens have been removed.
Be aware, overflowing tokens are not returned for the setting you have chosen, i.e. sequence pairs with the 'longest_first' truncation strategy. So the returned list will always be empty even if some tokens have been removed.
Be aware, overflowing tokens are not returned for the setting you have chosen, i.e. sequence pairs with the 'longest_first' truncation strategy. So the returned list will always be empty even if some tokens have been removed.
Be aware, overflowing tokens are not returned for the setting you have chosen, i.e. sequence pairs with the 'longest_first' truncation strategy. So the returned list will always be empty even if some tokens have been removed.
Be aware, overflowing tokens are not returned for the setting you have chosen, i.e. sequence pairs with the 'longest_first' truncation strategy. So the returned list will always be empty even if some tokens have been removed.
Be aware, overflowing tokens are not returned for the setting you have chosen, i.e. sequence pairs with the 'longest_first' truncation strategy. So the returned list will always be empty even if some tokens have been removed.
Be aware, overflowing tokens are not returned for the setting you have chosen, i.e. sequence pairs with the 'longest_first' truncation strategy. So the returned list will always be empty even if some tokens have been removed.
Be aware, overflowing tokens are not returned for the setting you have chosen, i.e. sequence pairs with the 'longest_first' truncation strategy. So the returned list will always be empty even if some tokens have been removed.
Be aware, overflowing tokens are not returned for the setting you have chosen, i.e. sequence pairs with the 'longest_first' truncation strategy. So the returned list will always be empty even if some tokens have been removed.
Be aware, overflowing tokens are not returned for the setting you have chosen, i.e. sequence pairs with the 'longest_first' truncation strategy. So the returned list will always be empty even if some tokens have been removed.
Be aware, overflowing tokens are not returned for the setting you have chosen, i.e. sequence pairs with the 'longest_first' truncation strategy. So the returned list will always be empty even if some tokens have been removed.
Be aware, overflowing tokens are not returned for the setting you have chosen, i.e. sequence pairs with the 'longest_first' truncation strategy. So the returned list will always be empty even if some tokens have been removed.
Be aware, overflowing tokens are not returned for the setting you have chosen, i.e. sequence pairs with the 'longest_first' truncation strategy. So the returned list will always be empty even if some tokens have been removed.
Be aware, overflowing tokens are not returned for the setting you have chosen, i.e. sequence pairs with the 'longest_first' truncation strategy. So the returned list will always be empty even if some tokens have been removed.
Be aware, overflowing tokens are not returned for the setting you have chosen, i.e. sequence pairs with the 'longest_first' truncation strategy. So the returned list will always be empty even if some tokens have been removed.
Be aware, overflowing tokens are not returned for the setting you have chosen, i.e. sequence pairs with the 'longest_first' truncation strategy. So the returned list will always be empty even if some tokens have been removed.
Be aware, overflowing tokens are not returned for the setting you have chosen, i.e. sequence pairs with the 'longest_first' truncation strategy. So the returned list will always be empty even if some tokens have been removed.
Be aware, overflowing tokens are not returned for the setting you have chosen, i.e. sequence pairs with the 'longest_first' truncation strategy. So the returned list will always be empty even if some tokens have been removed.
[33;20m2026-05-27 01:28:28,656 (base_translator:144) WARNING: Cannot access train label distribution for splitter, split dataset without considering train label.[0m
/Users/vliftode/personal/scalable-learning/code/harness/rolora-supplement/RoLoRA-code/.venv-supplement/lib/python3.9/site-packages/huggingface_hub/file_download.py:949: FutureWarning: `resume_download` is deprecated and will be removed in version 1.0.0. Downloads always resume when possible. If you want to force a new download, use `force_download=True`.
  warnings.warn(
[38;5;39m2026-05-27 01:28:30,823 (config:243) INFO: the used configs are: 
adapter:
  use: False
aggregator:
  BFT_args:
    
  byzantine_node_num: 0
  inside_weight: 1.0
  num_agg_groups: 1
  num_agg_topk: []
  outside_weight: 0.0
  robust_rule: fedavg
asyn:
  use: False
attack:
  alpha_TV: 0.001
  alpha_prop_loss: 0
  attack_method: 
  attacker_id: -1
  classifier_PIA: randomforest
  edge_num: 100
  edge_path: edge_data/
  freq: 10
  info_diff_type: l2
  inject_round: 0
  insert_round: 100000
  label_type: dirty
  max_ite: 400
  mean: [0.9637]
  mia_is_simulate_in: False
  mia_simulate_in_round: 20
  pgd_eps: 2
  pgd_lr: 0.1
  pgd_poisoning: False
  poison_ratio: 0.5
  reconstruct_lr: 0.01
  reconstruct_optim: Adam
  scale_para: 1.0
  scale_poisoning: False
  self_epoch: 6
  self_lr: 0.05
  self_opt: False
  setting: fix
  std: [0.1592]
  target_label_ind: -1
  trigger_path: trigger/
  trigger_type: edge
backend: torch
cfg_file: 
check_completeness: False
criterion:
  type: CrossEntropyLoss
data:
  args: []
  batch_size: 64
  cSBM_phi: [0.5, 0.5, 0.5]
  cache_dir: 
  consistent_label_distribution: True
  drop_last: False
  file_path: 
  hetero_data_name: []
  hetero_synth_batch_size: 32
  hetero_synth_feat_dim: 128
  hetero_synth_prim_weight: 0.5
  is_debug: False
  loader: 
  max_query_len: 128
  max_seq_len: 384
  max_tgt_len: 128
  num_contrast: 0
  num_of_client_for_data: []
  num_steps: 30
  num_workers: 0
  pre_transform: []
  quadratic:
    dim: 1
    max_curv: 12.5
    min_curv: 0.02
  root: code/harness/rolora-supplement/RoLoRA-code/sst2/
  save_data: False
  server_holds_all: False
  shuffle: True
  sizes: [10, 5]
  splits: [0.89, 0.1, 0.01]
  splitter: iid
  splitter_args: []
  subsample: 1.0
  target_transform: []
  test_pre_transform: []
  test_target_transform: []
  test_transform: []
  transform: []
  trunc_stride: 128
  type: qnli.json@llm
  val_pre_transform: []
  val_target_transform: []
  val_transform: []
  walk_length: 2
dataloader:
  batch_size: 16
  drop_last: False
  num_steps: 30
  num_workers: 0
  pin_memory: False
  shuffle: True
  sizes: [10, 5]
  theta: -1
  type: base
  walk_length: 2
device: 0
distribute:
  use: False
early_stop:
  delta: 0.0
  improve_indicator_mode: best
  patience: 0
eval:
  best_res_update_round_wise_key: val_loss
  count_flops: False
  freq: 2
  metrics: ['loss', 'acc']
  monitoring: []
  report: ['weighted_avg', 'avg', 'fairness', 'raw']
  split: ['test', 'val']
expname: FedAvg_roberta-base@huggingface_llm_on_qnli.json@llm_lr0.005_lstep20
expname_tag: 
feat_engr:
  num_bins: 5
  scenario: hfl
  secure:
    dp:
      
    encrypt:
      type: dummy
    key_size: 3072
    type: encrypt
  selec_threshold: 0.05
  selec_woe_binning: quantile
  type: 
federate:
  atc_load_from: 
  atc_vanilla: False
  client_idx_for_local_train: 0
  client_num: 3
  data_weighted_aggr: False
  ignore_weight: False
  join_in_info: []
  make_global_eval: False
  master_addr: 127.0.0.1
  master_port: 29500
  merge_test_data: False
  merge_val_data: False
  method: FedAvg
  mode: standalone
  online_aggr: False
  process_num: 0
  resource_info_file: 
  restore_from: 
  sample_client_num: 3
  sample_client_rate: -1.0
  sampler: uniform
  save_client_model: False
  save_freq: -1
  save_to: overnight-local-qnli.ckpt
  share_local_model: True
  total_round_num: 40
  unseen_clients_rate: 0.0
  use_diff: False
  use_ss: False
fedopt:
  use: False
fedprox:
  use: False
fedsageplus:
  a: 1.0
  b: 1.0
  c: 1.0
  fedgen_epoch: 200
  gen_hidden: 128
  hide_portion: 0.5
  loc_epoch: 1
  num_pred: 5
fedswa:
  use: False
finetune:
  batch_or_epoch: epoch
  before_eval: False
  epoch_linear: 10
  freeze_param: 
  local_param: []
  local_update_steps: 1
  lr_linear: 0.005
  optimizer:
    lr: 0.1
    type: SGD
  scheduler:
    type: 
    warmup_ratio: 0.0
  simple_tuning: False
  weight_decay: 0.0
flitplus:
  factor_ema: 0.8
  lambdavat: 0.5
  tmpFed: 0.5
  weightReg: 1.0
gcflplus:
  EPS_1: 0.05
  EPS_2: 0.1
  seq_length: 5
  standardize: False
grad:
  grad_accum_count: 1
  grad_clip: -1.0
hpo:
  fedex:
    cutoff: 0.0
    diff: False
    eta0: -1.0
    flatten_ss: True
    gamma: 0.0
    pi_lr: 0.01
    psn: False
    sched: auto
    ss: 
    use: False
  fts:
    M: 100
    M_target: 200
    allow_load_existing_info: True
    diff: False
    fed_bo_max_iter: 50
    g_var: 1e-06
    gp_opt_schedule: 1
    local_bo_epochs: 50
    local_bo_max_iter: 50
    ls: 1.0
    obs_noise: 1e-06
    ss: 
    target_clients: []
    use: False
    v_kernel: 1.0
    var: 0.1
  init_cand_num: 16
  larger_better: False
  metric: client_summarized_weighted_avg.val_loss
  num_workers: 0
  pbt:
    max_stage: 5
    perf_threshold: 0.1
  pfedhpo:
    discrete: False
    ss: 
    target_fl_total_round: 1000
    train_anchor: False
    train_fl: False
    use: False
  scheduler: rs
  sha:
    budgets: []
    elim_rate: 3
    iter: 0
  ss: 
  table:
    eps: 0.1
    idx: 0
    num: 27
  trial_index: 0
  working_folder: hpo
llm:
  adapter:
    args: [{'adapter_package': 'peft', 'adapter_method': 'lora', 'r': 4, 'lora_alpha': 32, 'lora_dropout': 0.1}]
    mv_to_cpu: False
    use: True
  cache:
    model: 
  chat:
    max_history_len: 4
    max_len: 384
  deepspeed:
    ds_config: 
    use: False
  offsite_tuning:
    emu_align:
      data:
        root: data
        splits: [0.8, 0.1, 0.1]
        type: alpaca@llm
      exit_after_align: False
      restore_from: 
      save_to: 
      train:
        batch_or_epoch: batch
        kd_loss_weight: 0.9
        lm_loss_weight: 0.1
        local_update_steps: 10
        optimizer:
          lr: 0.01
          type: SGD
      use: False
    emu_l: 1
    emu_r: 10
    eval_type: emu
    kwargs: [{}]
    strategy: drop_layer
    use: False
  retry_on_nan_loss: False
  tok_len: 128
model:
  contrast_temp: 1.0
  contrast_topk: 100
  downstream_tasks: []
  dropout: 0.5
  embed_size: 8
  gamma: 0
  graph_pooling: mean
  hidden: 256
  in_channels: 0
  input_shape: ()
  label_smoothing: 0.1
  lambda_: 0.1
  layer: 2
  length_penalty: 2.0
  max_answer_len: 30
  max_length: 200
  max_tree_depth: 3
  min_length: 1
  model_num_per_trainer: 1
  model_type: google/bert_uncased_L-2_H-128_A-2
  n_best_size: 20
  no_repeat_ngram_size: 3
  null_score_diff_threshold: 0.0
  num_beams: 5
  num_item: 0
  num_labels: 1
  num_of_trees: 10
  num_user: 0
  out_channels: 1
  pretrain_tasks: []
  stage: 
  task: node
  type: roberta-base@huggingface_llm
  use_bias: True
  use_contrastive_loss: False
nbafl:
  use: False
outdir: exp/rolora_sgd_73737_1779838064011580000/FedAvg_roberta-base@huggingface_llm_on_qnli.json@llm_lr0.005_lstep20
personalization:
  K: 5
  beta: 1.0
  epoch_feature: 1
  epoch_linear: 2
  local_param: []
  local_update_steps: 20
  lr: 0.005
  lr_feature: 0.1
  lr_linear: 0.1
  regular_weight: 0.1
  share_non_trainable_para: False
  weight_decay: 0.0
print_decimal_digits: 6
quantization:
  method: none
  nbits: 8
regularizer:
  mu: 0.0
  type: 
seed: 0
sgdmf:
  use: False
train:
  batch_or_epoch: batch
  data_para_dids: []
  is_enable_half: False
  local_update_steps: 20
  optimizer:
    lr: 0.005
    type: SGD
    weight_decay: 0.0002
  scheduler:
    type: 
    warmup_ratio: 0.0
trainer:
  disp_freq: 50
  local_entropy:
    alpha: 0.75
    eps: 0.0001
    gamma: 0.03
    inc_factor: 1.0
  sam:
    adaptive: False
    eta: 0.0
    rho: 1.0
  type: llmtrainer
  val_freq: 100000000
use_gpu: True
verbose: 1
vertical:
  use: False
wandb:
  use: False[0m
/bin/sh: nvidia-smi: command not found
[38;5;39m2026-05-27 01:28:30,879 (utils:167) INFO: The device information file is not provided[0m
[33;20m2026-05-27 01:28:30,880 (model_builder:137) WARNING: The input shape is None. Please specify the `data.input_shape`(a tuple) or give the representative data to `get_model` if necessary[0m
/Users/vliftode/personal/scalable-learning/code/harness/rolora-supplement/RoLoRA-code/.venv-supplement/lib/python3.9/site-packages/huggingface_hub/file_download.py:949: FutureWarning: `resume_download` is deprecated and will be removed in version 1.0.0. Downloads always resume when possible. If you want to force a new download, use `force_download=True`.
  warnings.warn(
Some weights of the model checkpoint at roberta-base were not used when initializing RobertaForSequenceClassification: ['lm_head.layer_norm.weight', 'lm_head.dense.weight', 'lm_head.dense.bias', 'lm_head.layer_norm.bias', 'roberta.pooler.dense.bias', 'lm_head.bias', 'lm_head.decoder.weight', 'roberta.pooler.dense.weight']
- This IS expected if you are initializing RobertaForSequenceClassification from the checkpoint of a model trained on another task or with another architecture (e.g. initializing a BertForSequenceClassification model from a BertForPreTraining model).
- This IS NOT expected if you are initializing RobertaForSequenceClassification from the checkpoint of a model that you expect to be exactly identical (initializing a BertForSequenceClassification model from a BertForSequenceClassification model).
Some weights of RobertaForSequenceClassification were not initialized from the model checkpoint at roberta-base and are newly initialized: ['classifier.out_proj.bias', 'classifier.out_proj.weight', 'classifier.dense.bias', 'classifier.dense.weight']
You should probably TRAIN this model on a down-stream task to be able to use it for predictions and inference.
[38;5;39m2026-05-27 01:28:34,467 (fed_runner:178) INFO: Server has been set up ... [0m
wandb: Tracking run with wandb version 0.25.0
wandb: W&B syncing is set to `offline` in this directory. Run `wandb online` or set WANDB_MODE=online to enable cloud syncing.
wandb: Run data is saved locally in /Users/vliftode/personal/scalable-learning/results/wandb/offline-run-20260527_012834-nl8oqw55
[38;5;39m2026-05-27 01:28:35,471 (trainer:101) INFO: [sls-rolora] wandb run started: project=sls-rolora-local group=overnight_local_qnli name=rolora_sgd[0m
[38;5;39m2026-05-27 01:28:35,761 (fed_runner:228) INFO: Client 1 has been set up ... [0m
[38;5;39m2026-05-27 01:28:35,996 (fed_runner:228) INFO: Client 2 has been set up ... [0m
[38;5;39m2026-05-27 01:28:36,196 (fed_runner:228) INFO: Client 3 has been set up ... [0m
[38;5;39m2026-05-27 01:28:36,196 (trainer:343) INFO: Model meta-info: <class 'federatedscope.llm.model.adapter_builder.AdapterModel'>.[0m
[38;5;39m2026-05-27 01:28:36,204 (trainer:351) INFO: Num of original para names: 56.[0m
[38;5;39m2026-05-27 01:28:36,204 (trainer:352) INFO: Num of original trainable para names: 253.[0m
[38;5;39m2026-05-27 01:28:36,205 (trainer:354) INFO: Num of preserved para names in local update: 56. 
Preserved para names in local update: {'base_model.model.roberta.encoder.layer.5.attention.self.query.lora_A.default.weight', 'base_model.model.roberta.encoder.layer.2.attention.self.value.lora_B.default.weight', 'base_model.model.roberta.encoder.layer.8.attention.self.value.lora_A.default.weight', 'base_model.model.classifier.modules_to_save.default.out_proj.weight', 'base_model.model.roberta.encoder.layer.8.attention.self.query.lora_B.default.weight', 'base_model.model.roberta.encoder.layer.10.attention.self.query.lora_B.default.weight', 'base_model.model.roberta.encoder.layer.0.attention.self.value.lora_A.default.weight', 'base_model.model.roberta.encoder.layer.4.attention.self.value.lora_A.default.weight', 'base_model.model.classifier.modules_to_save.default.dense.weight', 'base_model.model.roberta.encoder.layer.5.attention.self.value.lora_A.default.weight', 'base_model.model.roberta.encoder.layer.11.attention.self.query.lora_A.default.weight', 'base_model.model.roberta.encoder.layer.9.attention.self.query.lora_A.default.weight', 'base_model.model.roberta.encoder.layer.3.attention.self.value.lora_B.default.weight', 'base_model.model.roberta.encoder.layer.11.attention.self.value.lora_A.default.weight', 'base_model.model.classifier.modules_to_save.default.out_proj.bias', 'base_model.model.roberta.encoder.layer.7.attention.self.value.lora_A.default.weight', 'base_model.model.roberta.encoder.layer.2.attention.self.value.lora_A.default.weight', 'base_model.model.roberta.encoder.layer.6.attention.self.query.lora_A.default.weight', 'base_model.model.roberta.encoder.layer.2.attention.self.query.lora_B.default.weight', 'base_model.model.roberta.encoder.layer.10.attention.self.query.lora_A.default.weight', 'base_model.model.classifier.modules_to_save.default.dense.bias', 'base_model.model.roberta.encoder.layer.0.attention.self.value.lora_B.default.weight', 'base_model.model.roberta.encoder.layer.1.attention.self.query.lora_B.default.weight', 'base_model.model.roberta.encoder.layer.7.attention.self.query.lora_B.default.weight', 'base_model.model.roberta.encoder.layer.9.attention.self.value.lora_B.default.weight', 'base_model.model.roberta.encoder.layer.2.attention.self.query.lora_A.default.weight', 'base_model.model.roberta.encoder.layer.9.attention.self.value.lora_A.default.weight', 'base_model.model.roberta.encoder.layer.8.attention.self.value.lora_B.default.weight', 'base_model.model.roberta.encoder.layer.7.attention.self.value.lora_B.default.weight', 'base_model.model.roberta.encoder.layer.7.attention.self.query.lora_A.default.weight', 'base_model.model.roberta.encoder.layer.4.attention.self.value.lora_B.default.weight', 'base_model.model.roberta.encoder.layer.5.attention.self.value.lora_B.default.weight', 'base_model.model.roberta.encoder.layer.8.attention.self.query.lora_A.default.weight', 'base_model.model.roberta.encoder.layer.6.attention.self.value.lora_A.default.weight', 'base_model.model.roberta.encoder.layer.3.attention.self.query.lora_B.default.weight', 'base_model.model.roberta.encoder.layer.3.attention.self.query.lora_A.default.weight', 'base_model.model.roberta.encoder.layer.0.attention.self.query.lora_B.default.weight', 'base_model.model.roberta.encoder.layer.1.attention.self.value.lora_B.default.weight', 'base_model.model.roberta.encoder.layer.6.attention.self.value.lora_B.default.weight', 'base_model.model.classifier.original_module.dense.weight', 'base_model.model.roberta.encoder.layer.4.attention.self.query.lora_B.default.weight', 'base_model.model.roberta.encoder.layer.10.attention.self.value.lora_B.default.weight', 'base_model.model.roberta.encoder.layer.9.attention.self.query.lora_B.default.weight', 'base_model.model.classifier.original_module.out_proj.bias', 'base_model.model.roberta.encoder.layer.5.attention.self.query.lora_B.default.weight', 'base_model.model.roberta.encoder.layer.11.attention.self.value.lora_B.default.weight', 'base_model.model.roberta.encoder.layer.11.attention.self.query.lora_B.default.weight', 'base_model.model.classifier.original_module.dense.bias', 'base_model.model.roberta.encoder.layer.10.attention.self.value.lora_A.default.weight', 'base_model.model.roberta.encoder.layer.1.attention.self.value.lora_A.default.weight', 'base_model.model.roberta.encoder.layer.4.attention.self.query.lora_A.default.weight', 'base_model.model.roberta.encoder.layer.6.attention.self.query.lora_B.default.weight', 'base_model.model.classifier.original_module.out_proj.weight', 'base_model.model.roberta.encoder.layer.0.attention.self.query.lora_A.default.weight', 'base_model.model.roberta.encoder.layer.3.attention.self.value.lora_A.default.weight', 'base_model.model.roberta.encoder.layer.1.attention.self.query.lora_A.default.weight'}.[0m
[38;5;39m2026-05-27 01:28:36,206 (trainer:358) INFO: Num of filtered para names in local update: 0. 
Filtered para names in local update: set().[0m
[38;5;39m2026-05-27 01:28:36,206 (trainer:363) INFO: After register default hooks,
	the hooks_in_train is:
	{
	  "on_fit_start": [
	    "_hook_on_fit_start_numerical_precision",
	    "_hook_on_data_parallel_init",
	    "_hook_on_fit_start_init",
	    "_hook_on_fit_start_calculate_model_size"
	  ],
	  "on_epoch_start": [
	    "_hook_on_epoch_start"
	  ],
	  "on_batch_start": [
	    "_hook_on_batch_start_init"
	  ],
	  "on_batch_forward": [
	    "_hook_on_batch_forward",
	    "_hook_on_batch_forward_regularizer",
	    "_hook_on_batch_forward_flop_count"
	  ],
	  "on_batch_backward": [
	    "_hook_on_batch_backward"
	  ],
	  "on_batch_end": [
	    "_hook_on_batch_end"
	  ],
	  "on_fit_end": [
	    "_hook_on_fit_end"
	  ]
	};
	the hooks_in_eval is:
            t{
	  "on_fit_start": [
	    "_hook_on_fit_start_numerical_precision",
	    "_hook_on_data_parallel_init",
	    "_hook_on_fit_start_init"
	  ],
	  "on_epoch_start": [
	    "_hook_on_epoch_start"
	  ],
	  "on_batch_start": [
	    "_hook_on_batch_start_init"
	  ],
	  "on_batch_forward": [
	    "_hook_on_batch_forward"
	  ],
	  "on_batch_end": [
	    "_hook_on_batch_end"
	  ],
	  "on_fit_end": [
	    "_hook_on_fit_end"
	  ]
	}[0m
[38;5;39m2026-05-27 01:28:36,422 (server:903) INFO: ----------- Starting training (Round #0) -------------[0m
[38;5;39m2026-05-27 01:28:52,125 (client:390) INFO: {'Role': 'Client #3', 'Round': 0, 'Results_raw': {'train_loss': 224.612684, 'train_total': 320, 'train_avg_loss': 0.701915, 'train_acc': 0.515625}}[0m
[38;5;39m2026-05-27 01:29:00,456 (client:390) INFO: {'Role': 'Client #2', 'Round': 0, 'Results_raw': {'train_loss': 223.822799, 'train_total': 320, 'train_avg_loss': 0.699446, 'train_acc': 0.484375}}[0m
[38;5;39m2026-05-27 01:29:09,199 (client:390) INFO: {'Role': 'Client #1', 'Round': 0, 'Results_raw': {'train_loss': 224.839421, 'train_total': 320, 'train_avg_loss': 0.702623, 'train_acc': 0.525}}[0m
[38;5;39m2026-05-27 01:29:09,260 (server:350) INFO: ----------- Starting a new training round (Round #1) -------------[0m
[38;5;39m2026-05-27 01:29:16,713 (client:390) INFO: {'Role': 'Client #3', 'Round': 1, 'Results_raw': {'train_loss': 223.560122, 'train_total': 320, 'train_avg_loss': 0.698625, 'train_acc': 0.515625}}[0m
[38;5;39m2026-05-27 01:29:25,264 (client:390) INFO: {'Role': 'Client #1', 'Round': 1, 'Results_raw': {'train_loss': 224.037345, 'train_total': 320, 'train_avg_loss': 0.700117, 'train_acc': 0.521875}}[0m
[38;5;39m2026-05-27 01:29:33,894 (client:390) INFO: {'Role': 'Client #2', 'Round': 1, 'Results_raw': {'train_loss': 221.857398, 'train_total': 320, 'train_avg_loss': 0.693304, 'train_acc': 0.503125}}[0m
[38;5;39m2026-05-27 01:29:33,908 (server:344) INFO: Server: Starting evaluation at the end of round 1.[0m
[38;5;39m2026-05-27 01:29:33,910 (server:350) INFO: ----------- Starting a new training round (Round #2) -------------[0m
[33;20m2026-05-27 01:29:53,482 (context:226) WARNING: cur_mode `test` mismatch mode `val`, will use `val` to calculate `ctx.var`.[0m
[33;20m2026-05-27 01:29:53,484 (context:226) WARNING: cur_mode `test` mismatch mode `val`, will use `val` to calculate `ctx.var`.[0m
[38;5;39m2026-05-27 01:29:57,367 (client:606) INFO: {'Role': 'Client #1', 'Round': 1, 'Results_raw': {'test_loss': 1271.04113, 'test_total': 1821, 'test_avg_loss': 0.697991, 'test_acc': 0.474465, 'val_loss': 244.435855, 'val_total': 350, 'val_avg_loss': 0.698388, 'val_acc': 0.468571}}[0m
[33;20m2026-05-27 01:30:17,296 (context:226) WARNING: cur_mode `test` mismatch mode `val`, will use `val` to calculate `ctx.var`.[0m
[33;20m2026-05-27 01:30:17,297 (context:226) WARNING: cur_mode `test` mismatch mode `val`, will use `val` to calculate `ctx.var`.[0m
[38;5;39m2026-05-27 01:30:21,070 (client:606) INFO: {'Role': 'Client #2', 'Round': 1, 'Results_raw': {'test_loss': 1258.875541, 'test_total': 1821, 'test_avg_loss': 0.69131, 'test_acc': 0.530478, 'val_loss': 243.060323, 'val_total': 349, 'val_avg_loss': 0.696448, 'val_acc': 0.487106}}[0m
[33;20m2026-05-27 01:30:41,360 (context:226) WARNING: cur_mode `test` mismatch mode `val`, will use `val` to calculate `ctx.var`.[0m
[33;20m2026-05-27 01:30:41,361 (context:226) WARNING: cur_mode `test` mismatch mode `val`, will use `val` to calculate `ctx.var`.[0m
[38;5;39m2026-05-27 01:30:45,031 (client:606) INFO: {'Role': 'Client #3', 'Round': 1, 'Results_raw': {'test_loss': 1263.155232, 'test_total': 1821, 'test_avg_loss': 0.69366, 'test_acc': 0.511258, 'val_loss': 242.298206, 'val_total': 349, 'val_avg_loss': 0.694264, 'val_acc': 0.504298}}[0m
[38;5;39m2026-05-27 01:30:53,384 (client:390) INFO: {'Role': 'Client #1', 'Round': 2, 'Results_raw': {'train_loss': 223.326625, 'train_total': 320, 'train_avg_loss': 0.697896, 'train_acc': 0.509375}}[0m
[38;5;39m2026-05-27 01:31:02,010 (client:390) INFO: {'Role': 'Client #3', 'Round': 2, 'Results_raw': {'train_loss': 224.215488, 'train_total': 320, 'train_avg_loss': 0.700673, 'train_acc': 0.4375}}[0m
[38;5;39m2026-05-27 01:31:10,063 (client:390) INFO: {'Role': 'Client #2', 'Round': 2, 'Results_raw': {'train_loss': 223.265991, 'train_total': 320, 'train_avg_loss': 0.697706, 'train_acc': 0.49375}}[0m
/Users/vliftode/personal/scalable-learning/code/harness/rolora-supplement/RoLoRA-code/.venv-supplement/lib/python3.9/site-packages/numpy/core/fromnumeric.py:3474: RuntimeWarning: Mean of empty slice.
  return _methods._mean(a, axis=axis, dtype=dtype,
/Users/vliftode/personal/scalable-learning/code/harness/rolora-supplement/RoLoRA-code/.venv-supplement/lib/python3.9/site-packages/numpy/core/_methods.py:189: RuntimeWarning: invalid value encountered in double_scalars
  ret = ret.dtype.type(ret / rcount)
[38;5;39m2026-05-27 01:31:10,072 (server:616) INFO: {'Role': 'Server #', 'Round': 1, 'Results_weighted_avg': {'test_loss': 1264.357301, 'test_total': 1821.0, 'test_avg_loss': 0.69432, 'test_acc': 0.5054, 'val_loss': 243.265912, 'val_total': 349.333333, 'val_avg_loss': 0.696369, 'val_acc': 0.486641}, 'Results_avg': {'test_loss': 1264.357301, 'test_total': 1821.0, 'test_avg_loss': 0.69432, 'test_acc': 0.5054, 'val_loss': 243.264795, 'val_total': 349.333333, 'val_avg_loss': 0.696367, 'val_acc': 0.486658}, 'Results_fairness': {'test_total': 1821.0, 'val_total': 349.333333, 'test_loss_std': 5.038791, 'test_loss_bottom_decile': 1258.875541, 'test_loss_top_decile': 1271.04113, 'test_loss_min': 1258.875541, 'test_loss_max': 1271.04113, 'test_loss_bottom10%': nan, 'test_loss_top10%': 1271.04113, 'test_loss_cos1': 0.999992, 'test_loss_entropy': 1.098604, 'test_avg_loss_std': 0.002767, 'test_avg_loss_bottom_decile': 0.69131, 'test_avg_loss_top_decile': 0.697991, 'test_avg_loss_min': 0.69131, 'test_avg_loss_max': 0.697991, 'test_avg_loss_bottom10%': nan, 'test_avg_loss_top10%': 0.697991, 'test_avg_loss_cos1': 0.999992, 'test_avg_loss_entropy': 1.098604, 'test_acc_std': 0.023239, 'test_acc_bottom_decile': 0.474465, 'test_acc_top_decile': 0.530478, 'test_acc_min': 0.474465, 'test_acc_max': 0.530478, 'test_acc_bottom10%': nan, 'test_acc_top10%': 0.530478, 'test_acc_cos1': 0.998944, 'test_acc_entropy': 1.097549, 'val_loss_std': 0.884588, 'val_loss_bottom_decile': 242.298206, 'val_loss_top_decile': 244.435855, 'val_loss_min': 242.298206, 'val_loss_max': 244.435855, 'val_loss_bottom10%': nan, 'val_loss_top10%': 244.435855, 'val_loss_cos1': 0.999993, 'val_loss_entropy': 1.098606, 'val_avg_loss_std': 0.001685, 'val_avg_loss_bottom_decile': 0.694264, 'val_avg_loss_top_decile': 0.698388, 'val_avg_loss_min': 0.694264, 'val_avg_loss_max': 0.698388, 'val_avg_loss_bottom10%': nan, 'val_avg_loss_top10%': 0.698388, 'val_avg_loss_cos1': 0.999997, 'val_avg_loss_entropy': 1.098609, 'val_acc_std': 0.014589, 'val_acc_bottom_decile': 0.468571, 'val_acc_top_decile': 0.504298, 'val_acc_min': 0.468571, 'val_acc_max': 0.504298, 'val_acc_bottom10%': nan, 'val_acc_top10%': 0.504298, 'val_acc_cos1': 0.999551, 'val_acc_entropy': 1.098163}}[0m
[38;5;39m2026-05-27 01:31:10,125 (server:350) INFO: ----------- Starting a new training round (Round #3) -------------[0m
[38;5;39m2026-05-27 01:31:18,536 (client:390) INFO: {'Role': 'Client #3', 'Round': 3, 'Results_raw': {'train_loss': 224.433924, 'train_total': 320, 'train_avg_loss': 0.701356, 'train_acc': 0.484375}}[0m
[38;5;39m2026-05-27 01:31:26,433 (client:390) INFO: {'Role': 'Client #1', 'Round': 3, 'Results_raw': {'train_loss': 223.288754, 'train_total': 320, 'train_avg_loss': 0.697777, 'train_acc': 0.478125}}[0m
[38;5;39m2026-05-27 01:31:34,741 (client:390) INFO: {'Role': 'Client #2', 'Round': 3, 'Results_raw': {'train_loss': 222.359653, 'train_total': 320, 'train_avg_loss': 0.694874, 'train_acc': 0.553125}}[0m
[38;5;39m2026-05-27 01:31:34,748 (server:344) INFO: Server: Starting evaluation at the end of round 3.[0m
[38;5;39m2026-05-27 01:31:34,750 (server:350) INFO: ----------- Starting a new training round (Round #4) -------------[0m
[33;20m2026-05-27 01:31:54,207 (context:226) WARNING: cur_mode `test` mismatch mode `val`, will use `val` to calculate `ctx.var`.[0m
[33;20m2026-05-27 01:31:54,207 (context:226) WARNING: cur_mode `test` mismatch mode `val`, will use `val` to calculate `ctx.var`.[0m
[38;5;39m2026-05-27 01:31:57,894 (client:606) INFO: {'Role': 'Client #1', 'Round': 3, 'Results_raw': {'test_loss': 1265.913446, 'test_total': 1821, 'test_avg_loss': 0.695175, 'test_acc': 0.474465, 'val_loss': 243.345754, 'val_total': 350, 'val_avg_loss': 0.695274, 'val_acc': 0.468571}}[0m
[33;20m2026-05-27 01:32:17,816 (context:226) WARNING: cur_mode `test` mismatch mode `val`, will use `val` to calculate `ctx.var`.[0m
[33;20m2026-05-27 01:32:17,817 (context:226) WARNING: cur_mode `test` mismatch mode `val`, will use `val` to calculate `ctx.var`.[0m
[38;5;39m2026-05-27 01:32:21,637 (client:606) INFO: {'Role': 'Client #2', 'Round': 3, 'Results_raw': {'test_loss': 1259.569405, 'test_total': 1821, 'test_avg_loss': 0.691691, 'test_acc': 0.530478, 'val_loss': 242.303552, 'val_total': 349, 'val_avg_loss': 0.69428, 'val_acc': 0.487106}}[0m
[33;20m2026-05-27 01:32:42,027 (context:226) WARNING: cur_mode `test` mismatch mode `val`, will use `val` to calculate `ctx.var`.[0m
[33;20m2026-05-27 01:32:42,028 (context:226) WARNING: cur_mode `test` mismatch mode `val`, will use `val` to calculate `ctx.var`.[0m
[38;5;39m2026-05-27 01:32:45,759 (client:606) INFO: {'Role': 'Client #3', 'Round': 3, 'Results_raw': {'test_loss': 1261.864594, 'test_total': 1821, 'test_avg_loss': 0.692951, 'test_acc': 0.511258, 'val_loss': 241.932363, 'val_total': 349, 'val_avg_loss': 0.693216, 'val_acc': 0.504298}}[0m
[38;5;39m2026-05-27 01:32:54,415 (client:390) INFO: {'Role': 'Client #3', 'Round': 4, 'Results_raw': {'train_loss': 221.937839, 'train_total': 320, 'train_avg_loss': 0.693556, 'train_acc': 0.50625}}[0m
[38;5;39m2026-05-27 01:33:02,637 (client:390) INFO: {'Role': 'Client #2', 'Round': 4, 'Results_raw': {'train_loss': 222.429413, 'train_total': 320, 'train_avg_loss': 0.695092, 'train_acc': 0.525}}[0m
[38;5;39m2026-05-27 01:33:10,663 (client:390) INFO: {'Role': 'Client #1', 'Round': 4, 'Results_raw': {'train_loss': 224.94951, 'train_total': 320, 'train_avg_loss': 0.702967, 'train_acc': 0.509375}}[0m
[38;5;39m2026-05-27 01:33:10,664 (server:616) INFO: {'Role': 'Server #', 'Round': 3, 'Results_weighted_avg': {'test_loss': 1262.449148, 'test_total': 1821.0, 'test_avg_loss': 0.693272, 'test_acc': 0.5054, 'val_loss': 242.528004, 'val_total': 349.333333, 'val_avg_loss': 0.694257, 'val_acc': 0.486641}, 'Results_avg': {'test_loss': 1262.449148, 'test_total': 1821.0, 'test_avg_loss': 0.693272, 'test_acc': 0.5054, 'val_loss': 242.527223, 'val_total': 349.333333, 'val_avg_loss': 0.694256, 'val_acc': 0.486658}, 'Results_fairness': {'test_total': 1821.0, 'val_total': 349.333333, 'test_loss_std': 2.62272, 'test_loss_bottom_decile': 1259.569405, 'test_loss_top_decile': 1265.913446, 'test_loss_min': 1259.569405, 'test_loss_max': 1265.913446, 'test_loss_bottom10%': nan, 'test_loss_top10%': 1265.913446, 'test_loss_cos1': 0.999998, 'test_loss_entropy': 1.09861, 'test_avg_loss_std': 0.00144, 'test_avg_loss_bottom_decile': 0.691691, 'test_avg_loss_top_decile': 0.695175, 'test_avg_loss_min': 0.691691, 'test_avg_loss_max': 0.695175, 'test_avg_loss_bottom10%': nan, 'test_avg_loss_top10%': 0.695175, 'test_avg_loss_cos1': 0.999998, 'test_avg_loss_entropy': 1.09861, 'test_acc_std': 0.023239, 'test_acc_bottom_decile': 0.474465, 'test_acc_top_decile': 0.530478, 'test_acc_min': 0.474465, 'test_acc_max': 0.530478, 'test_acc_bottom10%': nan, 'test_acc_top10%': 0.530478, 'test_acc_cos1': 0.998944, 'test_acc_entropy': 1.097549, 'val_loss_std': 0.598298, 'val_loss_bottom_decile': 241.932363, 'val_loss_top_decile': 243.345754, 'val_loss_min': 241.932363, 'val_loss_max': 243.345754, 'val_loss_bottom10%': nan, 'val_loss_top10%': 243.345754, 'val_loss_cos1': 0.999997, 'val_loss_entropy': 1.098609, 'val_avg_loss_std': 0.00084, 'val_avg_loss_bottom_decile': 0.693216, 'val_avg_loss_top_decile': 0.695274, 'val_avg_loss_min': 0.693216, 'val_avg_loss_max': 0.695274, 'val_avg_loss_bottom10%': nan, 'val_avg_loss_top10%': 0.695274, 'val_avg_loss_cos1': 0.999999, 'val_avg_loss_entropy': 1.098612, 'val_acc_std': 0.014589, 'val_acc_bottom_decile': 0.468571, 'val_acc_top_decile': 0.504298, 'val_acc_min': 0.468571, 'val_acc_max': 0.504298, 'val_acc_bottom10%': nan, 'val_acc_top10%': 0.504298, 'val_acc_cos1': 0.999551, 'val_acc_entropy': 1.098163}}[0m
[38;5;39m2026-05-27 01:33:10,709 (server:350) INFO: ----------- Starting a new training round (Round #5) -------------[0m
[38;5;39m2026-05-27 01:33:19,031 (client:390) INFO: {'Role': 'Client #2', 'Round': 5, 'Results_raw': {'train_loss': 224.024843, 'train_total': 320, 'train_avg_loss': 0.700078, 'train_acc': 0.46875}}[0m
[38;5;39m2026-05-27 01:33:27,133 (client:390) INFO: {'Role': 'Client #1', 'Round': 5, 'Results_raw': {'train_loss': 220.21139, 'train_total': 320, 'train_avg_loss': 0.688161, 'train_acc': 0.559375}}[0m
[38;5;39m2026-05-27 01:33:35,467 (client:390) INFO: {'Role': 'Client #3', 'Round': 5, 'Results_raw': {'train_loss': 221.510966, 'train_total': 320, 'train_avg_loss': 0.692222, 'train_acc': 0.546875}}[0m
[38;5;39m2026-05-27 01:33:35,475 (server:344) INFO: Server: Starting evaluation at the end of round 5.[0m
[38;5;39m2026-05-27 01:33:35,477 (server:350) INFO: ----------- Starting a new training round (Round #6) -------------[0m
[33;20m2026-05-27 01:33:55,077 (context:226) WARNING: cur_mode `test` mismatch mode `val`, will use `val` to calculate `ctx.var`.[0m
[33;20m2026-05-27 01:33:55,077 (context:226) WARNING: cur_mode `test` mismatch mode `val`, will use `val` to calculate `ctx.var`.[0m
[38;5;39m2026-05-27 01:33:58,799 (client:606) INFO: {'Role': 'Client #1', 'Round': 5, 'Results_raw': {'test_loss': 1297.825893, 'test_total': 1821, 'test_avg_loss': 0.7127, 'test_acc': 0.474465, 'val_loss': 250.004336, 'val_total': 350, 'val_avg_loss': 0.714298, 'val_acc': 0.468571}}[0m
[33;20m2026-05-27 01:34:19,248 (context:226) WARNING: cur_mode `test` mismatch mode `val`, will use `val` to calculate `ctx.var`.[0m
[33;20m2026-05-27 01:34:19,249 (context:226) WARNING: cur_mode `test` mismatch mode `val`, will use `val` to calculate `ctx.var`.[0m
[38;5;39m2026-05-27 01:34:23,152 (client:606) INFO: {'Role': 'Client #2', 'Round': 5, 'Results_raw': {'test_loss': 1266.76035, 'test_total': 1821, 'test_avg_loss': 0.69564, 'test_acc': 0.530478, 'val_loss': 247.41515, 'val_total': 349, 'val_avg_loss': 0.708926, 'val_acc': 0.487106}}[0m
[33;20m2026-05-27 01:34:44,224 (context:226) WARNING: cur_mode `test` mismatch mode `val`, will use `val` to calculate `ctx.var`.[0m
[33;20m2026-05-27 01:34:44,225 (context:226) WARNING: cur_mode `test` mismatch mode `val`, will use `val` to calculate `ctx.var`.[0m
[38;5;39m2026-05-27 01:34:48,034 (client:606) INFO: {'Role': 'Client #3', 'Round': 5, 'Results_raw': {'test_loss': 1277.545622, 'test_total': 1821, 'test_avg_loss': 0.701563, 'test_acc': 0.511258, 'val_loss': 245.514728, 'val_total': 349, 'val_avg_loss': 0.703481, 'val_acc': 0.504298}}[0m
[38;5;39m2026-05-27 01:34:56,078 (client:390) INFO: {'Role': 'Client #2', 'Round': 6, 'Results_raw': {'train_loss': 224.224077, 'train_total': 320, 'train_avg_loss': 0.7007, 'train_acc': 0.540625}}[0m
[38;5;39m2026-05-27 01:35:03,872 (client:390) INFO: {'Role': 'Client #3', 'Round': 6, 'Results_raw': {'train_loss': 222.227328, 'train_total': 320, 'train_avg_loss': 0.69446, 'train_acc': 0.546875}}[0m
[38;5;39m2026-05-27 01:35:12,008 (client:390) INFO: {'Role': 'Client #1', 'Round': 6, 'Results_raw': {'train_loss': 223.015856, 'train_total': 320, 'train_avg_loss': 0.696925, 'train_acc': 0.53125}}[0m
[38;5;39m2026-05-27 01:35:12,009 (server:616) INFO: {'Role': 'Server #', 'Round': 5, 'Results_weighted_avg': {'test_loss': 1280.710622, 'test_total': 1821.0, 'test_avg_loss': 0.703301, 'test_acc': 0.5054, 'val_loss': 247.64699, 'val_total': 349.333333, 'val_avg_loss': 0.708907, 'val_acc': 0.486641}, 'Results_avg': {'test_loss': 1280.710622, 'test_total': 1821.0, 'test_avg_loss': 0.703301, 'test_acc': 0.5054, 'val_loss': 247.644738, 'val_total': 349.333333, 'val_avg_loss': 0.708902, 'val_acc': 0.486658}, 'Results_fairness': {'test_total': 1821.0, 'val_total': 349.333333, 'test_loss_std': 12.878403, 'test_loss_bottom_decile': 1266.76035, 'test_loss_top_decile': 1297.825893, 'test_loss_min': 1266.76035, 'test_loss_max': 1297.825893, 'test_loss_bottom10%': nan, 'test_loss_top10%': 1297.825893, 'test_loss_cos1': 0.999949, 'test_loss_entropy': 1.098562, 'test_avg_loss_std': 0.007072, 'test_avg_loss_bottom_decile': 0.69564, 'test_avg_loss_top_decile': 0.7127, 'test_avg_loss_min': 0.69564, 'test_avg_loss_max': 0.7127, 'test_avg_loss_bottom10%': nan, 'test_avg_loss_top10%': 0.7127, 'test_avg_loss_cos1': 0.999949, 'test_avg_loss_entropy': 1.098562, 'test_acc_std': 0.023239, 'test_acc_bottom_decile': 0.474465, 'test_acc_top_decile': 0.530478, 'test_acc_min': 0.474465, 'test_acc_max': 0.530478, 'test_acc_bottom10%': nan, 'test_acc_top10%': 0.530478, 'test_acc_cos1': 0.998944, 'test_acc_entropy': 1.097549, 'val_loss_std': 1.84005, 'val_loss_bottom_decile': 245.514728, 'val_loss_top_decile': 250.004336, 'val_loss_min': 245.514728, 'val_loss_max': 250.004336, 'val_loss_bottom10%': nan, 'val_loss_top10%': 250.004336, 'val_loss_cos1': 0.999972, 'val_loss_entropy': 1.098585, 'val_avg_loss_std': 0.004416, 'val_avg_loss_bottom_decile': 0.703481, 'val_avg_loss_top_decile': 0.714298, 'val_avg_loss_min': 0.703481, 'val_avg_loss_max': 0.714298, 'val_avg_loss_bottom10%': nan, 'val_avg_loss_top10%': 0.714298, 'val_avg_loss_cos1': 0.999981, 'val_avg_loss_entropy': 1.098593, 'val_acc_std': 0.014589, 'val_acc_bottom_decile': 0.468571, 'val_acc_top_decile': 0.504298, 'val_acc_min': 0.468571, 'val_acc_max': 0.504298, 'val_acc_bottom10%': nan, 'val_acc_top10%': 0.504298, 'val_acc_cos1': 0.999551, 'val_acc_entropy': 1.098163}}[0m
[38;5;39m2026-05-27 01:35:12,018 (server:350) INFO: ----------- Starting a new training round (Round #7) -------------[0m
[38;5;39m2026-05-27 01:35:20,718 (client:390) INFO: {'Role': 'Client #1', 'Round': 7, 'Results_raw': {'train_loss': 222.238599, 'train_total': 320, 'train_avg_loss': 0.694496, 'train_acc': 0.515625}}[0m
[38;5;39m2026-05-27 01:35:29,326 (client:390) INFO: {'Role': 'Client #2', 'Round': 7, 'Results_raw': {'train_loss': 224.47453, 'train_total': 320, 'train_avg_loss': 0.701483, 'train_acc': 0.484375}}[0m
[38;5;39m2026-05-27 01:35:37,599 (client:390) INFO: {'Role': 'Client #3', 'Round': 7, 'Results_raw': {'train_loss': 223.896701, 'train_total': 320, 'train_avg_loss': 0.699677, 'train_acc': 0.50625}}[0m
[38;5;39m2026-05-27 01:35:37,606 (server:344) INFO: Server: Starting evaluation at the end of round 7.[0m
[38;5;39m2026-05-27 01:35:37,608 (server:350) INFO: ----------- Starting a new training round (Round #8) -------------[0m
[33;20m2026-05-27 01:35:57,243 (context:226) WARNING: cur_mode `test` mismatch mode `val`, will use `val` to calculate `ctx.var`.[0m
[33;20m2026-05-27 01:35:57,244 (context:226) WARNING: cur_mode `test` mismatch mode `val`, will use `val` to calculate `ctx.var`.[0m
[38;5;39m2026-05-27 01:36:00,954 (client:606) INFO: {'Role': 'Client #1', 'Round': 7, 'Results_raw': {'test_loss': 1260.906362, 'test_total': 1821, 'test_avg_loss': 0.692425, 'test_acc': 0.524986, 'val_loss': 242.210149, 'val_total': 350, 'val_avg_loss': 0.692029, 'val_acc': 0.54}}[0m
[33;20m2026-05-27 01:36:21,341 (context:226) WARNING: cur_mode `test` mismatch mode `val`, will use `val` to calculate `ctx.var`.[0m
[33;20m2026-05-27 01:36:21,341 (context:226) WARNING: cur_mode `test` mismatch mode `val`, will use `val` to calculate `ctx.var`.[0m
[38;5;39m2026-05-27 01:36:25,271 (client:606) INFO: {'Role': 'Client #2', 'Round': 7, 'Results_raw': {'test_loss': 1263.484303, 'test_total': 1821, 'test_avg_loss': 0.693841, 'test_acc': 0.470071, 'val_loss': 241.694552, 'val_total': 349, 'val_avg_loss': 0.692535, 'val_acc': 0.507163}}[0m
[33;20m2026-05-27 01:36:46,300 (context:226) WARNING: cur_mode `test` mismatch mode `val`, will use `val` to calculate `ctx.var`.[0m
[33;20m2026-05-27 01:36:46,301 (context:226) WARNING: cur_mode `test` mismatch mode `val`, will use `val` to calculate `ctx.var`.[0m
[38;5;39m2026-05-27 01:36:50,132 (client:606) INFO: {'Role': 'Client #3', 'Round': 7, 'Results_raw': {'test_loss': 1262.752623, 'test_total': 1821, 'test_avg_loss': 0.693439, 'test_acc': 0.487644, 'val_loss': 241.912921, 'val_total': 349, 'val_avg_loss': 0.69316, 'val_acc': 0.492837}}[0m
[38;5;39m2026-05-27 01:36:58,444 (client:390) INFO: {'Role': 'Client #1', 'Round': 8, 'Results_raw': {'train_loss': 223.535911, 'train_total': 320, 'train_avg_loss': 0.69855, 'train_acc': 0.515625}}[0m
[38;5;39m2026-05-27 01:37:06,723 (client:390) INFO: {'Role': 'Client #2', 'Round': 8, 'Results_raw': {'train_loss': 222.704202, 'train_total': 320, 'train_avg_loss': 0.695951, 'train_acc': 0.5}}[0m
[38;5;39m2026-05-27 01:37:15,091 (client:390) INFO: {'Role': 'Client #3', 'Round': 8, 'Results_raw': {'train_loss': 222.721774, 'train_total': 320, 'train_avg_loss': 0.696006, 'train_acc': 0.496875}}[0m
[38;5;39m2026-05-27 01:37:15,093 (server:616) INFO: {'Role': 'Server #', 'Round': 7, 'Results_weighted_avg': {'test_loss': 1262.381096, 'test_total': 1821.0, 'test_avg_loss': 0.693235, 'test_acc': 0.494234, 'val_loss': 241.939466, 'val_total': 349.333333, 'val_avg_loss': 0.692574, 'val_acc': 0.513359}, 'Results_avg': {'test_loss': 1262.381096, 'test_total': 1821.0, 'test_avg_loss': 0.693235, 'test_acc': 0.494234, 'val_loss': 241.939207, 'val_total': 349.333333, 'val_avg_loss': 0.692575, 'val_acc': 0.513333}, 'Results_fairness': {'test_total': 1821.0, 'val_total': 349.333333, 'test_loss_std': 1.084733, 'test_loss_bottom_decile': 1260.906362, 'test_loss_top_decile': 1263.484303, 'test_loss_min': 1260.906362, 'test_loss_max': 1263.484303, 'test_loss_bottom10%': nan, 'test_loss_top10%': 1263.484303, 'test_loss_cos1': 1.0, 'test_loss_entropy': 1.098612, 'test_avg_loss_std': 0.000596, 'test_avg_loss_bottom_decile': 0.692425, 'test_avg_loss_top_decile': 0.693841, 'test_avg_loss_min': 0.692425, 'test_avg_loss_max': 0.693841, 'test_avg_loss_bottom10%': nan, 'test_avg_loss_top10%': 0.693841, 'test_avg_loss_cos1': 1.0, 'test_avg_loss_entropy': 1.098612, 'test_acc_std': 0.022898, 'test_acc_bottom_decile': 0.470071, 'test_acc_top_decile': 0.524986, 'test_acc_min': 0.470071, 'test_acc_max': 0.524986, 'test_acc_bottom10%': nan, 'test_acc_top10%': 0.524986, 'test_acc_cos1': 0.998928, 'test_acc_entropy': 1.097545, 'val_loss_std': 0.211311, 'val_loss_bottom_decile': 241.694552, 'val_loss_top_decile': 242.210149, 'val_loss_min': 241.694552, 'val_loss_max': 242.210149, 'val_loss_bottom10%': nan, 'val_loss_top10%': 242.210149, 'val_loss_cos1': 1.0, 'val_loss_entropy': 1.098612, 'val_avg_loss_std': 0.000463, 'val_avg_loss_bottom_decile': 0.692029, 'val_avg_loss_top_decile': 0.69316, 'val_avg_loss_min': 0.692029, 'val_avg_loss_max': 0.69316, 'val_avg_loss_bottom10%': nan, 'val_avg_loss_top10%': 0.69316, 'val_avg_loss_cos1': 1.0, 'val_avg_loss_entropy': 1.098612, 'val_acc_std': 0.019742, 'val_acc_bottom_decile': 0.492837, 'val_acc_top_decile': 0.54, 'val_acc_min': 0.492837, 'val_acc_max': 0.54, 'val_acc_bottom10%': nan, 'val_acc_top10%': 0.54, 'val_acc_cos1': 0.999261, 'val_acc_entropy': 1.097877}}[0m
[38;5;39m2026-05-27 01:37:15,133 (server:350) INFO: ----------- Starting a new training round (Round #9) -------------[0m
[38;5;39m2026-05-27 01:37:23,619 (client:390) INFO: {'Role': 'Client #2', 'Round': 9, 'Results_raw': {'train_loss': 223.440479, 'train_total': 320, 'train_avg_loss': 0.698251, 'train_acc': 0.540625}}[0m
[38;5;39m2026-05-27 01:37:29,296 (client:390) INFO: {'Role': 'Client #1', 'Round': 9, 'Results_raw': {'train_loss': 223.439322, 'train_total': 320, 'train_avg_loss': 0.698248, 'train_acc': 0.496875}}[0m
[38;5;39m2026-05-27 01:37:34,865 (client:390) INFO: {'Role': 'Client #3', 'Round': 9, 'Results_raw': {'train_loss': 224.86865, 'train_total': 320, 'train_avg_loss': 0.702715, 'train_acc': 0.45625}}[0m
[38;5;39m2026-05-27 01:37:34,877 (server:344) INFO: Server: Starting evaluation at the end of round 9.[0m
[38;5;39m2026-05-27 01:37:34,880 (server:350) INFO: ----------- Starting a new training round (Round #10) -------------[0m
[33;20m2026-05-27 01:37:48,896 (context:226) WARNING: cur_mode `test` mismatch mode `val`, will use `val` to calculate `ctx.var`.[0m
[33;20m2026-05-27 01:37:48,896 (context:226) WARNING: cur_mode `test` mismatch mode `val`, will use `val` to calculate `ctx.var`.[0m
[38;5;39m2026-05-27 01:37:51,433 (client:606) INFO: {'Role': 'Client #1', 'Round': 9, 'Results_raw': {'test_loss': 1261.440972, 'test_total': 1821, 'test_avg_loss': 0.692719, 'test_acc': 0.52279, 'val_loss': 242.346367, 'val_total': 350, 'val_avg_loss': 0.692418, 'val_acc': 0.548571}}[0m
[33;20m2026-05-27 01:38:05,361 (context:226) WARNING: cur_mode `test` mismatch mode `val`, will use `val` to calculate `ctx.var`.[0m
[33;20m2026-05-27 01:38:05,362 (context:226) WARNING: cur_mode `test` mismatch mode `val`, will use `val` to calculate `ctx.var`.[0m
[38;5;39m2026-05-27 01:38:07,966 (client:606) INFO: {'Role': 'Client #2', 'Round': 9, 'Results_raw': {'test_loss': 1262.546619, 'test_total': 1821, 'test_avg_loss': 0.693326, 'test_acc': 0.489841, 'val_loss': 241.746101, 'val_total': 349, 'val_avg_loss': 0.692682, 'val_acc': 0.512894}}[0m
[33;20m2026-05-27 01:38:22,022 (context:226) WARNING: cur_mode `test` mismatch mode `val`, will use `val` to calculate `ctx.var`.[0m
[33;20m2026-05-27 01:38:22,023 (context:226) WARNING: cur_mode `test` mismatch mode `val`, will use `val` to calculate `ctx.var`.[0m
[38;5;39m2026-05-27 01:38:24,482 (client:606) INFO: {'Role': 'Client #3', 'Round': 9, 'Results_raw': {'test_loss': 1262.310303, 'test_total': 1821, 'test_avg_loss': 0.693196, 'test_acc': 0.488742, 'val_loss': 241.865637, 'val_total': 349, 'val_avg_loss': 0.693025, 'val_acc': 0.512894}}[0m
[38;5;39m2026-05-27 01:38:29,815 (client:390) INFO: {'Role': 'Client #1', 'Round': 10, 'Results_raw': {'train_loss': 223.728683, 'train_total': 320, 'train_avg_loss': 0.699152, 'train_acc': 0.503125}}[0m
[38;5;39m2026-05-27 01:38:34,756 (client:390) INFO: {'Role': 'Client #3', 'Round': 10, 'Results_raw': {'train_loss': 224.826002, 'train_total': 320, 'train_avg_loss': 0.702581, 'train_acc': 0.43125}}[0m
[38;5;39m2026-05-27 01:38:39,929 (client:390) INFO: {'Role': 'Client #2', 'Round': 10, 'Results_raw': {'train_loss': 225.292113, 'train_total': 320, 'train_avg_loss': 0.704038, 'train_acc': 0.471875}}[0m
[38;5;39m2026-05-27 01:38:39,931 (server:616) INFO: {'Role': 'Server #', 'Round': 9, 'Results_weighted_avg': {'test_loss': 1262.099298, 'test_total': 1821.0, 'test_avg_loss': 0.69308, 'test_acc': 0.500458, 'val_loss': 241.986378, 'val_total': 349.333333, 'val_avg_loss': 0.692708, 'val_acc': 0.524809}, 'Results_avg': {'test_loss': 1262.099298, 'test_total': 1821.0, 'test_avg_loss': 0.69308, 'test_acc': 0.500458, 'val_loss': 241.986035, 'val_total': 349.333333, 'val_avg_loss': 0.692708, 'val_acc': 0.524786}, 'Results_fairness': {'test_total': 1821.0, 'val_total': 349.333333, 'test_loss_std': 0.475399, 'test_loss_bottom_decile': 1261.440972, 'test_loss_top_decile': 1262.546619, 'test_loss_min': 1261.440972, 'test_loss_max': 1262.546619, 'test_loss_bottom10%': nan, 'test_loss_top10%': 1262.546619, 'test_loss_cos1': 1.0, 'test_loss_entropy': 1.098612, 'test_avg_loss_std': 0.000261, 'test_avg_loss_bottom_decile': 0.692719, 'test_avg_loss_top_decile': 0.693326, 'test_avg_loss_min': 0.692719, 'test_avg_loss_max': 0.693326, 'test_avg_loss_bottom10%': nan, 'test_avg_loss_top10%': 0.693326, 'test_avg_loss_cos1': 1.0, 'test_avg_loss_entropy': 1.098612, 'test_acc_std': 0.015798, 'test_acc_bottom_decile': 0.488742, 'test_acc_top_decile': 0.52279, 'test_acc_min': 0.488742, 'test_acc_max': 0.52279, 'test_acc_bottom10%': nan, 'test_acc_top10%': 0.52279, 'test_acc_cos1': 0.999502, 'test_acc_entropy': 1.098118, 'val_loss_std': 0.259424, 'val_loss_bottom_decile': 241.746101, 'val_loss_top_decile': 242.346367, 'val_loss_min': 241.746101, 'val_loss_max': 242.346367, 'val_loss_bottom10%': nan, 'val_loss_top10%': 242.346367, 'val_loss_cos1': 0.999999, 'val_loss_entropy': 1.098612, 'val_avg_loss_std': 0.000248, 'val_avg_loss_bottom_decile': 0.692418, 'val_avg_loss_top_decile': 0.693025, 'val_avg_loss_min': 0.692418, 'val_avg_loss_max': 0.693025, 'val_avg_loss_bottom10%': nan, 'val_avg_loss_top10%': 0.693025, 'val_avg_loss_cos1': 1.0, 'val_avg_loss_entropy': 1.098612, 'val_acc_std': 0.016819, 'val_acc_bottom_decile': 0.512894, 'val_acc_top_decile': 0.548571, 'val_acc_min': 0.512894, 'val_acc_max': 0.548571, 'val_acc_bottom10%': nan, 'val_acc_top10%': 0.548571, 'val_acc_cos1': 0.999487, 'val_acc_entropy': 1.098102}}[0m
[38;5;39m2026-05-27 01:38:39,939 (server:350) INFO: ----------- Starting a new training round (Round #11) -------------[0m
[38;5;39m2026-05-27 01:38:45,174 (client:390) INFO: {'Role': 'Client #1', 'Round': 11, 'Results_raw': {'train_loss': 222.295313, 'train_total': 320, 'train_avg_loss': 0.694673, 'train_acc': 0.5625}}[0m
[38;5;39m2026-05-27 01:38:50,657 (client:390) INFO: {'Role': 'Client #3', 'Round': 11, 'Results_raw': {'train_loss': 224.339264, 'train_total': 320, 'train_avg_loss': 0.70106, 'train_acc': 0.471875}}[0m
[38;5;39m2026-05-27 01:38:56,511 (client:390) INFO: {'Role': 'Client #2', 'Round': 11, 'Results_raw': {'train_loss': 222.34008, 'train_total': 320, 'train_avg_loss': 0.694813, 'train_acc': 0.496875}}[0m
[38;5;39m2026-05-27 01:38:56,523 (server:344) INFO: Server: Starting evaluation at the end of round 11.[0m
[38;5;39m2026-05-27 01:38:56,525 (server:350) INFO: ----------- Starting a new training round (Round #12) -------------[0m
[33;20m2026-05-27 01:39:10,212 (context:226) WARNING: cur_mode `test` mismatch mode `val`, will use `val` to calculate `ctx.var`.[0m
[33;20m2026-05-27 01:39:10,212 (context:226) WARNING: cur_mode `test` mismatch mode `val`, will use `val` to calculate `ctx.var`.[0m
[38;5;39m2026-05-27 01:39:12,722 (client:606) INFO: {'Role': 'Client #1', 'Round': 11, 'Results_raw': {'test_loss': 1260.178088, 'test_total': 1821, 'test_avg_loss': 0.692025, 'test_acc': 0.525535, 'val_loss': 242.021498, 'val_total': 350, 'val_avg_loss': 0.69149, 'val_acc': 0.531429}}[0m
[33;20m2026-05-27 01:39:26,587 (context:226) WARNING: cur_mode `test` mismatch mode `val`, will use `val` to calculate `ctx.var`.[0m
[33;20m2026-05-27 01:39:26,587 (context:226) WARNING: cur_mode `test` mismatch mode `val`, will use `val` to calculate `ctx.var`.[0m
[38;5;39m2026-05-27 01:39:29,225 (client:606) INFO: {'Role': 'Client #2', 'Round': 11, 'Results_raw': {'test_loss': 1264.758895, 'test_total': 1821, 'test_avg_loss': 0.694541, 'test_acc': 0.469522, 'val_loss': 241.649475, 'val_total': 349, 'val_avg_loss': 0.692405, 'val_acc': 0.512894}}[0m
[33;20m2026-05-27 01:39:43,299 (context:226) WARNING: cur_mode `test` mismatch mode `val`, will use `val` to calculate `ctx.var`.[0m
[33;20m2026-05-27 01:39:43,299 (context:226) WARNING: cur_mode `test` mismatch mode `val`, will use `val` to calculate `ctx.var`.[0m
[38;5;39m2026-05-27 01:39:45,769 (client:606) INFO: {'Role': 'Client #3', 'Round': 11, 'Results_raw': {'test_loss': 1263.348286, 'test_total': 1821, 'test_avg_loss': 0.693766, 'test_acc': 0.488742, 'val_loss': 241.965497, 'val_total': 349, 'val_avg_loss': 0.693311, 'val_acc': 0.495702}}[0m
[38;5;39m2026-05-27 01:39:50,858 (client:390) INFO: {'Role': 'Client #3', 'Round': 12, 'Results_raw': {'train_loss': 222.137102, 'train_total': 320, 'train_avg_loss': 0.694178, 'train_acc': 0.53125}}[0m
[38;5;39m2026-05-27 01:39:56,062 (client:390) INFO: {'Role': 'Client #2', 'Round': 12, 'Results_raw': {'train_loss': 221.859571, 'train_total': 320, 'train_avg_loss': 0.693311, 'train_acc': 0.525}}[0m
[38;5;39m2026-05-27 01:40:01,383 (client:390) INFO: {'Role': 'Client #1', 'Round': 12, 'Results_raw': {'train_loss': 222.007268, 'train_total': 320, 'train_avg_loss': 0.693773, 'train_acc': 0.51875}}[0m
[38;5;39m2026-05-27 01:40:01,385 (server:616) INFO: {'Role': 'Server #', 'Round': 11, 'Results_weighted_avg': {'test_loss': 1262.761757, 'test_total': 1821.0, 'test_avg_loss': 0.693444, 'test_acc': 0.4946, 'val_loss': 241.878959, 'val_total': 349.333333, 'val_avg_loss': 0.692401, 'val_acc': 0.513359}, 'Results_avg': {'test_loss': 1262.761757, 'test_total': 1821.0, 'test_avg_loss': 0.693444, 'test_acc': 0.4946, 'val_loss': 241.878823, 'val_total': 349.333333, 'val_avg_loss': 0.692402, 'val_acc': 0.513342}, 'Results_fairness': {'test_total': 1821.0, 'val_total': 349.333333, 'test_loss_std': 1.915543, 'test_loss_bottom_decile': 1260.178088, 'test_loss_top_decile': 1264.758895, 'test_loss_min': 1260.178088, 'test_loss_max': 1264.758895, 'test_loss_bottom10%': nan, 'test_loss_top10%': 1264.758895, 'test_loss_cos1': 0.999999, 'test_loss_entropy': 1.098611, 'test_avg_loss_std': 0.001052, 'test_avg_loss_bottom_decile': 0.692025, 'test_avg_loss_top_decile': 0.694541, 'test_avg_loss_min': 0.692025, 'test_avg_loss_max': 0.694541, 'test_avg_loss_bottom10%': nan, 'test_avg_loss_top10%': 0.694541, 'test_avg_loss_cos1': 0.999999, 'test_avg_loss_entropy': 1.098611, 'test_acc_std': 0.023239, 'test_acc_bottom_decile': 0.469522, 'test_acc_top_decile': 0.525535, 'test_acc_min': 0.469522, 'test_acc_max': 0.525535, 'test_acc_bottom10%': nan, 'test_acc_top10%': 0.525535, 'test_acc_cos1': 0.998898, 'test_acc_entropy': 1.097514, 'val_loss_std': 0.163777, 'val_loss_bottom_decile': 241.649475, 'val_loss_top_decile': 242.021498, 'val_loss_min': 241.649475, 'val_loss_max': 242.021498, 'val_loss_bottom10%': nan, 'val_loss_top10%': 242.021498, 'val_loss_cos1': 1.0, 'val_loss_entropy': 1.098612, 'val_avg_loss_std': 0.000743, 'val_avg_loss_bottom_decile': 0.69149, 'val_avg_loss_top_decile': 0.693311, 'val_avg_loss_min': 0.69149, 'val_avg_loss_max': 0.693311, 'val_avg_loss_bottom10%': nan, 'val_avg_loss_top10%': 0.693311, 'val_avg_loss_cos1': 0.999999, 'val_avg_loss_entropy': 1.098612, 'val_acc_std': 0.014589, 'val_acc_bottom_decile': 0.495702, 'val_acc_top_decile': 0.531429, 'val_acc_min': 0.495702, 'val_acc_max': 0.531429, 'val_acc_bottom10%': nan, 'val_acc_top10%': 0.531429, 'val_acc_cos1': 0.999596, 'val_acc_entropy': 1.098209}}[0m
[38;5;39m2026-05-27 01:40:01,406 (server:350) INFO: ----------- Starting a new training round (Round #13) -------------[0m
[38;5;39m2026-05-27 01:40:06,505 (client:390) INFO: {'Role': 'Client #3', 'Round': 13, 'Results_raw': {'train_loss': 223.31743, 'train_total': 320, 'train_avg_loss': 0.697867, 'train_acc': 0.503125}}[0m
[38;5;39m2026-05-27 01:40:11,757 (client:390) INFO: {'Role': 'Client #2', 'Round': 13, 'Results_raw': {'train_loss': 225.119048, 'train_total': 320, 'train_avg_loss': 0.703497, 'train_acc': 0.503125}}[0m
[38;5;39m2026-05-27 01:40:17,356 (client:390) INFO: {'Role': 'Client #1', 'Round': 13, 'Results_raw': {'train_loss': 223.424225, 'train_total': 320, 'train_avg_loss': 0.698201, 'train_acc': 0.515625}}[0m
[38;5;39m2026-05-27 01:40:17,364 (server:344) INFO: Server: Starting evaluation at the end of round 13.[0m
[38;5;39m2026-05-27 01:40:17,366 (server:350) INFO: ----------- Starting a new training round (Round #14) -------------[0m
[33;20m2026-05-27 01:40:32,652 (context:226) WARNING: cur_mode `test` mismatch mode `val`, will use `val` to calculate `ctx.var`.[0m
[33;20m2026-05-27 01:40:32,653 (context:226) WARNING: cur_mode `test` mismatch mode `val`, will use `val` to calculate `ctx.var`.[0m
[38;5;39m2026-05-27 01:40:36,344 (client:606) INFO: {'Role': 'Client #1', 'Round': 13, 'Results_raw': {'test_loss': 1266.894701, 'test_total': 1821, 'test_avg_loss': 0.695714, 'test_acc': 0.474465, 'val_loss': 243.570519, 'val_total': 350, 'val_avg_loss': 0.695916, 'val_acc': 0.468571}}[0m
[33;20m2026-05-27 01:40:56,348 (context:226) WARNING: cur_mode `test` mismatch mode `val`, will use `val` to calculate `ctx.var`.[0m
[33;20m2026-05-27 01:40:56,349 (context:226) WARNING: cur_mode `test` mismatch mode `val`, will use `val` to calculate `ctx.var`.[0m
[38;5;39m2026-05-27 01:41:00,270 (client:606) INFO: {'Role': 'Client #2', 'Round': 13, 'Results_raw': {'test_loss': 1258.914135, 'test_total': 1821, 'test_avg_loss': 0.691331, 'test_acc': 0.530478, 'val_loss': 242.446234, 'val_total': 349, 'val_avg_loss': 0.694688, 'val_acc': 0.487106}}[0m
[33;20m2026-05-27 01:41:20,751 (context:226) WARNING: cur_mode `test` mismatch mode `val`, will use `val` to calculate `ctx.var`.[0m
[33;20m2026-05-27 01:41:20,752 (context:226) WARNING: cur_mode `test` mismatch mode `val`, will use `val` to calculate `ctx.var`.[0m
[38;5;39m2026-05-27 01:41:24,329 (client:606) INFO: {'Role': 'Client #3', 'Round': 13, 'Results_raw': {'test_loss': 1261.773672, 'test_total': 1821, 'test_avg_loss': 0.692902, 'test_acc': 0.511258, 'val_loss': 241.948041, 'val_total': 349, 'val_avg_loss': 0.693261, 'val_acc': 0.504298}}[0m
[38;5;39m2026-05-27 01:41:32,156 (client:390) INFO: {'Role': 'Client #3', 'Round': 14, 'Results_raw': {'train_loss': 222.837222, 'train_total': 320, 'train_avg_loss': 0.696366, 'train_acc': 0.4625}}[0m
[38;5;39m2026-05-27 01:41:39,965 (client:390) INFO: {'Role': 'Client #2', 'Round': 14, 'Results_raw': {'train_loss': 223.730744, 'train_total': 320, 'train_avg_loss': 0.699159, 'train_acc': 0.51875}}[0m
[38;5;39m2026-05-27 01:41:47,399 (client:390) INFO: {'Role': 'Client #1', 'Round': 14, 'Results_raw': {'train_loss': 224.687304, 'train_total': 320, 'train_avg_loss': 0.702148, 'train_acc': 0.471875}}[0m
[38;5;39m2026-05-27 01:41:47,400 (server:616) INFO: {'Role': 'Server #', 'Round': 13, 'Results_weighted_avg': {'test_loss': 1262.527503, 'test_total': 1821.0, 'test_avg_loss': 0.693315, 'test_acc': 0.5054, 'val_loss': 242.655805, 'val_total': 349.333333, 'val_avg_loss': 0.694623, 'val_acc': 0.486641}, 'Results_avg': {'test_loss': 1262.527503, 'test_total': 1821.0, 'test_avg_loss': 0.693315, 'test_acc': 0.5054, 'val_loss': 242.654931, 'val_total': 349.333333, 'val_avg_loss': 0.694622, 'val_acc': 0.486658}, 'Results_fairness': {'test_total': 1821.0, 'val_total': 349.333333, 'test_loss_std': 3.301369, 'test_loss_bottom_decile': 1258.914135, 'test_loss_top_decile': 1266.894701, 'test_loss_min': 1258.914135, 'test_loss_max': 1266.894701, 'test_loss_bottom10%': nan, 'test_loss_top10%': 1266.894701, 'test_loss_cos1': 0.999997, 'test_loss_entropy': 1.098609, 'test_avg_loss_std': 0.001813, 'test_avg_loss_bottom_decile': 0.691331, 'test_avg_loss_top_decile': 0.695714, 'test_avg_loss_min': 0.691331, 'test_avg_loss_max': 0.695714, 'test_avg_loss_bottom10%': nan, 'test_avg_loss_top10%': 0.695714, 'test_avg_loss_cos1': 0.999997, 'test_avg_loss_entropy': 1.098609, 'test_acc_std': 0.023239, 'test_acc_bottom_decile': 0.474465, 'test_acc_top_decile': 0.530478, 'test_acc_min': 0.474465, 'test_acc_max': 0.530478, 'test_acc_bottom10%': nan, 'test_acc_top10%': 0.530478, 'test_acc_cos1': 0.998944, 'test_acc_entropy': 1.097549, 'val_loss_std': 0.678614, 'val_loss_bottom_decile': 241.948041, 'val_loss_top_decile': 243.570519, 'val_loss_min': 241.948041, 'val_loss_max': 243.570519, 'val_loss_bottom10%': nan, 'val_loss_top10%': 243.570519, 'val_loss_cos1': 0.999996, 'val_loss_entropy': 1.098608, 'val_avg_loss_std': 0.001085, 'val_avg_loss_bottom_decile': 0.693261, 'val_avg_loss_top_decile': 0.695916, 'val_avg_loss_min': 0.693261, 'val_avg_loss_max': 0.695916, 'val_avg_loss_bottom10%': nan, 'val_avg_loss_top10%': 0.695916, 'val_avg_loss_cos1': 0.999999, 'val_avg_loss_entropy': 1.098611, 'val_acc_std': 0.014589, 'val_acc_bottom_decile': 0.468571, 'val_acc_top_decile': 0.504298, 'val_acc_min': 0.468571, 'val_acc_max': 0.504298, 'val_acc_bottom10%': nan, 'val_acc_top10%': 0.504298, 'val_acc_cos1': 0.999551, 'val_acc_entropy': 1.098163}}[0m
[38;5;39m2026-05-27 01:41:47,408 (server:350) INFO: ----------- Starting a new training round (Round #15) -------------[0m
[38;5;39m2026-05-27 01:41:54,877 (client:390) INFO: {'Role': 'Client #3', 'Round': 15, 'Results_raw': {'train_loss': 221.808906, 'train_total': 320, 'train_avg_loss': 0.693153, 'train_acc': 0.49375}}[0m
[38;5;39m2026-05-27 01:42:03,080 (client:390) INFO: {'Role': 'Client #1', 'Round': 15, 'Results_raw': {'train_loss': 223.723444, 'train_total': 320, 'train_avg_loss': 0.699136, 'train_acc': 0.50625}}[0m
[38;5;39m2026-05-27 01:42:11,454 (client:390) INFO: {'Role': 'Client #2', 'Round': 15, 'Results_raw': {'train_loss': 223.095133, 'train_total': 320, 'train_avg_loss': 0.697172, 'train_acc': 0.525}}[0m
[38;5;39m2026-05-27 01:42:11,461 (server:344) INFO: Server: Starting evaluation at the end of round 15.[0m
[38;5;39m2026-05-27 01:42:11,463 (server:350) INFO: ----------- Starting a new training round (Round #16) -------------[0m
[33;20m2026-05-27 01:42:31,179 (context:226) WARNING: cur_mode `test` mismatch mode `val`, will use `val` to calculate `ctx.var`.[0m
[33;20m2026-05-27 01:42:31,179 (context:226) WARNING: cur_mode `test` mismatch mode `val`, will use `val` to calculate `ctx.var`.[0m
[38;5;39m2026-05-27 01:42:34,840 (client:606) INFO: {'Role': 'Client #1', 'Round': 15, 'Results_raw': {'test_loss': 1262.722203, 'test_total': 1821, 'test_avg_loss': 0.693422, 'test_acc': 0.481604, 'val_loss': 242.640882, 'val_total': 350, 'val_avg_loss': 0.69326, 'val_acc': 0.48}}[0m
[33;20m2026-05-27 01:42:54,814 (context:226) WARNING: cur_mode `test` mismatch mode `val`, will use `val` to calculate `ctx.var`.[0m
[33;20m2026-05-27 01:42:54,815 (context:226) WARNING: cur_mode `test` mismatch mode `val`, will use `val` to calculate `ctx.var`.[0m
[38;5;39m2026-05-27 01:42:58,628 (client:606) INFO: {'Role': 'Client #2', 'Round': 15, 'Results_raw': {'test_loss': 1260.77213, 'test_total': 1821, 'test_avg_loss': 0.692352, 'test_acc': 0.533773, 'val_loss': 241.894212, 'val_total': 349, 'val_avg_loss': 0.693107, 'val_acc': 0.495702}}[0m
[33;20m2026-05-27 01:43:18,911 (context:226) WARNING: cur_mode `test` mismatch mode `val`, will use `val` to calculate `ctx.var`.[0m
[33;20m2026-05-27 01:43:18,911 (context:226) WARNING: cur_mode `test` mismatch mode `val`, will use `val` to calculate `ctx.var`.[0m
[38;5;39m2026-05-27 01:43:22,520 (client:606) INFO: {'Role': 'Client #3', 'Round': 15, 'Results_raw': {'test_loss': 1261.571442, 'test_total': 1821, 'test_avg_loss': 0.69279, 'test_acc': 0.512356, 'val_loss': 241.759086, 'val_total': 349, 'val_avg_loss': 0.692719, 'val_acc': 0.524355}}[0m
[38;5;39m2026-05-27 01:43:30,748 (client:390) INFO: {'Role': 'Client #2', 'Round': 16, 'Results_raw': {'train_loss': 223.638941, 'train_total': 320, 'train_avg_loss': 0.698872, 'train_acc': 0.50625}}[0m
[38;5;39m2026-05-27 01:43:39,328 (client:390) INFO: {'Role': 'Client #3', 'Round': 16, 'Results_raw': {'train_loss': 223.322573, 'train_total': 320, 'train_avg_loss': 0.697883, 'train_acc': 0.496875}}[0m
[38;5;39m2026-05-27 01:43:47,701 (client:390) INFO: {'Role': 'Client #1', 'Round': 16, 'Results_raw': {'train_loss': 224.076366, 'train_total': 320, 'train_avg_loss': 0.700239, 'train_acc': 0.48125}}[0m
[38;5;39m2026-05-27 01:43:47,703 (server:616) INFO: {'Role': 'Server #', 'Round': 15, 'Results_weighted_avg': {'test_loss': 1261.688592, 'test_total': 1821.0, 'test_avg_loss': 0.692855, 'test_acc': 0.509244, 'val_loss': 242.098578, 'val_total': 349.333333, 'val_avg_loss': 0.693029, 'val_acc': 0.5}, 'Results_avg': {'test_loss': 1261.688592, 'test_total': 1821.0, 'test_avg_loss': 0.692855, 'test_acc': 0.509244, 'val_loss': 242.09806, 'val_total': 349.333333, 'val_avg_loss': 0.693029, 'val_acc': 0.500019}, 'Results_fairness': {'test_total': 1821.0, 'val_total': 349.333333, 'test_loss_std': 0.800412, 'test_loss_bottom_decile': 1260.77213, 'test_loss_top_decile': 1262.722203, 'test_loss_min': 1260.77213, 'test_loss_max': 1262.722203, 'test_loss_bottom10%': nan, 'test_loss_top10%': 1262.722203, 'test_loss_cos1': 1.0, 'test_loss_entropy': 1.098612, 'test_avg_loss_std': 0.00044, 'test_avg_loss_bottom_decile': 0.692352, 'test_avg_loss_top_decile': 0.693422, 'test_avg_loss_min': 0.692352, 'test_avg_loss_max': 0.693422, 'test_avg_loss_bottom10%': nan, 'test_avg_loss_top10%': 0.693422, 'test_avg_loss_cos1': 1.0, 'test_avg_loss_entropy': 1.098612, 'test_acc_std': 0.021411, 'test_acc_bottom_decile': 0.481604, 'test_acc_top_decile': 0.533773, 'test_acc_min': 0.481604, 'test_acc_max': 0.533773, 'test_acc_bottom10%': nan, 'test_acc_top10%': 0.533773, 'test_acc_cos1': 0.999117, 'test_acc_entropy': 1.097725, 'val_loss_std': 0.387777, 'val_loss_bottom_decile': 241.759086, 'val_loss_top_decile': 242.640882, 'val_loss_min': 241.759086, 'val_loss_max': 242.640882, 'val_loss_bottom10%': nan, 'val_loss_top10%': 242.640882, 'val_loss_cos1': 0.999999, 'val_loss_entropy': 1.098611, 'val_avg_loss_std': 0.000227, 'val_avg_loss_bottom_decile': 0.692719, 'val_avg_loss_top_decile': 0.69326, 'val_avg_loss_min': 0.692719, 'val_avg_loss_max': 0.69326, 'val_avg_loss_bottom10%': nan, 'val_avg_loss_top10%': 0.69326, 'val_avg_loss_cos1': 1.0, 'val_avg_loss_entropy': 1.098612, 'val_acc_std': 0.018363, 'val_acc_bottom_decile': 0.48, 'val_acc_top_decile': 0.524355, 'val_acc_min': 0.48, 'val_acc_max': 0.524355, 'val_acc_bottom10%': nan, 'val_acc_top10%': 0.524355, 'val_acc_cos1': 0.999326, 'val_acc_entropy': 1.09794}}[0m
[38;5;39m2026-05-27 01:43:47,711 (server:350) INFO: ----------- Starting a new training round (Round #17) -------------[0m
[38;5;39m2026-05-27 01:43:55,147 (client:390) INFO: {'Role': 'Client #3', 'Round': 17, 'Results_raw': {'train_loss': 223.281685, 'train_total': 320, 'train_avg_loss': 0.697755, 'train_acc': 0.509375}}[0m
[38;5;39m2026-05-27 01:44:03,092 (client:390) INFO: {'Role': 'Client #2', 'Round': 17, 'Results_raw': {'train_loss': 223.244039, 'train_total': 320, 'train_avg_loss': 0.697638, 'train_acc': 0.50625}}[0m
[38;5;39m2026-05-27 01:44:10,777 (client:390) INFO: {'Role': 'Client #1', 'Round': 17, 'Results_raw': {'train_loss': 223.020504, 'train_total': 320, 'train_avg_loss': 0.696939, 'train_acc': 0.54375}}[0m
[38;5;39m2026-05-27 01:44:10,785 (server:344) INFO: Server: Starting evaluation at the end of round 17.[0m
[38;5;39m2026-05-27 01:44:10,787 (server:350) INFO: ----------- Starting a new training round (Round #18) -------------[0m
[33;20m2026-05-27 01:44:30,402 (context:226) WARNING: cur_mode `test` mismatch mode `val`, will use `val` to calculate `ctx.var`.[0m
[33;20m2026-05-27 01:44:30,402 (context:226) WARNING: cur_mode `test` mismatch mode `val`, will use `val` to calculate `ctx.var`.[0m
[38;5;39m2026-05-27 01:44:34,093 (client:606) INFO: {'Role': 'Client #1', 'Round': 17, 'Results_raw': {'test_loss': 1260.541383, 'test_total': 1821, 'test_avg_loss': 0.692225, 'test_acc': 0.525535, 'val_loss': 242.120648, 'val_total': 350, 'val_avg_loss': 0.691773, 'val_acc': 0.531429}}[0m
[33;20m2026-05-27 01:44:53,938 (context:226) WARNING: cur_mode `test` mismatch mode `val`, will use `val` to calculate `ctx.var`.[0m
[33;20m2026-05-27 01:44:53,938 (context:226) WARNING: cur_mode `test` mismatch mode `val`, will use `val` to calculate `ctx.var`.[0m
[38;5;39m2026-05-27 01:44:57,685 (client:606) INFO: {'Role': 'Client #2', 'Round': 17, 'Results_raw': {'test_loss': 1263.530477, 'test_total': 1821, 'test_avg_loss': 0.693866, 'test_acc': 0.470071, 'val_loss': 241.681815, 'val_total': 349, 'val_avg_loss': 0.692498, 'val_acc': 0.512894}}[0m
[33;20m2026-05-27 01:45:17,981 (context:226) WARNING: cur_mode `test` mismatch mode `val`, will use `val` to calculate `ctx.var`.[0m
[33;20m2026-05-27 01:45:17,982 (context:226) WARNING: cur_mode `test` mismatch mode `val`, will use `val` to calculate `ctx.var`.[0m
[38;5;39m2026-05-27 01:45:21,730 (client:606) INFO: {'Role': 'Client #3', 'Round': 17, 'Results_raw': {'test_loss': 1262.643175, 'test_total': 1821, 'test_avg_loss': 0.693379, 'test_acc': 0.488742, 'val_loss': 241.858964, 'val_total': 349, 'val_avg_loss': 0.693006, 'val_acc': 0.495702}}[0m
[38;5;39m2026-05-27 01:45:29,898 (client:390) INFO: {'Role': 'Client #1', 'Round': 18, 'Results_raw': {'train_loss': 223.929584, 'train_total': 320, 'train_avg_loss': 0.69978, 'train_acc': 0.49375}}[0m
[38;5;39m2026-05-27 01:45:37,813 (client:390) INFO: {'Role': 'Client #3', 'Round': 18, 'Results_raw': {'train_loss': 223.167484, 'train_total': 320, 'train_avg_loss': 0.697398, 'train_acc': 0.5}}[0m
[38;5;39m2026-05-27 01:45:45,400 (client:390) INFO: {'Role': 'Client #2', 'Round': 18, 'Results_raw': {'train_loss': 224.475735, 'train_total': 320, 'train_avg_loss': 0.701487, 'train_acc': 0.478125}}[0m
[38;5;39m2026-05-27 01:45:45,401 (server:616) INFO: {'Role': 'Server #', 'Round': 17, 'Results_weighted_avg': {'test_loss': 1262.238345, 'test_total': 1821.0, 'test_avg_loss': 0.693157, 'test_acc': 0.494783, 'val_loss': 241.887365, 'val_total': 349.333333, 'val_avg_loss': 0.692425, 'val_acc': 0.513359}, 'Results_avg': {'test_loss': 1262.238345, 'test_total': 1821.0, 'test_avg_loss': 0.693157, 'test_acc': 0.494783, 'val_loss': 241.887142, 'val_total': 349.333333, 'val_avg_loss': 0.692426, 'val_acc': 0.513342}, 'Results_fairness': {'test_total': 1821.0, 'val_total': 349.333333, 'test_loss_std': 1.253419, 'test_loss_bottom_decile': 1260.541383, 'test_loss_top_decile': 1263.530477, 'test_loss_min': 1260.541383, 'test_loss_max': 1263.530477, 'test_loss_bottom10%': nan, 'test_loss_top10%': 1263.530477, 'test_loss_cos1': 1.0, 'test_loss_entropy': 1.098612, 'test_avg_loss_std': 0.000688, 'test_avg_loss_bottom_decile': 0.692225, 'test_avg_loss_top_decile': 0.693866, 'test_avg_loss_min': 0.692225, 'test_avg_loss_max': 0.693866, 'test_avg_loss_bottom10%': nan, 'test_avg_loss_top10%': 0.693866, 'test_avg_loss_cos1': 1.0, 'test_avg_loss_entropy': 1.098612, 'test_acc_std': 0.023042, 'test_acc_bottom_decile': 0.470071, 'test_acc_top_decile': 0.525535, 'test_acc_min': 0.470071, 'test_acc_max': 0.525535, 'test_acc_bottom10%': nan, 'test_acc_top10%': 0.525535, 'test_acc_cos1': 0.998917, 'test_acc_entropy': 1.097534, 'val_loss_std': 0.180257, 'val_loss_bottom_decile': 241.681815, 'val_loss_top_decile': 242.120648, 'val_loss_min': 241.681815, 'val_loss_max': 242.120648, 'val_loss_bottom10%': nan, 'val_loss_top10%': 242.120648, 'val_loss_cos1': 1.0, 'val_loss_entropy': 1.098612, 'val_avg_loss_std': 0.000506, 'val_avg_loss_bottom_decile': 0.691773, 'val_avg_loss_top_decile': 0.693006, 'val_avg_loss_min': 0.691773, 'val_avg_loss_max': 0.693006, 'val_avg_loss_bottom10%': nan, 'val_avg_loss_top10%': 0.693006, 'val_avg_loss_cos1': 1.0, 'val_avg_loss_entropy': 1.098612, 'val_acc_std': 0.014589, 'val_acc_bottom_decile': 0.495702, 'val_acc_top_decile': 0.531429, 'val_acc_min': 0.495702, 'val_acc_max': 0.531429, 'val_acc_bottom10%': nan, 'val_acc_top10%': 0.531429, 'val_acc_cos1': 0.999596, 'val_acc_entropy': 1.098209}}[0m
[38;5;39m2026-05-27 01:45:45,409 (server:350) INFO: ----------- Starting a new training round (Round #19) -------------[0m
[38;5;39m2026-05-27 01:45:53,271 (client:390) INFO: {'Role': 'Client #1', 'Round': 19, 'Results_raw': {'train_loss': 224.546543, 'train_total': 320, 'train_avg_loss': 0.701708, 'train_acc': 0.490625}}[0m
[38;5;39m2026-05-27 01:46:00,846 (client:390) INFO: {'Role': 'Client #2', 'Round': 19, 'Results_raw': {'train_loss': 221.39374, 'train_total': 320, 'train_avg_loss': 0.691855, 'train_acc': 0.53125}}[0m
[38;5;39m2026-05-27 01:46:09,096 (client:390) INFO: {'Role': 'Client #3', 'Round': 19, 'Results_raw': {'train_loss': 223.077574, 'train_total': 320, 'train_avg_loss': 0.697117, 'train_acc': 0.509375}}[0m
[38;5;39m2026-05-27 01:46:09,103 (server:344) INFO: Server: Starting evaluation at the end of round 19.[0m
[38;5;39m2026-05-27 01:46:09,105 (server:350) INFO: ----------- Starting a new training round (Round #20) -------------[0m
[33;20m2026-05-27 01:46:28,739 (context:226) WARNING: cur_mode `test` mismatch mode `val`, will use `val` to calculate `ctx.var`.[0m
[33;20m2026-05-27 01:46:28,739 (context:226) WARNING: cur_mode `test` mismatch mode `val`, will use `val` to calculate `ctx.var`.[0m
[38;5;39m2026-05-27 01:46:32,536 (client:606) INFO: {'Role': 'Client #1', 'Round': 19, 'Results_raw': {'test_loss': 1278.370645, 'test_total': 1821, 'test_avg_loss': 0.702016, 'test_acc': 0.474465, 'val_loss': 246.004357, 'val_total': 350, 'val_avg_loss': 0.70287, 'val_acc': 0.468571}}[0m
[33;20m2026-05-27 01:46:52,469 (context:226) WARNING: cur_mode `test` mismatch mode `val`, will use `val` to calculate `ctx.var`.[0m
[33;20m2026-05-27 01:46:52,470 (context:226) WARNING: cur_mode `test` mismatch mode `val`, will use `val` to calculate `ctx.var`.[0m
[38;5;39m2026-05-27 01:46:56,219 (client:606) INFO: {'Role': 'Client #2', 'Round': 19, 'Results_raw': {'test_loss': 1259.382972, 'test_total': 1821, 'test_avg_loss': 0.691589, 'test_acc': 0.530478, 'val_loss': 244.210763, 'val_total': 349, 'val_avg_loss': 0.699744, 'val_acc': 0.487106}}[0m
[33;20m2026-05-27 01:47:16,404 (context:226) WARNING: cur_mode `test` mismatch mode `val`, will use `val` to calculate `ctx.var`.[0m
[33;20m2026-05-27 01:47:16,404 (context:226) WARNING: cur_mode `test` mismatch mode `val`, will use `val` to calculate `ctx.var`.[0m
[38;5;39m2026-05-27 01:47:20,059 (client:606) INFO: {'Role': 'Client #3', 'Round': 19, 'Results_raw': {'test_loss': 1266.02449, 'test_total': 1821, 'test_avg_loss': 0.695236, 'test_acc': 0.511258, 'val_loss': 243.02153, 'val_total': 349, 'val_avg_loss': 0.696337, 'val_acc': 0.504298}}[0m
[38;5;39m2026-05-27 01:47:27,860 (client:390) INFO: {'Role': 'Client #3', 'Round': 20, 'Results_raw': {'train_loss': 222.346812, 'train_total': 320, 'train_avg_loss': 0.694834, 'train_acc': 0.5}}[0m
[38;5;39m2026-05-27 01:47:35,679 (client:390) INFO: {'Role': 'Client #2', 'Round': 20, 'Results_raw': {'train_loss': 223.034164, 'train_total': 320, 'train_avg_loss': 0.696982, 'train_acc': 0.50625}}[0m
[38;5;39m2026-05-27 01:47:43,642 (client:390) INFO: {'Role': 'Client #1', 'Round': 20, 'Results_raw': {'train_loss': 220.574559, 'train_total': 320, 'train_avg_loss': 0.689295, 'train_acc': 0.534375}}[0m
[38;5;39m2026-05-27 01:47:43,644 (server:616) INFO: {'Role': 'Server #', 'Round': 19, 'Results_weighted_avg': {'test_loss': 1267.926036, 'test_total': 1821.0, 'test_avg_loss': 0.69628, 'test_acc': 0.5054, 'val_loss': 244.413736, 'val_total': 349.333333, 'val_avg_loss': 0.699653, 'val_acc': 0.486641}, 'Results_avg': {'test_loss': 1267.926036, 'test_total': 1821.0, 'test_avg_loss': 0.69628, 'test_acc': 0.5054, 'val_loss': 244.412217, 'val_total': 349.333333, 'val_avg_loss': 0.69965, 'val_acc': 0.486658}, 'Results_fairness': {'test_total': 1821.0, 'val_total': 349.333333, 'test_loss_std': 7.867437, 'test_loss_bottom_decile': 1259.382972, 'test_loss_top_decile': 1278.370645, 'test_loss_min': 1259.382972, 'test_loss_max': 1278.370645, 'test_loss_bottom10%': nan, 'test_loss_top10%': 1278.370645, 'test_loss_cos1': 0.999981, 'test_loss_entropy': 1.098593, 'test_avg_loss_std': 0.00432, 'test_avg_loss_bottom_decile': 0.691589, 'test_avg_loss_top_decile': 0.702016, 'test_avg_loss_min': 0.691589, 'test_avg_loss_max': 0.702016, 'test_avg_loss_bottom10%': nan, 'test_avg_loss_top10%': 0.702016, 'test_avg_loss_cos1': 0.999981, 'test_avg_loss_entropy': 1.098593, 'test_acc_std': 0.023239, 'test_acc_bottom_decile': 0.474465, 'test_acc_top_decile': 0.530478, 'test_acc_min': 0.474465, 'test_acc_max': 0.530478, 'test_acc_bottom10%': nan, 'test_acc_top10%': 0.530478, 'test_acc_cos1': 0.998944, 'test_acc_entropy': 1.097549, 'val_loss_std': 1.226037, 'val_loss_bottom_decile': 243.02153, 'val_loss_top_decile': 246.004357, 'val_loss_min': 243.02153, 'val_loss_max': 246.004357, 'val_loss_bottom10%': nan, 'val_loss_top10%': 246.004357, 'val_loss_cos1': 0.999987, 'val_loss_entropy': 1.0986, 'val_avg_loss_std': 0.002668, 'val_avg_loss_bottom_decile': 0.696337, 'val_avg_loss_top_decile': 0.70287, 'val_avg_loss_min': 0.696337, 'val_avg_loss_max': 0.70287, 'val_avg_loss_bottom10%': nan, 'val_avg_loss_top10%': 0.70287, 'val_avg_loss_cos1': 0.999993, 'val_avg_loss_entropy': 1.098605, 'val_acc_std': 0.014589, 'val_acc_bottom_decile': 0.468571, 'val_acc_top_decile': 0.504298, 'val_acc_min': 0.468571, 'val_acc_max': 0.504298, 'val_acc_bottom10%': nan, 'val_acc_top10%': 0.504298, 'val_acc_cos1': 0.999551, 'val_acc_entropy': 1.098163}}[0m
[38;5;39m2026-05-27 01:47:43,652 (server:350) INFO: ----------- Starting a new training round (Round #21) -------------[0m
[38;5;39m2026-05-27 01:47:51,446 (client:390) INFO: {'Role': 'Client #1', 'Round': 21, 'Results_raw': {'train_loss': 221.642447, 'train_total': 320, 'train_avg_loss': 0.692633, 'train_acc': 0.49375}}[0m
[38;5;39m2026-05-27 01:47:59,280 (client:390) INFO: {'Role': 'Client #3', 'Round': 21, 'Results_raw': {'train_loss': 223.337884, 'train_total': 320, 'train_avg_loss': 0.697931, 'train_acc': 0.509375}}[0m
[38;5;39m2026-05-27 01:48:07,094 (client:390) INFO: {'Role': 'Client #2', 'Round': 21, 'Results_raw': {'train_loss': 223.268899, 'train_total': 320, 'train_avg_loss': 0.697715, 'train_acc': 0.496875}}[0m
[38;5;39m2026-05-27 01:48:07,102 (server:344) INFO: Server: Starting evaluation at the end of round 21.[0m
[38;5;39m2026-05-27 01:48:07,103 (server:350) INFO: ----------- Starting a new training round (Round #22) -------------[0m
[33;20m2026-05-27 01:48:26,587 (context:226) WARNING: cur_mode `test` mismatch mode `val`, will use `val` to calculate `ctx.var`.[0m
[33;20m2026-05-27 01:48:26,588 (context:226) WARNING: cur_mode `test` mismatch mode `val`, will use `val` to calculate `ctx.var`.[0m
[38;5;39m2026-05-27 01:48:30,420 (client:606) INFO: {'Role': 'Client #1', 'Round': 21, 'Results_raw': {'test_loss': 1259.849482, 'test_total': 1821, 'test_avg_loss': 0.691845, 'test_acc': 0.525535, 'val_loss': 241.943133, 'val_total': 350, 'val_avg_loss': 0.691266, 'val_acc': 0.531429}}[0m
[33;20m2026-05-27 01:48:50,335 (context:226) WARNING: cur_mode `test` mismatch mode `val`, will use `val` to calculate `ctx.var`.[0m
[33;20m2026-05-27 01:48:50,335 (context:226) WARNING: cur_mode `test` mismatch mode `val`, will use `val` to calculate `ctx.var`.[0m
[38;5;39m2026-05-27 01:48:54,051 (client:606) INFO: {'Role': 'Client #2', 'Round': 21, 'Results_raw': {'test_loss': 1264.999142, 'test_total': 1821, 'test_avg_loss': 0.694673, 'test_acc': 0.469522, 'val_loss': 241.638763, 'val_total': 349, 'val_avg_loss': 0.692375, 'val_acc': 0.512894}}[0m
[33;20m2026-05-27 01:49:14,431 (context:226) WARNING: cur_mode `test` mismatch mode `val`, will use `val` to calculate `ctx.var`.[0m
[33;20m2026-05-27 01:49:14,432 (context:226) WARNING: cur_mode `test` mismatch mode `val`, will use `val` to calculate `ctx.var`.[0m
[38;5;39m2026-05-27 01:49:18,062 (client:606) INFO: {'Role': 'Client #3', 'Round': 21, 'Results_raw': {'test_loss': 1263.36548, 'test_total': 1821, 'test_avg_loss': 0.693776, 'test_acc': 0.488742, 'val_loss': 241.935818, 'val_total': 349, 'val_avg_loss': 0.693226, 'val_acc': 0.495702}}[0m
[38;5;39m2026-05-27 01:49:26,366 (client:390) INFO: {'Role': 'Client #3', 'Round': 22, 'Results_raw': {'train_loss': 222.432504, 'train_total': 320, 'train_avg_loss': 0.695102, 'train_acc': 0.5625}}[0m
[38;5;39m2026-05-27 01:49:34,065 (client:390) INFO: {'Role': 'Client #2', 'Round': 22, 'Results_raw': {'train_loss': 222.507437, 'train_total': 320, 'train_avg_loss': 0.695336, 'train_acc': 0.53125}}[0m
[38;5;39m2026-05-27 01:49:43,638 (client:390) INFO: {'Role': 'Client #1', 'Round': 22, 'Results_raw': {'train_loss': 222.928822, 'train_total': 320, 'train_avg_loss': 0.696653, 'train_acc': 0.521875}}[0m
[38;5;39m2026-05-27 01:49:43,641 (server:616) INFO: {'Role': 'Server #', 'Round': 21, 'Results_weighted_avg': {'test_loss': 1262.738035, 'test_total': 1821.0, 'test_avg_loss': 0.693431, 'test_acc': 0.4946, 'val_loss': 241.839337, 'val_total': 349.333333, 'val_avg_loss': 0.692288, 'val_acc': 0.513359}, 'Results_avg': {'test_loss': 1262.738035, 'test_total': 1821.0, 'test_avg_loss': 0.693431, 'test_acc': 0.4946, 'val_loss': 241.839238, 'val_total': 349.333333, 'val_avg_loss': 0.692289, 'val_acc': 0.513342}, 'Results_fairness': {'test_total': 1821.0, 'val_total': 349.333333, 'test_loss_std': 2.148645, 'test_loss_bottom_decile': 1259.849482, 'test_loss_top_decile': 1264.999142, 'test_loss_min': 1259.849482, 'test_loss_max': 1264.999142, 'test_loss_bottom10%': nan, 'test_loss_top10%': 1264.999142, 'test_loss_cos1': 0.999999, 'test_loss_entropy': 1.098611, 'test_avg_loss_std': 0.00118, 'test_avg_loss_bottom_decile': 0.691845, 'test_avg_loss_top_decile': 0.694673, 'test_avg_loss_min': 0.691845, 'test_avg_loss_max': 0.694673, 'test_avg_loss_bottom10%': nan, 'test_avg_loss_top10%': 0.694673, 'test_avg_loss_cos1': 0.999999, 'test_avg_loss_entropy': 1.098611, 'test_acc_std': 0.023239, 'test_acc_bottom_decile': 0.469522, 'test_acc_top_decile': 0.525535, 'test_acc_min': 0.469522, 'test_acc_max': 0.525535, 'test_acc_bottom10%': nan, 'test_acc_top10%': 0.525535, 'test_acc_cos1': 0.998898, 'test_acc_entropy': 1.097514, 'val_loss_std': 0.141789, 'val_loss_bottom_decile': 241.638763, 'val_loss_top_decile': 241.943133, 'val_loss_min': 241.638763, 'val_loss_max': 241.943133, 'val_loss_bottom10%': nan, 'val_loss_top10%': 241.943133, 'val_loss_cos1': 1.0, 'val_loss_entropy': 1.098612, 'val_avg_loss_std': 0.000802, 'val_avg_loss_bottom_decile': 0.691266, 'val_avg_loss_top_decile': 0.693226, 'val_avg_loss_min': 0.691266, 'val_avg_loss_max': 0.693226, 'val_avg_loss_bottom10%': nan, 'val_avg_loss_top10%': 0.693226, 'val_avg_loss_cos1': 0.999999, 'val_avg_loss_entropy': 1.098612, 'val_acc_std': 0.014589, 'val_acc_bottom_decile': 0.495702, 'val_acc_top_decile': 0.531429, 'val_acc_min': 0.495702, 'val_acc_max': 0.531429, 'val_acc_bottom10%': nan, 'val_acc_top10%': 0.531429, 'val_acc_cos1': 0.999596, 'val_acc_entropy': 1.098209}}[0m
[38;5;39m2026-05-27 01:49:43,684 (server:350) INFO: ----------- Starting a new training round (Round #23) -------------[0m
[38;5;39m2026-05-27 01:49:50,914 (client:390) INFO: {'Role': 'Client #2', 'Round': 23, 'Results_raw': {'train_loss': 222.431916, 'train_total': 320, 'train_avg_loss': 0.6951, 'train_acc': 0.534375}}[0m
[38;5;39m2026-05-27 01:56:05,451 (client:390) INFO: {'Role': 'Client #1', 'Round': 23, 'Results_raw': {'train_loss': 223.434497, 'train_total': 320, 'train_avg_loss': 0.698233, 'train_acc': 0.478125}}[0m
[38;5;39m2026-05-27 01:56:18,178 (client:390) INFO: {'Role': 'Client #3', 'Round': 23, 'Results_raw': {'train_loss': 223.833765, 'train_total': 320, 'train_avg_loss': 0.699481, 'train_acc': 0.471875}}[0m
[38;5;39m2026-05-27 01:56:18,198 (server:344) INFO: Server: Starting evaluation at the end of round 23.[0m
[38;5;39m2026-05-27 01:56:18,202 (server:350) INFO: ----------- Starting a new training round (Round #24) -------------[0m
[33;20m2026-05-27 01:56:41,606 (context:226) WARNING: cur_mode `test` mismatch mode `val`, will use `val` to calculate `ctx.var`.[0m
[33;20m2026-05-27 01:56:41,606 (context:226) WARNING: cur_mode `test` mismatch mode `val`, will use `val` to calculate `ctx.var`.[0m
[38;5;39m2026-05-27 01:56:45,861 (client:606) INFO: {'Role': 'Client #1', 'Round': 23, 'Results_raw': {'test_loss': 1263.813168, 'test_total': 1821, 'test_avg_loss': 0.694022, 'test_acc': 0.474465, 'val_loss': 242.899811, 'val_total': 350, 'val_avg_loss': 0.693999, 'val_acc': 0.468571}}[0m
[33;20m2026-05-27 01:57:05,711 (context:226) WARNING: cur_mode `test` mismatch mode `val`, will use `val` to calculate `ctx.var`.[0m
[33;20m2026-05-27 01:57:05,711 (context:226) WARNING: cur_mode `test` mismatch mode `val`, will use `val` to calculate `ctx.var`.[0m
[38;5;39m2026-05-27 01:57:09,257 (client:606) INFO: {'Role': 'Client #2', 'Round': 23, 'Results_raw': {'test_loss': 1259.728204, 'test_total': 1821, 'test_avg_loss': 0.691778, 'test_acc': 0.530478, 'val_loss': 242.02144, 'val_total': 349, 'val_avg_loss': 0.693471, 'val_acc': 0.487106}}[0m
[33;20m2026-05-27 01:57:29,032 (context:226) WARNING: cur_mode `test` mismatch mode `val`, will use `val` to calculate `ctx.var`.[0m
[33;20m2026-05-27 01:57:29,032 (context:226) WARNING: cur_mode `test` mismatch mode `val`, will use `val` to calculate `ctx.var`.[0m
[38;5;39m2026-05-27 01:57:32,586 (client:606) INFO: {'Role': 'Client #3', 'Round': 23, 'Results_raw': {'test_loss': 1261.28145, 'test_total': 1821, 'test_avg_loss': 0.692631, 'test_acc': 0.511258, 'val_loss': 241.74641, 'val_total': 349, 'val_avg_loss': 0.692683, 'val_acc': 0.504298}}[0m
[38;5;39m2026-05-27 01:57:40,309 (client:390) INFO: {'Role': 'Client #1', 'Round': 24, 'Results_raw': {'train_loss': 221.848774, 'train_total': 320, 'train_avg_loss': 0.693277, 'train_acc': 0.534375}}[0m
[38;5;39m2026-05-27 01:57:48,044 (client:390) INFO: {'Role': 'Client #2', 'Round': 24, 'Results_raw': {'train_loss': 221.972712, 'train_total': 320, 'train_avg_loss': 0.693665, 'train_acc': 0.51875}}[0m
[38;5;39m2026-05-27 01:57:56,052 (client:390) INFO: {'Role': 'Client #3', 'Round': 24, 'Results_raw': {'train_loss': 221.701786, 'train_total': 320, 'train_avg_loss': 0.692818, 'train_acc': 0.503125}}[0m
[38;5;39m2026-05-27 01:57:56,056 (server:616) INFO: {'Role': 'Server #', 'Round': 23, 'Results_weighted_avg': {'test_loss': 1261.607607, 'test_total': 1821.0, 'test_avg_loss': 0.69281, 'test_acc': 0.5054, 'val_loss': 242.2232, 'val_total': 349.333333, 'val_avg_loss': 0.693385, 'val_acc': 0.486641}, 'Results_avg': {'test_loss': 1261.607607, 'test_total': 1821.0, 'test_avg_loss': 0.69281, 'test_acc': 0.5054, 'val_loss': 242.222554, 'val_total': 349.333333, 'val_avg_loss': 0.693385, 'val_acc': 0.486658}, 'Results_fairness': {'test_total': 1821.0, 'val_total': 349.333333, 'test_loss_std': 1.683551, 'test_loss_bottom_decile': 1259.728204, 'test_loss_top_decile': 1263.813168, 'test_loss_min': 1259.728204, 'test_loss_max': 1263.813168, 'test_loss_bottom10%': nan, 'test_loss_top10%': 1263.813168, 'test_loss_cos1': 0.999999, 'test_loss_entropy': 1.098611, 'test_avg_loss_std': 0.000925, 'test_avg_loss_bottom_decile': 0.691778, 'test_avg_loss_top_decile': 0.694022, 'test_avg_loss_min': 0.691778, 'test_avg_loss_max': 0.694022, 'test_avg_loss_bottom10%': nan, 'test_avg_loss_top10%': 0.694022, 'test_avg_loss_cos1': 0.999999, 'test_avg_loss_entropy': 1.098611, 'test_acc_std': 0.023239, 'test_acc_bottom_decile': 0.474465, 'test_acc_top_decile': 0.530478, 'test_acc_min': 0.474465, 'test_acc_max': 0.530478, 'test_acc_bottom10%': nan, 'test_acc_top10%': 0.530478, 'test_acc_cos1': 0.998944, 'test_acc_entropy': 1.097549, 'val_loss_std': 0.49188, 'val_loss_bottom_decile': 241.74641, 'val_loss_top_decile': 242.899811, 'val_loss_min': 241.74641, 'val_loss_max': 242.899811, 'val_loss_bottom10%': nan, 'val_loss_top10%': 242.899811, 'val_loss_cos1': 0.999998, 'val_loss_entropy': 1.09861, 'val_avg_loss_std': 0.000541, 'val_avg_loss_bottom_decile': 0.692683, 'val_avg_loss_top_decile': 0.693999, 'val_avg_loss_min': 0.692683, 'val_avg_loss_max': 0.693999, 'val_avg_loss_bottom10%': nan, 'val_avg_loss_top10%': 0.693999, 'val_avg_loss_cos1': 1.0, 'val_avg_loss_entropy': 1.098612, 'val_acc_std': 0.014589, 'val_acc_bottom_decile': 0.468571, 'val_acc_top_decile': 0.504298, 'val_acc_min': 0.468571, 'val_acc_max': 0.504298, 'val_acc_bottom10%': nan, 'val_acc_top10%': 0.504298, 'val_acc_cos1': 0.999551, 'val_acc_entropy': 1.098163}}[0m
[38;5;39m2026-05-27 01:57:56,064 (server:350) INFO: ----------- Starting a new training round (Round #25) -------------[0m
[38;5;39m2026-05-27 01:58:03,662 (client:390) INFO: {'Role': 'Client #1', 'Round': 25, 'Results_raw': {'train_loss': 223.063187, 'train_total': 320, 'train_avg_loss': 0.697072, 'train_acc': 0.478125}}[0m
[38;5;39m2026-05-27 01:58:11,046 (client:390) INFO: {'Role': 'Client #2', 'Round': 25, 'Results_raw': {'train_loss': 223.863813, 'train_total': 320, 'train_avg_loss': 0.699574, 'train_acc': 0.496875}}[0m
[38;5;39m2026-05-27 01:58:19,048 (client:390) INFO: {'Role': 'Client #3', 'Round': 25, 'Results_raw': {'train_loss': 223.402779, 'train_total': 320, 'train_avg_loss': 0.698134, 'train_acc': 0.5}}[0m
[38;5;39m2026-05-27 01:58:19,056 (server:344) INFO: Server: Starting evaluation at the end of round 25.[0m
[38;5;39m2026-05-27 01:58:19,058 (server:350) INFO: ----------- Starting a new training round (Round #26) -------------[0m
[33;20m2026-05-27 01:58:38,169 (context:226) WARNING: cur_mode `test` mismatch mode `val`, will use `val` to calculate `ctx.var`.[0m
[33;20m2026-05-27 01:58:38,169 (context:226) WARNING: cur_mode `test` mismatch mode `val`, will use `val` to calculate `ctx.var`.[0m
[38;5;39m2026-05-27 01:58:41,997 (client:606) INFO: {'Role': 'Client #1', 'Round': 25, 'Results_raw': {'test_loss': 1261.043398, 'test_total': 1821, 'test_avg_loss': 0.6925, 'test_acc': 0.54201, 'val_loss': 242.258485, 'val_total': 350, 'val_avg_loss': 0.692167, 'val_acc': 0.582857}}[0m
[33;20m2026-05-27 01:59:01,358 (context:226) WARNING: cur_mode `test` mismatch mode `val`, will use `val` to calculate `ctx.var`.[0m
[33;20m2026-05-27 01:59:01,359 (context:226) WARNING: cur_mode `test` mismatch mode `val`, will use `val` to calculate `ctx.var`.[0m
[38;5;39m2026-05-27 01:59:04,937 (client:606) INFO: {'Role': 'Client #2', 'Round': 25, 'Results_raw': {'test_loss': 1262.032227, 'test_total': 1821, 'test_avg_loss': 0.693044, 'test_acc': 0.506864, 'val_loss': 241.696938, 'val_total': 349, 'val_avg_loss': 0.692541, 'val_acc': 0.518625}}[0m
[33;20m2026-05-27 01:59:24,465 (context:226) WARNING: cur_mode `test` mismatch mode `val`, will use `val` to calculate `ctx.var`.[0m
[33;20m2026-05-27 01:59:24,466 (context:226) WARNING: cur_mode `test` mismatch mode `val`, will use `val` to calculate `ctx.var`.[0m
[38;5;39m2026-05-27 01:59:28,049 (client:606) INFO: {'Role': 'Client #3', 'Round': 25, 'Results_raw': {'test_loss': 1261.861535, 'test_total': 1821, 'test_avg_loss': 0.69295, 'test_acc': 0.510159, 'val_loss': 241.72759, 'val_total': 349, 'val_avg_loss': 0.692629, 'val_acc': 0.538682}}[0m
[38;5;39m2026-05-27 01:59:36,058 (client:390) INFO: {'Role': 'Client #2', 'Round': 26, 'Results_raw': {'train_loss': 223.532283, 'train_total': 320, 'train_avg_loss': 0.698538, 'train_acc': 0.5125}}[0m
[38;5;39m2026-05-27 01:59:43,958 (client:390) INFO: {'Role': 'Client #3', 'Round': 26, 'Results_raw': {'train_loss': 219.134963, 'train_total': 320, 'train_avg_loss': 0.684797, 'train_acc': 0.571875}}[0m
[38;5;39m2026-05-27 01:59:51,750 (client:390) INFO: {'Role': 'Client #1', 'Round': 26, 'Results_raw': {'train_loss': 221.903838, 'train_total': 320, 'train_avg_loss': 0.693449, 'train_acc': 0.5375}}[0m
[38;5;39m2026-05-27 01:59:51,751 (server:616) INFO: {'Role': 'Server #', 'Round': 25, 'Results_weighted_avg': {'test_loss': 1261.64572, 'test_total': 1821.0, 'test_avg_loss': 0.692831, 'test_acc': 0.519678, 'val_loss': 241.894685, 'val_total': 349.333333, 'val_avg_loss': 0.692446, 'val_acc': 0.546756}, 'Results_avg': {'test_loss': 1261.64572, 'test_total': 1821.0, 'test_avg_loss': 0.692831, 'test_acc': 0.519678, 'val_loss': 241.894338, 'val_total': 349.333333, 'val_avg_loss': 0.692446, 'val_acc': 0.546721}, 'Results_fairness': {'test_total': 1821.0, 'val_total': 349.333333, 'test_loss_std': 0.431569, 'test_loss_bottom_decile': 1261.043398, 'test_loss_top_decile': 1262.032227, 'test_loss_min': 1261.043398, 'test_loss_max': 1262.032227, 'test_loss_bottom10%': nan, 'test_loss_top10%': 1262.032227, 'test_loss_cos1': 1.0, 'test_loss_entropy': 1.098612, 'test_avg_loss_std': 0.000237, 'test_avg_loss_bottom_decile': 0.6925, 'test_avg_loss_top_decile': 0.693044, 'test_avg_loss_min': 0.6925, 'test_avg_loss_max': 0.693044, 'test_avg_loss_bottom10%': nan, 'test_avg_loss_top10%': 0.693044, 'test_avg_loss_cos1': 1.0, 'test_avg_loss_entropy': 1.098612, 'test_acc_std': 0.015848, 'test_acc_bottom_decile': 0.506864, 'test_acc_top_decile': 0.54201, 'test_acc_min': 0.506864, 'test_acc_max': 0.54201, 'test_acc_bottom10%': nan, 'test_acc_top10%': 0.54201, 'test_acc_cos1': 0.999535, 'test_acc_entropy': 1.09815, 'val_loss_std': 0.257795, 'val_loss_bottom_decile': 241.696938, 'val_loss_top_decile': 242.258485, 'val_loss_min': 241.696938, 'val_loss_max': 242.258485, 'val_loss_bottom10%': nan, 'val_loss_top10%': 242.258485, 'val_loss_cos1': 0.999999, 'val_loss_entropy': 1.098612, 'val_avg_loss_std': 0.0002, 'val_avg_loss_bottom_decile': 0.692167, 'val_avg_loss_top_decile': 0.692629, 'val_avg_loss_min': 0.692167, 'val_avg_loss_max': 0.692629, 'val_avg_loss_bottom10%': nan, 'val_avg_loss_top10%': 0.692629, 'val_avg_loss_cos1': 1.0, 'val_avg_loss_entropy': 1.098612, 'val_acc_std': 0.026832, 'val_acc_bottom_decile': 0.518625, 'val_acc_top_decile': 0.582857, 'val_acc_min': 0.518625, 'val_acc_max': 0.582857, 'val_acc_bottom10%': nan, 'val_acc_top10%': 0.582857, 'val_acc_cos1': 0.998798, 'val_acc_entropy': 1.097416}}[0m
[38;5;39m2026-05-27 01:59:51,759 (server:350) INFO: ----------- Starting a new training round (Round #27) -------------[0m
[38;5;39m2026-05-27 01:59:59,483 (client:390) INFO: {'Role': 'Client #2', 'Round': 27, 'Results_raw': {'train_loss': 223.11152, 'train_total': 320, 'train_avg_loss': 0.697223, 'train_acc': 0.459375}}[0m
[38;5;39m2026-05-27 02:00:06,113 (client:390) INFO: {'Role': 'Client #3', 'Round': 27, 'Results_raw': {'train_loss': 222.357053, 'train_total': 320, 'train_avg_loss': 0.694866, 'train_acc': 0.55}}[0m
[38;5;39m2026-05-27 02:00:08,406 (client:390) INFO: {'Role': 'Client #1', 'Round': 27, 'Results_raw': {'train_loss': 222.426332, 'train_total': 320, 'train_avg_loss': 0.695082, 'train_acc': 0.525}}[0m
[38;5;39m2026-05-27 02:00:08,414 (server:344) INFO: Server: Starting evaluation at the end of round 27.[0m
[38;5;39m2026-05-27 02:00:08,415 (server:350) INFO: ----------- Starting a new training round (Round #28) -------------[0m
[33;20m2026-05-27 02:00:17,053 (context:226) WARNING: cur_mode `test` mismatch mode `val`, will use `val` to calculate `ctx.var`.[0m
[33;20m2026-05-27 02:00:17,053 (context:226) WARNING: cur_mode `test` mismatch mode `val`, will use `val` to calculate `ctx.var`.[0m
[38;5;39m2026-05-27 02:00:18,819 (client:606) INFO: {'Role': 'Client #1', 'Round': 27, 'Results_raw': {'test_loss': 1259.2057, 'test_total': 1821, 'test_avg_loss': 0.691491, 'test_acc': 0.525535, 'val_loss': 241.768748, 'val_total': 350, 'val_avg_loss': 0.690768, 'val_acc': 0.531429}}[0m
[33;20m2026-05-27 02:00:27,516 (context:226) WARNING: cur_mode `test` mismatch mode `val`, will use `val` to calculate `ctx.var`.[0m
[33;20m2026-05-27 02:00:27,516 (context:226) WARNING: cur_mode `test` mismatch mode `val`, will use `val` to calculate `ctx.var`.[0m
[38;5;39m2026-05-27 02:00:29,038 (client:606) INFO: {'Role': 'Client #2', 'Round': 27, 'Results_raw': {'test_loss': 1266.858282, 'test_total': 1821, 'test_avg_loss': 0.695694, 'test_acc': 0.469522, 'val_loss': 241.619849, 'val_total': 349, 'val_avg_loss': 0.69232, 'val_acc': 0.512894}}[0m
[33;20m2026-05-27 02:00:37,184 (context:226) WARNING: cur_mode `test` mismatch mode `val`, will use `val` to calculate `ctx.var`.[0m
[33;20m2026-05-27 02:00:37,184 (context:226) WARNING: cur_mode `test` mismatch mode `val`, will use `val` to calculate `ctx.var`.[0m
[38;5;39m2026-05-27 02:00:38,668 (client:606) INFO: {'Role': 'Client #3', 'Round': 27, 'Results_raw': {'test_loss': 1264.421127, 'test_total': 1821, 'test_avg_loss': 0.694355, 'test_acc': 0.488742, 'val_loss': 242.054087, 'val_total': 349, 'val_avg_loss': 0.693565, 'val_acc': 0.495702}}[0m
[38;5;39m2026-05-27 02:00:42,085 (client:390) INFO: {'Role': 'Client #3', 'Round': 28, 'Results_raw': {'train_loss': 223.648599, 'train_total': 320, 'train_avg_loss': 0.698902, 'train_acc': 0.490625}}[0m
[38;5;39m2026-05-27 02:00:45,162 (client:390) INFO: {'Role': 'Client #2', 'Round': 28, 'Results_raw': {'train_loss': 223.552512, 'train_total': 320, 'train_avg_loss': 0.698602, 'train_acc': 0.503125}}[0m
[38;5;39m2026-05-27 02:00:47,853 (client:390) INFO: {'Role': 'Client #1', 'Round': 28, 'Results_raw': {'train_loss': 223.19317, 'train_total': 320, 'train_avg_loss': 0.697479, 'train_acc': 0.5}}[0m
[38;5;39m2026-05-27 02:00:47,854 (server:616) INFO: {'Role': 'Server #', 'Round': 27, 'Results_weighted_avg': {'test_loss': 1263.495036, 'test_total': 1821.0, 'test_avg_loss': 0.693847, 'test_acc': 0.4946, 'val_loss': 241.814185, 'val_total': 349.333333, 'val_avg_loss': 0.692216, 'val_acc': 0.513359}, 'Results_avg': {'test_loss': 1263.495036, 'test_total': 1821.0, 'test_avg_loss': 0.693847, 'test_acc': 0.4946, 'val_loss': 241.814228, 'val_total': 349.333333, 'val_avg_loss': 0.692218, 'val_acc': 0.513342}, 'Results_fairness': {'test_total': 1821.0, 'val_total': 349.333333, 'test_loss_std': 3.192046, 'test_loss_bottom_decile': 1259.2057, 'test_loss_top_decile': 1266.858282, 'test_loss_min': 1259.2057, 'test_loss_max': 1266.858282, 'test_loss_bottom10%': nan, 'test_loss_top10%': 1266.858282, 'test_loss_cos1': 0.999997, 'test_loss_entropy': 1.098609, 'test_avg_loss_std': 0.001753, 'test_avg_loss_bottom_decile': 0.691491, 'test_avg_loss_top_decile': 0.695694, 'test_avg_loss_min': 0.691491, 'test_avg_loss_max': 0.695694, 'test_avg_loss_bottom10%': nan, 'test_avg_loss_top10%': 0.695694, 'test_avg_loss_cos1': 0.999997, 'test_avg_loss_entropy': 1.098609, 'test_acc_std': 0.023239, 'test_acc_bottom_decile': 0.469522, 'test_acc_top_decile': 0.525535, 'test_acc_min': 0.469522, 'test_acc_max': 0.525535, 'test_acc_bottom10%': nan, 'test_acc_top10%': 0.525535, 'test_acc_cos1': 0.998898, 'test_acc_entropy': 1.097514, 'val_loss_std': 0.18017, 'val_loss_bottom_decile': 241.619849, 'val_loss_top_decile': 242.054087, 'val_loss_min': 241.619849, 'val_loss_max': 242.054087, 'val_loss_bottom10%': nan, 'val_loss_top10%': 242.054087, 'val_loss_cos1': 1.0, 'val_loss_entropy': 1.098612, 'val_avg_loss_std': 0.001144, 'val_avg_loss_bottom_decile': 0.690768, 'val_avg_loss_top_decile': 0.693565, 'val_avg_loss_min': 0.690768, 'val_avg_loss_max': 0.693565, 'val_avg_loss_bottom10%': nan, 'val_avg_loss_top10%': 0.693565, 'val_avg_loss_cos1': 0.999999, 'val_avg_loss_entropy': 1.098611, 'val_acc_std': 0.014589, 'val_acc_bottom_decile': 0.495702, 'val_acc_top_decile': 0.531429, 'val_acc_min': 0.495702, 'val_acc_max': 0.531429, 'val_acc_bottom10%': nan, 'val_acc_top10%': 0.531429, 'val_acc_cos1': 0.999596, 'val_acc_entropy': 1.098209}}[0m
[38;5;39m2026-05-27 02:00:47,877 (server:350) INFO: ----------- Starting a new training round (Round #29) -------------[0m
[38;5;39m2026-05-27 02:00:50,758 (client:390) INFO: {'Role': 'Client #3', 'Round': 29, 'Results_raw': {'train_loss': 223.912584, 'train_total': 320, 'train_avg_loss': 0.699727, 'train_acc': 0.478125}}[0m
[38;5;39m2026-05-27 02:00:53,731 (client:390) INFO: {'Role': 'Client #1', 'Round': 29, 'Results_raw': {'train_loss': 224.550018, 'train_total': 320, 'train_avg_loss': 0.701719, 'train_acc': 0.5}}[0m
[38;5;39m2026-05-27 02:00:56,540 (client:390) INFO: {'Role': 'Client #2', 'Round': 29, 'Results_raw': {'train_loss': 223.123568, 'train_total': 320, 'train_avg_loss': 0.697261, 'train_acc': 0.49375}}[0m
[38;5;39m2026-05-27 02:00:56,548 (server:344) INFO: Server: Starting evaluation at the end of round 29.[0m
[38;5;39m2026-05-27 02:00:56,549 (server:350) INFO: ----------- Starting a new training round (Round #30) -------------[0m
[33;20m2026-05-27 02:01:03,954 (context:226) WARNING: cur_mode `test` mismatch mode `val`, will use `val` to calculate `ctx.var`.[0m
[33;20m2026-05-27 02:01:03,955 (context:226) WARNING: cur_mode `test` mismatch mode `val`, will use `val` to calculate `ctx.var`.[0m
[38;5;39m2026-05-27 02:01:05,398 (client:606) INFO: {'Role': 'Client #1', 'Round': 29, 'Results_raw': {'test_loss': 1259.738561, 'test_total': 1821, 'test_avg_loss': 0.691784, 'test_acc': 0.525535, 'val_loss': 241.936639, 'val_total': 350, 'val_avg_loss': 0.691248, 'val_acc': 0.531429}}[0m
[33;20m2026-05-27 02:01:13,492 (context:226) WARNING: cur_mode `test` mismatch mode `val`, will use `val` to calculate `ctx.var`.[0m
[33;20m2026-05-27 02:01:13,492 (context:226) WARNING: cur_mode `test` mismatch mode `val`, will use `val` to calculate `ctx.var`.[0m
[38;5;39m2026-05-27 02:01:14,978 (client:606) INFO: {'Role': 'Client #2', 'Round': 29, 'Results_raw': {'test_loss': 1264.237654, 'test_total': 1821, 'test_avg_loss': 0.694255, 'test_acc': 0.469522, 'val_loss': 241.585444, 'val_total': 349, 'val_avg_loss': 0.692222, 'val_acc': 0.512894}}[0m
[33;20m2026-05-27 02:01:23,695 (context:226) WARNING: cur_mode `test` mismatch mode `val`, will use `val` to calculate `ctx.var`.[0m
[33;20m2026-05-27 02:01:23,696 (context:226) WARNING: cur_mode `test` mismatch mode `val`, will use `val` to calculate `ctx.var`.[0m
[38;5;39m2026-05-27 02:01:25,293 (client:606) INFO: {'Role': 'Client #3', 'Round': 29, 'Results_raw': {'test_loss': 1262.881317, 'test_total': 1821, 'test_avg_loss': 0.69351, 'test_acc': 0.488742, 'val_loss': 241.84537, 'val_total': 349, 'val_avg_loss': 0.692967, 'val_acc': 0.495702}}[0m
[38;5;39m2026-05-27 02:01:28,672 (client:390) INFO: {'Role': 'Client #2', 'Round': 30, 'Results_raw': {'train_loss': 223.947659, 'train_total': 320, 'train_avg_loss': 0.699836, 'train_acc': 0.53125}}[0m
[38;5;39m2026-05-27 02:01:31,940 (client:390) INFO: {'Role': 'Client #3', 'Round': 30, 'Results_raw': {'train_loss': 222.94378, 'train_total': 320, 'train_avg_loss': 0.696699, 'train_acc': 0.5375}}[0m
[38;5;39m2026-05-27 02:01:35,262 (client:390) INFO: {'Role': 'Client #1', 'Round': 30, 'Results_raw': {'train_loss': 222.977652, 'train_total': 320, 'train_avg_loss': 0.696805, 'train_acc': 0.4875}}[0m
[38;5;39m2026-05-27 02:01:35,264 (server:616) INFO: {'Role': 'Server #', 'Round': 29, 'Results_weighted_avg': {'test_loss': 1262.285844, 'test_total': 1821.0, 'test_avg_loss': 0.693183, 'test_acc': 0.4946, 'val_loss': 241.789292, 'val_total': 349.333333, 'val_avg_loss': 0.692145, 'val_acc': 0.513359}, 'Results_avg': {'test_loss': 1262.285844, 'test_total': 1821.0, 'test_avg_loss': 0.693183, 'test_acc': 0.4946, 'val_loss': 241.789151, 'val_total': 349.333333, 'val_avg_loss': 0.692145, 'val_acc': 0.513342}, 'Results_fairness': {'test_total': 1821.0, 'val_total': 349.333333, 'test_loss_std': 1.884392, 'test_loss_bottom_decile': 1259.738561, 'test_loss_top_decile': 1264.237654, 'test_loss_min': 1259.738561, 'test_loss_max': 1264.237654, 'test_loss_bottom10%': nan, 'test_loss_top10%': 1264.237654, 'test_loss_cos1': 0.999999, 'test_loss_entropy': 1.098611, 'test_avg_loss_std': 0.001035, 'test_avg_loss_bottom_decile': 0.691784, 'test_avg_loss_top_decile': 0.694255, 'test_avg_loss_min': 0.691784, 'test_avg_loss_max': 0.694255, 'test_avg_loss_bottom10%': nan, 'test_avg_loss_top10%': 0.694255, 'test_avg_loss_cos1': 0.999999, 'test_avg_loss_entropy': 1.098611, 'test_acc_std': 0.023239, 'test_acc_bottom_decile': 0.469522, 'test_acc_top_decile': 0.525535, 'test_acc_min': 0.469522, 'test_acc_max': 0.525535, 'test_acc_bottom10%': nan, 'test_acc_top10%': 0.525535, 'test_acc_cos1': 0.998898, 'test_acc_entropy': 1.097514, 'val_loss_std': 0.148784, 'val_loss_bottom_decile': 241.585444, 'val_loss_top_decile': 241.936639, 'val_loss_min': 241.585444, 'val_loss_max': 241.936639, 'val_loss_bottom10%': nan, 'val_loss_top10%': 241.936639, 'val_loss_cos1': 1.0, 'val_loss_entropy': 1.098612, 'val_avg_loss_std': 0.000704, 'val_avg_loss_bottom_decile': 0.691248, 'val_avg_loss_top_decile': 0.692967, 'val_avg_loss_min': 0.691248, 'val_avg_loss_max': 0.692967, 'val_avg_loss_bottom10%': nan, 'val_avg_loss_top10%': 0.692967, 'val_avg_loss_cos1': 0.999999, 'val_avg_loss_entropy': 1.098612, 'val_acc_std': 0.014589, 'val_acc_bottom_decile': 0.495702, 'val_acc_top_decile': 0.531429, 'val_acc_min': 0.495702, 'val_acc_max': 0.531429, 'val_acc_bottom10%': nan, 'val_acc_top10%': 0.531429, 'val_acc_cos1': 0.999596, 'val_acc_entropy': 1.098209}}[0m
[38;5;39m2026-05-27 02:01:35,283 (server:350) INFO: ----------- Starting a new training round (Round #31) -------------[0m
[38;5;39m2026-05-27 02:01:38,895 (client:390) INFO: {'Role': 'Client #1', 'Round': 31, 'Results_raw': {'train_loss': 223.442554, 'train_total': 320, 'train_avg_loss': 0.698258, 'train_acc': 0.50625}}[0m
[38;5;39m2026-05-27 02:01:42,543 (client:390) INFO: {'Role': 'Client #3', 'Round': 31, 'Results_raw': {'train_loss': 224.100537, 'train_total': 320, 'train_avg_loss': 0.700314, 'train_acc': 0.5}}[0m
[38;5;39m2026-05-27 02:01:46,411 (client:390) INFO: {'Role': 'Client #2', 'Round': 31, 'Results_raw': {'train_loss': 221.512396, 'train_total': 320, 'train_avg_loss': 0.692226, 'train_acc': 0.50625}}[0m
[38;5;39m2026-05-27 02:01:46,419 (server:344) INFO: Server: Starting evaluation at the end of round 31.[0m
[38;5;39m2026-05-27 02:01:46,420 (server:350) INFO: ----------- Starting a new training round (Round #32) -------------[0m
[33;20m2026-05-27 02:01:56,991 (context:226) WARNING: cur_mode `test` mismatch mode `val`, will use `val` to calculate `ctx.var`.[0m
[33;20m2026-05-27 02:01:56,992 (context:226) WARNING: cur_mode `test` mismatch mode `val`, will use `val` to calculate `ctx.var`.[0m
[38;5;39m2026-05-27 02:01:59,240 (client:606) INFO: {'Role': 'Client #1', 'Round': 31, 'Results_raw': {'test_loss': 1265.661014, 'test_total': 1821, 'test_avg_loss': 0.695036, 'test_acc': 0.474465, 'val_loss': 243.304211, 'val_total': 350, 'val_avg_loss': 0.695155, 'val_acc': 0.468571}}[0m
[33;20m2026-05-27 02:02:13,351 (context:226) WARNING: cur_mode `test` mismatch mode `val`, will use `val` to calculate `ctx.var`.[0m
[33;20m2026-05-27 02:02:13,352 (context:226) WARNING: cur_mode `test` mismatch mode `val`, will use `val` to calculate `ctx.var`.[0m
[38;5;39m2026-05-27 02:02:16,285 (client:606) INFO: {'Role': 'Client #2', 'Round': 31, 'Results_raw': {'test_loss': 1258.570968, 'test_total': 1821, 'test_avg_loss': 0.691143, 'test_acc': 0.530478, 'val_loss': 242.267638, 'val_total': 349, 'val_avg_loss': 0.694177, 'val_acc': 0.487106}}[0m
[33;20m2026-05-27 02:02:35,373 (context:226) WARNING: cur_mode `test` mismatch mode `val`, will use `val` to calculate `ctx.var`.[0m
[33;20m2026-05-27 02:02:35,374 (context:226) WARNING: cur_mode `test` mismatch mode `val`, will use `val` to calculate `ctx.var`.[0m
[38;5;39m2026-05-27 02:02:38,840 (client:606) INFO: {'Role': 'Client #3', 'Round': 31, 'Results_raw': {'test_loss': 1261.21054, 'test_total': 1821, 'test_avg_loss': 0.692592, 'test_acc': 0.511258, 'val_loss': 241.777233, 'val_total': 349, 'val_avg_loss': 0.692771, 'val_acc': 0.504298}}[0m
[38;5;39m2026-05-27 02:02:46,682 (client:390) INFO: {'Role': 'Client #3', 'Round': 32, 'Results_raw': {'train_loss': 224.266899, 'train_total': 320, 'train_avg_loss': 0.700834, 'train_acc': 0.45}}[0m
[38;5;39m2026-05-27 02:02:54,269 (client:390) INFO: {'Role': 'Client #2', 'Round': 32, 'Results_raw': {'train_loss': 222.489539, 'train_total': 320, 'train_avg_loss': 0.69528, 'train_acc': 0.525}}[0m
[38;5;39m2026-05-27 02:03:01,095 (client:390) INFO: {'Role': 'Client #1', 'Round': 32, 'Results_raw': {'train_loss': 223.36405, 'train_total': 320, 'train_avg_loss': 0.698013, 'train_acc': 0.490625}}[0m
[38;5;39m2026-05-27 02:03:01,097 (server:616) INFO: {'Role': 'Server #', 'Round': 31, 'Results_weighted_avg': {'test_loss': 1261.814174, 'test_total': 1821.0, 'test_avg_loss': 0.692924, 'test_acc': 0.5054, 'val_loss': 242.450509, 'val_total': 349.333333, 'val_avg_loss': 0.694035, 'val_acc': 0.486641}, 'Results_avg': {'test_loss': 1261.814174, 'test_total': 1821.0, 'test_avg_loss': 0.692924, 'test_acc': 0.5054, 'val_loss': 242.449694, 'val_total': 349.333333, 'val_avg_loss': 0.694034, 'val_acc': 0.486658}, 'Results_fairness': {'test_total': 1821.0, 'val_total': 349.333333, 'test_loss_std': 2.925801, 'test_loss_bottom_decile': 1258.570968, 'test_loss_top_decile': 1265.661014, 'test_loss_min': 1258.570968, 'test_loss_max': 1265.661014, 'test_loss_bottom10%': nan, 'test_loss_top10%': 1265.661014, 'test_loss_cos1': 0.999997, 'test_loss_entropy': 1.09861, 'test_avg_loss_std': 0.001607, 'test_avg_loss_bottom_decile': 0.691143, 'test_avg_loss_top_decile': 0.695036, 'test_avg_loss_min': 0.691143, 'test_avg_loss_max': 0.695036, 'test_avg_loss_bottom10%': nan, 'test_avg_loss_top10%': 0.695036, 'test_avg_loss_cos1': 0.999997, 'test_avg_loss_entropy': 1.09861, 'test_acc_std': 0.023239, 'test_acc_bottom_decile': 0.474465, 'test_acc_top_decile': 0.530478, 'test_acc_min': 0.474465, 'test_acc_max': 0.530478, 'test_acc_bottom10%': nan, 'test_acc_top10%': 0.530478, 'test_acc_cos1': 0.998944, 'test_acc_entropy': 1.097549, 'val_loss_std': 0.636539, 'val_loss_bottom_decile': 241.777233, 'val_loss_top_decile': 243.304211, 'val_loss_min': 241.777233, 'val_loss_max': 243.304211, 'val_loss_bottom10%': nan, 'val_loss_top10%': 243.304211, 'val_loss_cos1': 0.999997, 'val_loss_entropy': 1.098609, 'val_avg_loss_std': 0.000978, 'val_avg_loss_bottom_decile': 0.692771, 'val_avg_loss_top_decile': 0.695155, 'val_avg_loss_min': 0.692771, 'val_avg_loss_max': 0.695155, 'val_avg_loss_bottom10%': nan, 'val_avg_loss_top10%': 0.695155, 'val_avg_loss_cos1': 0.999999, 'val_avg_loss_entropy': 1.098611, 'val_acc_std': 0.014589, 'val_acc_bottom_decile': 0.468571, 'val_acc_top_decile': 0.504298, 'val_acc_min': 0.468571, 'val_acc_max': 0.504298, 'val_acc_bottom10%': nan, 'val_acc_top10%': 0.504298, 'val_acc_cos1': 0.999551, 'val_acc_entropy': 1.098163}}[0m
[38;5;39m2026-05-27 02:03:01,105 (server:350) INFO: ----------- Starting a new training round (Round #33) -------------[0m
[38;5;39m2026-05-27 02:03:07,447 (client:390) INFO: {'Role': 'Client #2', 'Round': 33, 'Results_raw': {'train_loss': 224.056353, 'train_total': 320, 'train_avg_loss': 0.700176, 'train_acc': 0.46875}}[0m
[38;5;39m2026-05-27 02:03:14,232 (client:390) INFO: {'Role': 'Client #1', 'Round': 33, 'Results_raw': {'train_loss': 222.235947, 'train_total': 320, 'train_avg_loss': 0.694487, 'train_acc': 0.528125}}[0m
[38;5;39m2026-05-27 02:03:19,459 (client:390) INFO: {'Role': 'Client #3', 'Round': 33, 'Results_raw': {'train_loss': 224.992243, 'train_total': 320, 'train_avg_loss': 0.703101, 'train_acc': 0.428125}}[0m
[38;5;39m2026-05-27 02:03:19,467 (server:344) INFO: Server: Starting evaluation at the end of round 33.[0m
[38;5;39m2026-05-27 02:03:19,469 (server:350) INFO: ----------- Starting a new training round (Round #34) -------------[0m
[33;20m2026-05-27 02:03:32,581 (context:226) WARNING: cur_mode `test` mismatch mode `val`, will use `val` to calculate `ctx.var`.[0m
[33;20m2026-05-27 02:03:32,582 (context:226) WARNING: cur_mode `test` mismatch mode `val`, will use `val` to calculate `ctx.var`.[0m
[38;5;39m2026-05-27 02:03:34,966 (client:606) INFO: {'Role': 'Client #1', 'Round': 33, 'Results_raw': {'test_loss': 1261.587735, 'test_total': 1821, 'test_avg_loss': 0.692799, 'test_acc': 0.52279, 'val_loss': 242.383384, 'val_total': 350, 'val_avg_loss': 0.692524, 'val_acc': 0.5}}[0m
[33;20m2026-05-27 02:03:48,048 (context:226) WARNING: cur_mode `test` mismatch mode `val`, will use `val` to calculate `ctx.var`.[0m
[33;20m2026-05-27 02:03:48,049 (context:226) WARNING: cur_mode `test` mismatch mode `val`, will use `val` to calculate `ctx.var`.[0m
[38;5;39m2026-05-27 02:03:50,380 (client:606) INFO: {'Role': 'Client #2', 'Round': 33, 'Results_raw': {'test_loss': 1260.900717, 'test_total': 1821, 'test_avg_loss': 0.692422, 'test_acc': 0.537617, 'val_loss': 241.748738, 'val_total': 349, 'val_avg_loss': 0.69269, 'val_acc': 0.541547}}[0m
[33;20m2026-05-27 02:04:02,890 (context:226) WARNING: cur_mode `test` mismatch mode `val`, will use `val` to calculate `ctx.var`.[0m
[33;20m2026-05-27 02:04:02,891 (context:226) WARNING: cur_mode `test` mismatch mode `val`, will use `val` to calculate `ctx.var`.[0m
[38;5;39m2026-05-27 02:04:05,188 (client:606) INFO: {'Role': 'Client #3', 'Round': 33, 'Results_raw': {'test_loss': 1261.339494, 'test_total': 1821, 'test_avg_loss': 0.692663, 'test_acc': 0.529379, 'val_loss': 241.653626, 'val_total': 349, 'val_avg_loss': 0.692417, 'val_acc': 0.547278}}[0m
[38;5;39m2026-05-27 02:04:10,184 (client:390) INFO: {'Role': 'Client #3', 'Round': 34, 'Results_raw': {'train_loss': 221.908697, 'train_total': 320, 'train_avg_loss': 0.693465, 'train_acc': 0.5375}}[0m
[38;5;39m2026-05-27 02:04:14,838 (client:390) INFO: {'Role': 'Client #2', 'Round': 34, 'Results_raw': {'train_loss': 222.862202, 'train_total': 320, 'train_avg_loss': 0.696444, 'train_acc': 0.525}}[0m
[38;5;39m2026-05-27 02:04:19,673 (client:390) INFO: {'Role': 'Client #1', 'Round': 34, 'Results_raw': {'train_loss': 220.891101, 'train_total': 320, 'train_avg_loss': 0.690285, 'train_acc': 0.509375}}[0m
[38;5;39m2026-05-27 02:04:19,675 (server:616) INFO: {'Role': 'Server #', 'Round': 33, 'Results_weighted_avg': {'test_loss': 1261.275982, 'test_total': 1821.0, 'test_avg_loss': 0.692628, 'test_acc': 0.529929, 'val_loss': 241.929017, 'val_total': 349.333333, 'val_avg_loss': 0.692544, 'val_acc': 0.52958}, 'Results_avg': {'test_loss': 1261.275982, 'test_total': 1821.0, 'test_avg_loss': 0.692628, 'test_acc': 0.529929, 'val_loss': 241.928583, 'val_total': 349.333333, 'val_avg_loss': 0.692544, 'val_acc': 0.529608}, 'Results_fairness': {'test_total': 1821.0, 'val_total': 349.333333, 'test_loss_std': 0.284046, 'test_loss_bottom_decile': 1260.900717, 'test_loss_top_decile': 1261.587735, 'test_loss_min': 1260.900717, 'test_loss_max': 1261.587735, 'test_loss_bottom10%': nan, 'test_loss_top10%': 1261.587735, 'test_loss_cos1': 1.0, 'test_loss_entropy': 1.098612, 'test_avg_loss_std': 0.000156, 'test_avg_loss_bottom_decile': 0.692422, 'test_avg_loss_top_decile': 0.692799, 'test_avg_loss_min': 0.692422, 'test_avg_loss_max': 0.692799, 'test_avg_loss_bottom10%': nan, 'test_avg_loss_top10%': 0.692799, 'test_avg_loss_cos1': 1.0, 'test_avg_loss_entropy': 1.098612, 'test_acc_std': 0.006066, 'test_acc_bottom_decile': 0.52279, 'test_acc_top_decile': 0.537617, 'test_acc_min': 0.52279, 'test_acc_max': 0.537617, 'test_acc_bottom10%': nan, 'test_acc_top10%': 0.537617, 'test_acc_cos1': 0.999935, 'test_acc_entropy': 1.098547, 'val_loss_std': 0.323929, 'val_loss_bottom_decile': 241.653626, 'val_loss_top_decile': 242.383384, 'val_loss_min': 241.653626, 'val_loss_max': 242.383384, 'val_loss_bottom10%': nan, 'val_loss_top10%': 242.383384, 'val_loss_cos1': 0.999999, 'val_loss_entropy': 1.098611, 'val_avg_loss_std': 0.000112, 'val_avg_loss_bottom_decile': 0.692417, 'val_avg_loss_top_decile': 0.69269, 'val_avg_loss_min': 0.692417, 'val_avg_loss_max': 0.69269, 'val_avg_loss_bottom10%': nan, 'val_avg_loss_top10%': 0.69269, 'val_avg_loss_cos1': 1.0, 'val_avg_loss_entropy': 1.098612, 'val_acc_std': 0.021067, 'val_acc_bottom_decile': 0.5, 'val_acc_top_decile': 0.547278, 'val_acc_min': 0.5, 'val_acc_max': 0.547278, 'val_acc_bottom10%': nan, 'val_acc_top10%': 0.547278, 'val_acc_cos1': 0.99921, 'val_acc_entropy': 1.097814}}[0m
[38;5;39m2026-05-27 02:04:19,683 (server:350) INFO: ----------- Starting a new training round (Round #35) -------------[0m
[38;5;39m2026-05-27 02:04:24,195 (client:390) INFO: {'Role': 'Client #1', 'Round': 35, 'Results_raw': {'train_loss': 221.562377, 'train_total': 320, 'train_avg_loss': 0.692382, 'train_acc': 0.525}}[0m
[38;5;39m2026-05-27 02:04:28,433 (client:390) INFO: {'Role': 'Client #3', 'Round': 35, 'Results_raw': {'train_loss': 224.205387, 'train_total': 320, 'train_avg_loss': 0.700642, 'train_acc': 0.45625}}[0m
[38;5;39m2026-05-27 02:04:32,635 (client:390) INFO: {'Role': 'Client #2', 'Round': 35, 'Results_raw': {'train_loss': 222.235093, 'train_total': 320, 'train_avg_loss': 0.694485, 'train_acc': 0.528125}}[0m
[38;5;39m2026-05-27 02:04:32,643 (server:344) INFO: Server: Starting evaluation at the end of round 35.[0m
[38;5;39m2026-05-27 02:04:32,644 (server:350) INFO: ----------- Starting a new training round (Round #36) -------------[0m
[33;20m2026-05-27 02:04:43,413 (context:226) WARNING: cur_mode `test` mismatch mode `val`, will use `val` to calculate `ctx.var`.[0m
[33;20m2026-05-27 02:04:43,414 (context:226) WARNING: cur_mode `test` mismatch mode `val`, will use `val` to calculate `ctx.var`.[0m
[38;5;39m2026-05-27 02:04:45,481 (client:606) INFO: {'Role': 'Client #1', 'Round': 35, 'Results_raw': {'test_loss': 1258.860297, 'test_total': 1821, 'test_avg_loss': 0.691302, 'test_acc': 0.525535, 'val_loss': 241.653065, 'val_total': 350, 'val_avg_loss': 0.690437, 'val_acc': 0.531429}}[0m
[33;20m2026-05-27 02:04:56,651 (context:226) WARNING: cur_mode `test` mismatch mode `val`, will use `val` to calculate `ctx.var`.[0m
[33;20m2026-05-27 02:04:56,652 (context:226) WARNING: cur_mode `test` mismatch mode `val`, will use `val` to calculate `ctx.var`.[0m
[38;5;39m2026-05-27 02:04:58,718 (client:606) INFO: {'Role': 'Client #2', 'Round': 35, 'Results_raw': {'test_loss': 1268.028364, 'test_total': 1821, 'test_avg_loss': 0.696336, 'test_acc': 0.469522, 'val_loss': 241.630285, 'val_total': 349, 'val_avg_loss': 0.69235, 'val_acc': 0.512894}}[0m
[33;20m2026-05-27 02:05:09,875 (context:226) WARNING: cur_mode `test` mismatch mode `val`, will use `val` to calculate `ctx.var`.[0m
[33;20m2026-05-27 02:05:09,875 (context:226) WARNING: cur_mode `test` mismatch mode `val`, will use `val` to calculate `ctx.var`.[0m
[38;5;39m2026-05-27 02:05:11,926 (client:606) INFO: {'Role': 'Client #3', 'Round': 35, 'Results_raw': {'test_loss': 1265.093922, 'test_total': 1821, 'test_avg_loss': 0.694725, 'test_acc': 0.488742, 'val_loss': 242.148291, 'val_total': 349, 'val_avg_loss': 0.693835, 'val_acc': 0.495702}}[0m
[38;5;39m2026-05-27 02:05:16,180 (client:390) INFO: {'Role': 'Client #1', 'Round': 36, 'Results_raw': {'train_loss': 222.832011, 'train_total': 320, 'train_avg_loss': 0.69635, 'train_acc': 0.475}}[0m
[38;5;39m2026-05-27 02:05:20,223 (client:390) INFO: {'Role': 'Client #3', 'Round': 36, 'Results_raw': {'train_loss': 223.618732, 'train_total': 320, 'train_avg_loss': 0.698809, 'train_acc': 0.496875}}[0m
[38;5;39m2026-05-27 02:05:24,285 (client:390) INFO: {'Role': 'Client #2', 'Round': 36, 'Results_raw': {'train_loss': 224.207884, 'train_total': 320, 'train_avg_loss': 0.70065, 'train_acc': 0.509375}}[0m
[38;5;39m2026-05-27 02:05:24,286 (server:616) INFO: {'Role': 'Server #', 'Round': 35, 'Results_weighted_avg': {'test_loss': 1263.994194, 'test_total': 1821.0, 'test_avg_loss': 0.694121, 'test_acc': 0.4946, 'val_loss': 241.810397, 'val_total': 349.333333, 'val_avg_loss': 0.692206, 'val_acc': 0.513359}, 'Results_avg': {'test_loss': 1263.994194, 'test_total': 1821.0, 'test_avg_loss': 0.694121, 'test_acc': 0.4946, 'val_loss': 241.810547, 'val_total': 349.333333, 'val_avg_loss': 0.692207, 'val_acc': 0.513342}, 'Results_fairness': {'test_total': 1821.0, 'val_total': 349.333333, 'test_loss_std': 3.822775, 'test_loss_bottom_decile': 1258.860297, 'test_loss_top_decile': 1268.028364, 'test_loss_min': 1258.860297, 'test_loss_max': 1268.028364, 'test_loss_bottom10%': nan, 'test_loss_top10%': 1268.028364, 'test_loss_cos1': 0.999995, 'test_loss_entropy': 1.098608, 'test_avg_loss_std': 0.002099, 'test_avg_loss_bottom_decile': 0.691302, 'test_avg_loss_top_decile': 0.696336, 'test_avg_loss_min': 0.691302, 'test_avg_loss_max': 0.696336, 'test_avg_loss_bottom10%': nan, 'test_avg_loss_top10%': 0.696336, 'test_avg_loss_cos1': 0.999995, 'test_avg_loss_entropy': 1.098608, 'test_acc_std': 0.023239, 'test_acc_bottom_decile': 0.469522, 'test_acc_top_decile': 0.525535, 'test_acc_min': 0.469522, 'test_acc_max': 0.525535, 'test_acc_bottom10%': nan, 'test_acc_top10%': 0.525535, 'test_acc_cos1': 0.998898, 'test_acc_entropy': 1.097514, 'val_loss_std': 0.239002, 'val_loss_bottom_decile': 241.630285, 'val_loss_top_decile': 242.148291, 'val_loss_min': 241.630285, 'val_loss_max': 242.148291, 'val_loss_bottom10%': nan, 'val_loss_top10%': 242.148291, 'val_loss_cos1': 1.0, 'val_loss_entropy': 1.098612, 'val_avg_loss_std': 0.001391, 'val_avg_loss_bottom_decile': 0.690437, 'val_avg_loss_top_decile': 0.693835, 'val_avg_loss_min': 0.690437, 'val_avg_loss_max': 0.693835, 'val_avg_loss_bottom10%': nan, 'val_avg_loss_top10%': 0.693835, 'val_avg_loss_cos1': 0.999998, 'val_avg_loss_entropy': 1.09861, 'val_acc_std': 0.014589, 'val_acc_bottom_decile': 0.495702, 'val_acc_top_decile': 0.531429, 'val_acc_min': 0.495702, 'val_acc_max': 0.531429, 'val_acc_bottom10%': nan, 'val_acc_top10%': 0.531429, 'val_acc_cos1': 0.999596, 'val_acc_entropy': 1.098209}}[0m
[38;5;39m2026-05-27 02:05:24,295 (server:350) INFO: ----------- Starting a new training round (Round #37) -------------[0m
[38;5;39m2026-05-27 02:05:28,334 (client:390) INFO: {'Role': 'Client #1', 'Round': 37, 'Results_raw': {'train_loss': 223.475446, 'train_total': 320, 'train_avg_loss': 0.698361, 'train_acc': 0.484375}}[0m
[38;5;39m2026-05-27 02:05:32,387 (client:390) INFO: {'Role': 'Client #2', 'Round': 37, 'Results_raw': {'train_loss': 222.023327, 'train_total': 320, 'train_avg_loss': 0.693823, 'train_acc': 0.496875}}[0m
[38;5;39m2026-05-27 02:05:36,628 (client:390) INFO: {'Role': 'Client #3', 'Round': 37, 'Results_raw': {'train_loss': 221.982515, 'train_total': 320, 'train_avg_loss': 0.693695, 'train_acc': 0.540625}}[0m
[38;5;39m2026-05-27 02:05:36,635 (server:344) INFO: Server: Starting evaluation at the end of round 37.[0m
[38;5;39m2026-05-27 02:05:36,637 (server:350) INFO: ----------- Starting a new training round (Round #38) -------------[0m
[33;20m2026-05-27 02:05:47,120 (context:226) WARNING: cur_mode `test` mismatch mode `val`, will use `val` to calculate `ctx.var`.[0m
[33;20m2026-05-27 02:05:47,121 (context:226) WARNING: cur_mode `test` mismatch mode `val`, will use `val` to calculate `ctx.var`.[0m
[38;5;39m2026-05-27 02:05:49,143 (client:606) INFO: {'Role': 'Client #1', 'Round': 37, 'Results_raw': {'test_loss': 1259.39556, 'test_total': 1821, 'test_avg_loss': 0.691596, 'test_acc': 0.525535, 'val_loss': 241.840432, 'val_total': 350, 'val_avg_loss': 0.690973, 'val_acc': 0.531429}}[0m
[33;20m2026-05-27 02:05:59,847 (context:226) WARNING: cur_mode `test` mismatch mode `val`, will use `val` to calculate `ctx.var`.[0m
[33;20m2026-05-27 02:05:59,847 (context:226) WARNING: cur_mode `test` mismatch mode `val`, will use `val` to calculate `ctx.var`.[0m
[38;5;39m2026-05-27 02:06:01,874 (client:606) INFO: {'Role': 'Client #2', 'Round': 37, 'Results_raw': {'test_loss': 1264.51609, 'test_total': 1821, 'test_avg_loss': 0.694408, 'test_acc': 0.469522, 'val_loss': 241.564755, 'val_total': 349, 'val_avg_loss': 0.692163, 'val_acc': 0.512894}}[0m
[33;20m2026-05-27 02:06:12,598 (context:226) WARNING: cur_mode `test` mismatch mode `val`, will use `val` to calculate `ctx.var`.[0m
[33;20m2026-05-27 02:06:12,599 (context:226) WARNING: cur_mode `test` mismatch mode `val`, will use `val` to calculate `ctx.var`.[0m
[38;5;39m2026-05-27 02:06:14,567 (client:606) INFO: {'Role': 'Client #3', 'Round': 37, 'Results_raw': {'test_loss': 1262.980751, 'test_total': 1821, 'test_avg_loss': 0.693564, 'test_acc': 0.488742, 'val_loss': 241.837014, 'val_total': 349, 'val_avg_loss': 0.692943, 'val_acc': 0.495702}}[0m
[38;5;39m2026-05-27 02:06:18,719 (client:390) INFO: {'Role': 'Client #2', 'Round': 38, 'Results_raw': {'train_loss': 223.637061, 'train_total': 320, 'train_avg_loss': 0.698866, 'train_acc': 0.471875}}[0m
[38;5;39m2026-05-27 02:06:22,826 (client:390) INFO: {'Role': 'Client #1', 'Round': 38, 'Results_raw': {'train_loss': 222.238137, 'train_total': 320, 'train_avg_loss': 0.694494, 'train_acc': 0.490625}}[0m
[38;5;39m2026-05-27 02:06:26,777 (client:390) INFO: {'Role': 'Client #3', 'Round': 38, 'Results_raw': {'train_loss': 223.044296, 'train_total': 320, 'train_avg_loss': 0.697013, 'train_acc': 0.528125}}[0m
[38;5;39m2026-05-27 02:06:26,779 (server:616) INFO: {'Role': 'Server #', 'Round': 37, 'Results_weighted_avg': {'test_loss': 1262.297467, 'test_total': 1821.0, 'test_avg_loss': 0.693189, 'test_acc': 0.4946, 'val_loss': 241.747489, 'val_total': 349.333333, 'val_avg_loss': 0.692025, 'val_acc': 0.513359}, 'Results_avg': {'test_loss': 1262.297467, 'test_total': 1821.0, 'test_avg_loss': 0.693189, 'test_acc': 0.4946, 'val_loss': 241.7474, 'val_total': 349.333333, 'val_avg_loss': 0.692026, 'val_acc': 0.513342}, 'Results_fairness': {'test_total': 1821.0, 'val_total': 349.333333, 'test_loss_std': 2.145556, 'test_loss_bottom_decile': 1259.39556, 'test_loss_top_decile': 1264.51609, 'test_loss_min': 1259.39556, 'test_loss_max': 1264.51609, 'test_loss_bottom10%': nan, 'test_loss_top10%': 1264.51609, 'test_loss_cos1': 0.999999, 'test_loss_entropy': 1.098611, 'test_avg_loss_std': 0.001178, 'test_avg_loss_bottom_decile': 0.691596, 'test_avg_loss_top_decile': 0.694408, 'test_avg_loss_min': 0.691596, 'test_avg_loss_max': 0.694408, 'test_avg_loss_bottom10%': nan, 'test_avg_loss_top10%': 0.694408, 'test_avg_loss_cos1': 0.999999, 'test_avg_loss_entropy': 1.098611, 'test_acc_std': 0.023239, 'test_acc_bottom_decile': 0.469522, 'test_acc_top_decile': 0.525535, 'test_acc_min': 0.469522, 'test_acc_max': 0.525535, 'test_acc_bottom10%': nan, 'test_acc_top10%': 0.525535, 'test_acc_cos1': 0.998898, 'test_acc_entropy': 1.097514, 'val_loss_std': 0.129158, 'val_loss_bottom_decile': 241.564755, 'val_loss_top_decile': 241.840432, 'val_loss_min': 241.564755, 'val_loss_max': 241.840432, 'val_loss_bottom10%': nan, 'val_loss_top10%': 241.840432, 'val_loss_cos1': 1.0, 'val_loss_entropy': 1.098612, 'val_avg_loss_std': 0.00081, 'val_avg_loss_bottom_decile': 0.690973, 'val_avg_loss_top_decile': 0.692943, 'val_avg_loss_min': 0.690973, 'val_avg_loss_max': 0.692943, 'val_avg_loss_bottom10%': nan, 'val_avg_loss_top10%': 0.692943, 'val_avg_loss_cos1': 0.999999, 'val_avg_loss_entropy': 1.098612, 'val_acc_std': 0.014589, 'val_acc_bottom_decile': 0.495702, 'val_acc_top_decile': 0.531429, 'val_acc_min': 0.495702, 'val_acc_max': 0.531429, 'val_acc_bottom10%': nan, 'val_acc_top10%': 0.531429, 'val_acc_cos1': 0.999596, 'val_acc_entropy': 1.098209}}[0m
[38;5;39m2026-05-27 02:06:26,799 (server:350) INFO: ----------- Starting a new training round (Round #39) -------------[0m
[38;5;39m2026-05-27 02:06:30,856 (client:390) INFO: {'Role': 'Client #2', 'Round': 39, 'Results_raw': {'train_loss': 222.547371, 'train_total': 320, 'train_avg_loss': 0.695461, 'train_acc': 0.51875}}[0m
[38;5;39m2026-05-27 02:06:35,217 (client:390) INFO: {'Role': 'Client #3', 'Round': 39, 'Results_raw': {'train_loss': 225.065853, 'train_total': 320, 'train_avg_loss': 0.703331, 'train_acc': 0.475}}[0m
[38;5;39m2026-05-27 02:06:39,121 (client:390) INFO: {'Role': 'Client #1', 'Round': 39, 'Results_raw': {'train_loss': 222.560121, 'train_total': 320, 'train_avg_loss': 0.6955, 'train_acc': 0.5}}[0m
[38;5;39m2026-05-27 02:06:39,128 (server:361) INFO: Server: Training is finished! Starting evaluation.[0m
[33;20m2026-05-27 02:06:49,442 (context:226) WARNING: cur_mode `test` mismatch mode `val`, will use `val` to calculate `ctx.var`.[0m
[33;20m2026-05-27 02:06:49,442 (context:226) WARNING: cur_mode `test` mismatch mode `val`, will use `val` to calculate `ctx.var`.[0m
[38;5;39m2026-05-27 02:06:51,410 (client:606) INFO: {'Role': 'Client #1', 'Round': 39, 'Results_raw': {'test_loss': 1261.860476, 'test_total': 1821, 'test_avg_loss': 0.692949, 'test_acc': 0.491488, 'val_loss': 242.448637, 'val_total': 350, 'val_avg_loss': 0.69271, 'val_acc': 0.494286}}[0m
[33;20m2026-05-27 02:07:02,035 (context:226) WARNING: cur_mode `test` mismatch mode `val`, will use `val` to calculate `ctx.var`.[0m
[33;20m2026-05-27 02:07:02,035 (context:226) WARNING: cur_mode `test` mismatch mode `val`, will use `val` to calculate `ctx.var`.[0m
[38;5;39m2026-05-27 02:07:04,051 (client:606) INFO: {'Role': 'Client #2', 'Round': 39, 'Results_raw': {'test_loss': 1260.364774, 'test_total': 1821, 'test_avg_loss': 0.692128, 'test_acc': 0.540362, 'val_loss': 241.77244, 'val_total': 349, 'val_avg_loss': 0.692758, 'val_acc': 0.512894}}[0m
[33;20m2026-05-27 02:07:15,085 (context:226) WARNING: cur_mode `test` mismatch mode `val`, will use `val` to calculate `ctx.var`.[0m
[33;20m2026-05-27 02:07:15,086 (context:226) WARNING: cur_mode `test` mismatch mode `val`, will use `val` to calculate `ctx.var`.[0m
[38;5;39m2026-05-27 02:07:17,093 (client:606) INFO: {'Role': 'Client #3', 'Round': 39, 'Results_raw': {'test_loss': 1261.086498, 'test_total': 1821, 'test_avg_loss': 0.692524, 'test_acc': 0.516749, 'val_loss': 241.636874, 'val_total': 349, 'val_avg_loss': 0.692369, 'val_acc': 0.538682}}[0m
[38;5;39m2026-05-27 02:07:17,094 (server:616) INFO: {'Role': 'Server #', 'Round': 39, 'Results_weighted_avg': {'test_loss': 1261.103916, 'test_total': 1821.0, 'test_avg_loss': 0.692534, 'test_acc': 0.5162, 'val_loss': 241.953124, 'val_total': 349.333333, 'val_avg_loss': 0.692613, 'val_acc': 0.515267}, 'Results_avg': {'test_loss': 1261.103916, 'test_total': 1821.0, 'test_avg_loss': 0.692534, 'test_acc': 0.5162, 'val_loss': 241.95265, 'val_total': 349.333333, 'val_avg_loss': 0.692612, 'val_acc': 0.515287}, 'Results_fairness': {'test_total': 1821.0, 'val_total': 349.333333, 'test_loss_std': 0.610742, 'test_loss_bottom_decile': 1260.364774, 'test_loss_top_decile': 1261.860476, 'test_loss_min': 1260.364774, 'test_loss_max': 1261.860476, 'test_loss_bottom10%': nan, 'test_loss_top10%': 1261.860476, 'test_loss_cos1': 1.0, 'test_loss_entropy': 1.098612, 'test_avg_loss_std': 0.000335, 'test_avg_loss_bottom_decile': 0.692128, 'test_avg_loss_top_decile': 0.692949, 'test_avg_loss_min': 0.692128, 'test_avg_loss_max': 0.692949, 'test_avg_loss_bottom10%': nan, 'test_avg_loss_top10%': 0.692949, 'test_avg_loss_cos1': 1.0, 'test_avg_loss_entropy': 1.098612, 'test_acc_std': 0.019957, 'test_acc_bottom_decile': 0.491488, 'test_acc_top_decile': 0.540362, 'test_acc_min': 0.491488, 'test_acc_max': 0.540362, 'test_acc_bottom10%': nan, 'test_acc_top10%': 0.540362, 'test_acc_cos1': 0.999254, 'test_acc_entropy': 1.097864, 'val_loss_std': 0.355055, 'val_loss_bottom_decile': 241.636874, 'val_loss_top_decile': 242.448637, 'val_loss_min': 241.636874, 'val_loss_max': 242.448637, 'val_loss_bottom10%': nan, 'val_loss_top10%': 242.448637, 'val_loss_cos1': 0.999999, 'val_loss_entropy': 1.098611, 'val_avg_loss_std': 0.000173, 'val_avg_loss_bottom_decile': 0.692369, 'val_avg_loss_top_decile': 0.692758, 'val_avg_loss_min': 0.692369, 'val_avg_loss_max': 0.692758, 'val_avg_loss_bottom10%': nan, 'val_avg_loss_top10%': 0.692758, 'val_avg_loss_cos1': 1.0, 'val_avg_loss_entropy': 1.098612, 'val_acc_std': 0.018204, 'val_acc_bottom_decile': 0.494286, 'val_acc_top_decile': 0.538682, 'val_acc_min': 0.494286, 'val_acc_max': 0.538682, 'val_acc_bottom10%': nan, 'val_acc_top10%': 0.538682, 'val_acc_cos1': 0.999377, 'val_acc_entropy': 1.09799}}[0m
[38;5;39m2026-05-27 02:07:17,096 (server:419) INFO: Server: Final evaluation is finished! Starting merging results.[0m
[38;5;39m2026-05-27 02:07:17,109 (server:547) INFO: {'Role': 'Server #', 'Round': 'Final', 'Results_raw': {'client_best_individual': {'val_loss': 241.564755, 'test_loss': 1259.39556, 'test_total': 1821.0, 'test_avg_loss': 0.691596, 'test_acc': 0.525535, 'val_total': 349.0, 'val_avg_loss': 0.690973, 'val_acc': 0.531429}, 'client_summarized_weighted_avg': {'val_loss': 241.747489, 'test_loss': 1262.297467, 'test_total': 1821.0, 'test_avg_loss': 0.693189, 'test_acc': 0.4946, 'val_total': 349.333333, 'val_avg_loss': 0.692025, 'val_acc': 0.513359}, 'client_summarized_avg': {'val_loss': 241.7474, 'test_loss': 1262.297467, 'test_total': 1821.0, 'test_avg_loss': 0.693189, 'test_acc': 0.4946, 'val_total': 349.333333, 'val_avg_loss': 0.692026, 'val_acc': 0.513342}, 'client_summarized_fairness': {'val_loss_entropy': 1.098585, 'val_loss_cos1': 0.999972, 'val_loss_top10%': 250.004336, 'val_loss_bottom10%': nan, 'val_loss_max': 250.004336, 'val_loss_min': 245.514728, 'val_loss_top_decile': 250.004336, 'val_loss_bottom_decile': 245.514728, 'val_loss_std': 1.84005, 'test_total': 1821.0, 'val_total': 349.333333, 'test_loss_std': 12.878403, 'test_loss_bottom_decile': 1266.76035, 'test_loss_top_decile': 1297.825893, 'test_loss_min': 1266.76035, 'test_loss_max': 1297.825893, 'test_loss_bottom10%': nan, 'test_loss_top10%': 1297.825893, 'test_loss_cos1': 0.999949, 'test_loss_entropy': 1.098562, 'test_avg_loss_std': 0.007072, 'test_avg_loss_bottom_decile': 0.69564, 'test_avg_loss_top_decile': 0.7127, 'test_avg_loss_min': 0.69564, 'test_avg_loss_max': 0.7127, 'test_avg_loss_bottom10%': nan, 'test_avg_loss_top10%': 0.7127, 'test_avg_loss_cos1': 0.999949, 'test_avg_loss_entropy': 1.098562, 'test_acc_std': 0.023239, 'test_acc_bottom_decile': 0.474465, 'test_acc_top_decile': 0.530478, 'test_acc_min': 0.474465, 'test_acc_max': 0.530478, 'test_acc_bottom10%': nan, 'test_acc_top10%': 0.530478, 'test_acc_cos1': 0.998944, 'test_acc_entropy': 1.097549, 'val_avg_loss_std': 0.004416, 'val_avg_loss_bottom_decile': 0.703481, 'val_avg_loss_top_decile': 0.714298, 'val_avg_loss_min': 0.703481, 'val_avg_loss_max': 0.714298, 'val_avg_loss_bottom10%': nan, 'val_avg_loss_top10%': 0.714298, 'val_avg_loss_cos1': 0.999981, 'val_avg_loss_entropy': 1.098593, 'val_acc_std': 0.014589, 'val_acc_bottom_decile': 0.468571, 'val_acc_top_decile': 0.504298, 'val_acc_min': 0.468571, 'val_acc_max': 0.504298, 'val_acc_bottom10%': nan, 'val_acc_top10%': 0.504298, 'val_acc_cos1': 0.999551, 'val_acc_entropy': 1.098163}}}[0m
[38;5;39m2026-05-27 02:07:17,110 (server:566) INFO: {'Role': 'Client #1', 'Round': 40, 'Results_raw': {'test_loss': 1261.860476, 'test_total': 1821, 'test_avg_loss': 0.692949, 'test_acc': 0.491488, 'val_loss': 242.448637, 'val_total': 350, 'val_avg_loss': 0.69271, 'val_acc': 0.494286}}[0m
[38;5;39m2026-05-27 02:07:17,111 (server:566) INFO: {'Role': 'Client #2', 'Round': 40, 'Results_raw': {'test_loss': 1260.364774, 'test_total': 1821, 'test_avg_loss': 0.692128, 'test_acc': 0.540362, 'val_loss': 241.77244, 'val_total': 349, 'val_avg_loss': 0.692758, 'val_acc': 0.512894}}[0m
[38;5;39m2026-05-27 02:07:17,111 (server:566) INFO: {'Role': 'Client #3', 'Round': 40, 'Results_raw': {'test_loss': 1261.086498, 'test_total': 1821, 'test_avg_loss': 0.692524, 'test_acc': 0.516749, 'val_loss': 241.636874, 'val_total': 349, 'val_avg_loss': 0.692369, 'val_acc': 0.538682}}[0m
[38;5;39m2026-05-27 02:07:17,113 (monitor:173) INFO: In worker #0, the system-related metrics are: {'id': 0, 'fl_end_time_minutes': 38.7143, 'total_model_size': 0, 'total_flops': 0, 'total_upload_bytes': 0, 'total_download_bytes': 1269056, 'global_convergence_round': 0, 'local_convergence_round': 0, 'global_convergence_time_minutes': 0, 'local_convergence_time_minutes': 0}[0m
[38;5;39m2026-05-27 02:07:17,114 (client:659) INFO: ================= client 1 received finish message =================[0m
[38;5;39m2026-05-27 02:07:17,116 (monitor:173) INFO: In worker #1, the system-related metrics are: {'id': 1, 'fl_end_time_minutes': 38.71078, 'total_model_size': 125386756, 'total_flops': 0, 'total_upload_bytes': 0, 'total_download_bytes': 702696, 'global_convergence_round': 0, 'local_convergence_round': 0, 'global_convergence_time_minutes': 0, 'local_convergence_time_minutes': 0}[0m
[38;5;39m2026-05-27 02:07:17,116 (client:659) INFO: ================= client 2 received finish message =================[0m
[38;5;39m2026-05-27 02:07:17,119 (monitor:173) INFO: In worker #2, the system-related metrics are: {'id': 2, 'fl_end_time_minutes': 38.689252, 'total_model_size': 125386756, 'total_flops': 0, 'total_upload_bytes': 0, 'total_download_bytes': 702696, 'global_convergence_round': 0, 'local_convergence_round': 0, 'global_convergence_time_minutes': 0, 'local_convergence_time_minutes': 0}[0m
[38;5;39m2026-05-27 02:07:17,119 (client:659) INFO: ================= client 3 received finish message =================[0m
[38;5;39m2026-05-27 02:07:17,121 (monitor:173) INFO: In worker #3, the system-related metrics are: {'id': 3, 'fl_end_time_minutes': 38.685391, 'total_model_size': 125386756, 'total_flops': 0, 'total_upload_bytes': 0, 'total_download_bytes': 702696, 'global_convergence_round': 0, 'local_convergence_round': 0, 'global_convergence_time_minutes': 0, 'local_convergence_time_minutes': 0}[0m
[38;5;39m2026-05-27 02:07:17,122 (monitor:338) INFO: We will compress the file eval_results.raw into a .gz file, and delete the old one[0m
[38;5;39m2026-05-27 02:07:17,126 (monitor:246) INFO: After merging the system metrics from all works, we got avg: defaultdict(None, {'id': 'sys_avg', 'sys_avg/fl_end_time_minutes': 38.699931, 'sys_avg/total_model_size': '89.68M', 'sys_avg/total_flops': '0.0', 'sys_avg/total_upload_bytes': '0.0', 'sys_avg/total_download_bytes': '824.5K', 'sys_avg/global_convergence_round': 0.0, 'sys_avg/local_convergence_round': 0.0, 'sys_avg/global_convergence_time_minutes': 0.0, 'sys_avg/local_convergence_time_minutes': 0.0})[0m
[38;5;39m2026-05-27 02:07:17,126 (monitor:249) INFO: After merging the system metrics from all works, we got std: defaultdict(None, {'id': 'sys_std', 'sys_std/fl_end_time_minutes': 0.012744, 'sys_std/total_model_size': '51.78M', 'sys_std/total_flops': '0.0', 'sys_std/total_upload_bytes': '0.0', 'sys_std/total_download_bytes': '239.49K', 'sys_std/global_convergence_round': 0.0, 'sys_std/local_convergence_round': 0.0, 'sys_std/global_convergence_time_minutes': 0.0, 'sys_std/local_convergence_time_minutes': 0.0})[0m
'nvidia-smi' tool not found.
trainable params: 1331716 || all params: 125386756 || trainable%: 1.0620866529157194
Load CustomSeq2SeqTrainer...
Load CustomSeq2SeqTrainer...
Load CustomSeq2SeqTrainer...
[sls-rolora] RoLoRA round 0: train B
[sls-rolora] RoLoRA round 0: train B
[sls-rolora] RoLoRA round 0: train B
[sls-rolora] RoLoRA round 1: train A
[sls-rolora] RoLoRA round 1: train A
[sls-rolora] RoLoRA round 1: train A
[sls-rolora] RoLoRA round 2: train B
[sls-rolora] RoLoRA round 2: train B
[sls-rolora] RoLoRA round 2: train B
[sls-rolora] RoLoRA round 3: train A
[sls-rolora] RoLoRA round 3: train A
[sls-rolora] RoLoRA round 3: train A
[sls-rolora] RoLoRA round 4: train B
[sls-rolora] RoLoRA round 4: train B
[sls-rolora] RoLoRA round 4: train B
[sls-rolora] RoLoRA round 5: train A
[sls-rolora] RoLoRA round 5: train A
[sls-rolora] RoLoRA round 5: train A
[sls-rolora] RoLoRA round 6: train B
[sls-rolora] RoLoRA round 6: train B
[sls-rolora] RoLoRA round 6: train B
[sls-rolora] RoLoRA round 7: train A
[sls-rolora] RoLoRA round 7: train A
[sls-rolora] RoLoRA round 7: train A
[sls-rolora] RoLoRA round 8: train B
[sls-rolora] RoLoRA round 8: train B
[sls-rolora] RoLoRA round 8: train B
[sls-rolora] RoLoRA round 9: train A
[sls-rolora] RoLoRA round 9: train A
[sls-rolora] RoLoRA round 9: train A
[sls-rolora] RoLoRA round 10: train B
[sls-rolora] RoLoRA round 10: train B
[sls-rolora] RoLoRA round 10: train B
[sls-rolora] RoLoRA round 11: train A
[sls-rolora] RoLoRA round 11: train A
[sls-rolora] RoLoRA round 11: train A
[sls-rolora] RoLoRA round 12: train B
[sls-rolora] RoLoRA round 12: train B
[sls-rolora] RoLoRA round 12: train B
[sls-rolora] RoLoRA round 13: train A
[sls-rolora] RoLoRA round 13: train A
[sls-rolora] RoLoRA round 13: train A
[sls-rolora] RoLoRA round 14: train B
[sls-rolora] RoLoRA round 14: train B
[sls-rolora] RoLoRA round 14: train B
[sls-rolora] RoLoRA round 15: train A
[sls-rolora] RoLoRA round 15: train A
[sls-rolora] RoLoRA round 15: train A
[sls-rolora] RoLoRA round 16: train B
[sls-rolora] RoLoRA round 16: train B
[sls-rolora] RoLoRA round 16: train B
[sls-rolora] RoLoRA round 17: train A
[sls-rolora] RoLoRA round 17: train A
[sls-rolora] RoLoRA round 17: train A
[sls-rolora] RoLoRA round 18: train B
[sls-rolora] RoLoRA round 18: train B
[sls-rolora] RoLoRA round 18: train B
[sls-rolora] RoLoRA round 19: train A
[sls-rolora] RoLoRA round 19: train A
[sls-rolora] RoLoRA round 19: train A
[sls-rolora] RoLoRA round 20: train B
[sls-rolora] RoLoRA round 20: train B
[sls-rolora] RoLoRA round 20: train B
[sls-rolora] RoLoRA round 21: train A
[sls-rolora] RoLoRA round 21: train A
[sls-rolora] RoLoRA round 21: train A
[sls-rolora] RoLoRA round 22: train B
[sls-rolora] RoLoRA round 22: train B
[sls-rolora] RoLoRA round 22: train B
[sls-rolora] RoLoRA round 23: train A
[sls-rolora] RoLoRA round 23: train A
[sls-rolora] RoLoRA round 23: train A
[sls-rolora] RoLoRA round 24: train B
[sls-rolora] RoLoRA round 24: train B
[sls-rolora] RoLoRA round 24: train B
[sls-rolora] RoLoRA round 25: train A
[sls-rolora] RoLoRA round 25: train A
[sls-rolora] RoLoRA round 25: train A
[sls-rolora] RoLoRA round 26: train B
[sls-rolora] RoLoRA round 26: train B
[sls-rolora] RoLoRA round 26: train B
[sls-rolora] RoLoRA round 27: train A
[sls-rolora] RoLoRA round 27: train A
[sls-rolora] RoLoRA round 27: train A
[sls-rolora] RoLoRA round 28: train B
[sls-rolora] RoLoRA round 28: train B
[sls-rolora] RoLoRA round 28: train B
[sls-rolora] RoLoRA round 29: train A
[sls-rolora] RoLoRA round 29: train A
[sls-rolora] RoLoRA round 29: train A
[sls-rolora] RoLoRA round 30: train B
[sls-rolora] RoLoRA round 30: train B
[sls-rolora] RoLoRA round 30: train B
[sls-rolora] RoLoRA round 31: train A
[sls-rolora] RoLoRA round 31: train A
[sls-rolora] RoLoRA round 31: train A
[sls-rolora] RoLoRA round 32: train B
[sls-rolora] RoLoRA round 32: train B
[sls-rolora] RoLoRA round 32: train B
[sls-rolora] RoLoRA round 33: train A
[sls-rolora] RoLoRA round 33: train A
[sls-rolora] RoLoRA round 33: train A
[sls-rolora] RoLoRA round 34: train B
[sls-rolora] RoLoRA round 34: train B
[sls-rolora] RoLoRA round 34: train B
[sls-rolora] RoLoRA round 35: train A
[sls-rolora] RoLoRA round 35: train A
[sls-rolora] RoLoRA round 35: train A
[sls-rolora] RoLoRA round 36: train B
[sls-rolora] RoLoRA round 36: train B
[sls-rolora] RoLoRA round 36: train B
[sls-rolora] RoLoRA round 37: train A
[sls-rolora] RoLoRA round 37: train A
[sls-rolora] RoLoRA round 37: train A
[sls-rolora] RoLoRA round 38: train B
[sls-rolora] RoLoRA round 38: train B
[sls-rolora] RoLoRA round 38: train B
[sls-rolora] RoLoRA round 39: train A
[sls-rolora] RoLoRA round 39: train A
[sls-rolora] RoLoRA round 39: train A
wandb: 
wandb: Run history:
wandb:          client_01/round ▁▁▂▂▂▃▃▄▄▄▅▅▅▆▆▇▇▇██
wandb:       client_01/test_acc ▁▁▁▆▆▆▁▂▆▁▆▁█▆▆▁▆▆▆▃
wandb:  client_01/test_avg_loss ▃▂█▁▁▁▂▂▁▅▁▂▁▁▁▂▁▁▁▂
wandb:      client_01/test_loss ▃▂█▁▁▁▂▂▁▅▁▂▁▁▁▂▁▁▁▂
wandb:     client_01/test_total ▁▁▁▁▁▁▁▁▁▁▁▁▁▁▁▁▁▁▁▁
wandb:      client_01/train_acc ▅▅▄▁▄█▆▄▄▃▃█▅▄▁▄▂▇▃▂▆▃▅▁▆▁▆▅▃▃▂▄▂▅▄▅▁▂▂▃
wandb: client_01/train_avg_loss █▇▆▆█▁▅▄▆▆▆▄▄▆█▆▇▅▆▇▂▃▅▆▃▅▄▄▅▇▅▆▆▄▂▃▅▆▄▄
wandb:     client_01/train_loss █▇▆▆█▁▅▄▆▆▆▄▄▆█▆▇▅▆▇▂▃▅▆▃▅▄▄▅▇▅▆▆▄▂▃▅▆▄▄
wandb:    client_01/train_total ▁▁▁▁▁▁▁▁▁▁▁▁▁▁▁▁▁▁▁▁▁▁▁▁▁▁▁▁▁▁▁▁▁▁▁▁▁▁▁▁
wandb:        client_01/val_acc ▁▁▁▅▆▅▁▂▅▁▅▁█▅▅▁▃▅▅▃
wandb:                      +42 ...
wandb: 
wandb: Run summary:
wandb:          client_01/round 39
wandb:       client_01/test_acc 0.49149
wandb:  client_01/test_avg_loss 0.69295
wandb:      client_01/test_loss 1261.86048
wandb:     client_01/test_total 1821
wandb:      client_01/train_acc 0.5
wandb: client_01/train_avg_loss 0.6955
wandb:     client_01/train_loss 222.56012
wandb:    client_01/train_total 320
wandb:        client_01/val_acc 0.49429
wandb:                      +42 ...
wandb: 
wandb: You can sync this run to the cloud by running:
wandb: wandb sync /Users/vliftode/personal/scalable-learning/results/wandb/offline-run-20260527_012834-nl8oqw55
wandb: Find logs at: ./results/wandb/offline-run-20260527_012834-nl8oqw55/logs
wandb: WARNING Tried to log to step 1 that is less than the current step 2. Steps must be monotonically increasing, so this data will be ignored. See https://wandb.me/define-metric to log data out of order.
wandb: WARNING Tried to log to step 3 that is less than the current step 4. Steps must be monotonically increasing, so this data will be ignored. See https://wandb.me/define-metric to log data out of order.
wandb: WARNING Tried to log to step 5 that is less than the current step 6. Steps must be monotonically increasing, so this data will be ignored. See https://wandb.me/define-metric to log data out of order.
wandb: WARNING Tried to log to step 7 that is less than the current step 8. Steps must be monotonically increasing, so this data will be ignored. See https://wandb.me/define-metric to log data out of order.
wandb: WARNING Tried to log to step 9 that is less than the current step 10. Steps must be monotonically increasing, so this data will be ignored. See https://wandb.me/define-metric to log data out of order.
wandb: WARNING Tried to log to step 11 that is less than the current step 12. Steps must be monotonically increasing, so this data will be ignored. See https://wandb.me/define-metric to log data out of order.
wandb: WARNING Tried to log to step 13 that is less than the current step 14. Steps must be monotonically increasing, so this data will be ignored. See https://wandb.me/define-metric to log data out of order.
wandb: WARNING Tried to log to step 15 that is less than the current step 16. Steps must be monotonically increasing, so this data will be ignored. See https://wandb.me/define-metric to log data out of order.
wandb: WARNING Tried to log to step 17 that is less than the current step 18. Steps must be monotonically increasing, so this data will be ignored. See https://wandb.me/define-metric to log data out of order.
wandb: WARNING Tried to log to step 19 that is less than the current step 20. Steps must be monotonically increasing, so this data will be ignored. See https://wandb.me/define-metric to log data out of order.
wandb: WARNING Tried to log to step 21 that is less than the current step 22. Steps must be monotonically increasing, so this data will be ignored. See https://wandb.me/define-metric to log data out of order.
wandb: WARNING Tried to log to step 23 that is less than the current step 24. Steps must be monotonically increasing, so this data will be ignored. See https://wandb.me/define-metric to log data out of order.
wandb: WARNING Tried to log to step 25 that is less than the current step 26. Steps must be monotonically increasing, so this data will be ignored. See https://wandb.me/define-metric to log data out of order.
wandb: WARNING Tried to log to step 27 that is less than the current step 28. Steps must be monotonically increasing, so this data will be ignored. See https://wandb.me/define-metric to log data out of order.
wandb: WARNING Tried to log to step 29 that is less than the current step 30. Steps must be monotonically increasing, so this data will be ignored. See https://wandb.me/define-metric to log data out of order.
wandb: WARNING Tried to log to step 31 that is less than the current step 32. Steps must be monotonically increasing, so this data will be ignored. See https://wandb.me/define-metric to log data out of order.
wandb: WARNING Tried to log to step 33 that is less than the current step 34. Steps must be monotonically increasing, so this data will be ignored. See https://wandb.me/define-metric to log data out of order.
wandb: WARNING Tried to log to step 35 that is less than the current step 36. Steps must be monotonically increasing, so this data will be ignored. See https://wandb.me/define-metric to log data out of order.
wandb: WARNING Tried to log to step 37 that is less than the current step 38. Steps must be monotonically increasing, so this data will be ignored. See https://wandb.me/define-metric to log data out of order.
