# repo: /Users/vliftode/personal/scalable-learning
# git_sha: 1b23e4b
# config: experiments/configs/overnight_local_qnli.yaml
# mode: rolora
# tag: smoke_stdoutprobe
# overrides: federate.total_round_num 4 eval.freq 1
# started_at_utc: 2026-05-26T22:23:51Z
2026-05-27 00:23:52,947 (cfg_fl_setting:228)WARNING: We found the number of gpu is insufficient, thus cfg.federate.process_num=0
[38;5;39m2026-05-27 00:23:52,953 (logging:132) INFO: the current machine is at 127.0.0.1[0m
[38;5;39m2026-05-27 00:23:52,954 (logging:134) INFO: the current dir is /Users/vliftode/personal/scalable-learning[0m
[38;5;39m2026-05-27 00:23:52,954 (logging:135) INFO: the output dir is exp/FedAvg_roberta-base@huggingface_llm_on_qnli.json@llm_lr0.005_lstep20/sub_exp_20260527002352[0m
/Users/vliftode/personal/scalable-learning/code/harness/rolora-supplement/RoLoRA-code/.venv-supplement/lib/python3.9/site-packages/urllib3/__init__.py:35: NotOpenSSLWarning: urllib3 v2 only supports OpenSSL 1.1.1+, currently the 'ssl' module is compiled with 'LibreSSL 2.8.3'. See: https://github.com/urllib3/urllib3/issues/3020
  warnings.warn(
/Users/vliftode/personal/scalable-learning/code/harness/rolora-supplement/RoLoRA-code/.venv-supplement/lib/python3.9/site-packages/huggingface_hub/file_download.py:949: FutureWarning: `resume_download` is deprecated and will be removed in version 1.0.0. Downloads always resume when possible. If you want to force a new download, use `force_download=True`.
  warnings.warn(
Be aware, overflowing tokens are not returned for the setting you have chosen, i.e. sequence pairs with the 'longest_first' truncation strategy. So the returned list will always be empty even if some tokens have been removed.
Be aware, overflowing tokens are not returned for the setting you have chosen, i.e. sequence pairs with the 'longest_first' truncation strategy. So the returned list will always be empty even if some tokens have been removed.
Be aware, overflowing tokens are not returned for the setting you have chosen, i.e. sequence pairs with the 'longest_first' truncation strategy. So the returned list will always be empty even if some tokens have been removed.
Be aware, overflowing tokens are not returned for the setting you have chosen, i.e. sequence pairs with the 'longest_first' truncation strategy. So the returned list will always be empty even if some tokens have been removed.
Be aware, overflowing tokens are not returned for the setting you have chosen, i.e. sequence pairs with the 'longest_first' truncation strategy. So the returned list will always be empty even if some tokens have been removed.
Be aware, overflowing tokens are not returned for the setting you have chosen, i.e. sequence pairs with the 'longest_first' truncation strategy. So the returned list will always be empty even if some tokens have been removed.
Be aware, overflowing tokens are not returned for the setting you have chosen, i.e. sequence pairs with the 'longest_first' truncation strategy. So the returned list will always be empty even if some tokens have been removed.
Be aware, overflowing tokens are not returned for the setting you have chosen, i.e. sequence pairs with the 'longest_first' truncation strategy. So the returned list will always be empty even if some tokens have been removed.
Be aware, overflowing tokens are not returned for the setting you have chosen, i.e. sequence pairs with the 'longest_first' truncation strategy. So the returned list will always be empty even if some tokens have been removed.
Be aware, overflowing tokens are not returned for the setting you have chosen, i.e. sequence pairs with the 'longest_first' truncation strategy. So the returned list will always be empty even if some tokens have been removed.
Be aware, overflowing tokens are not returned for the setting you have chosen, i.e. sequence pairs with the 'longest_first' truncation strategy. So the returned list will always be empty even if some tokens have been removed.
Be aware, overflowing tokens are not returned for the setting you have chosen, i.e. sequence pairs with the 'longest_first' truncation strategy. So the returned list will always be empty even if some tokens have been removed.
Be aware, overflowing tokens are not returned for the setting you have chosen, i.e. sequence pairs with the 'longest_first' truncation strategy. So the returned list will always be empty even if some tokens have been removed.
Be aware, overflowing tokens are not returned for the setting you have chosen, i.e. sequence pairs with the 'longest_first' truncation strategy. So the returned list will always be empty even if some tokens have been removed.
Be aware, overflowing tokens are not returned for the setting you have chosen, i.e. sequence pairs with the 'longest_first' truncation strategy. So the returned list will always be empty even if some tokens have been removed.
Be aware, overflowing tokens are not returned for the setting you have chosen, i.e. sequence pairs with the 'longest_first' truncation strategy. So the returned list will always be empty even if some tokens have been removed.
Be aware, overflowing tokens are not returned for the setting you have chosen, i.e. sequence pairs with the 'longest_first' truncation strategy. So the returned list will always be empty even if some tokens have been removed.
Be aware, overflowing tokens are not returned for the setting you have chosen, i.e. sequence pairs with the 'longest_first' truncation strategy. So the returned list will always be empty even if some tokens have been removed.
Be aware, overflowing tokens are not returned for the setting you have chosen, i.e. sequence pairs with the 'longest_first' truncation strategy. So the returned list will always be empty even if some tokens have been removed.
Be aware, overflowing tokens are not returned for the setting you have chosen, i.e. sequence pairs with the 'longest_first' truncation strategy. So the returned list will always be empty even if some tokens have been removed.
Be aware, overflowing tokens are not returned for the setting you have chosen, i.e. sequence pairs with the 'longest_first' truncation strategy. So the returned list will always be empty even if some tokens have been removed.
Be aware, overflowing tokens are not returned for the setting you have chosen, i.e. sequence pairs with the 'longest_first' truncation strategy. So the returned list will always be empty even if some tokens have been removed.
Be aware, overflowing tokens are not returned for the setting you have chosen, i.e. sequence pairs with the 'longest_first' truncation strategy. So the returned list will always be empty even if some tokens have been removed.
Be aware, overflowing tokens are not returned for the setting you have chosen, i.e. sequence pairs with the 'longest_first' truncation strategy. So the returned list will always be empty even if some tokens have been removed.
Be aware, overflowing tokens are not returned for the setting you have chosen, i.e. sequence pairs with the 'longest_first' truncation strategy. So the returned list will always be empty even if some tokens have been removed.
Be aware, overflowing tokens are not returned for the setting you have chosen, i.e. sequence pairs with the 'longest_first' truncation strategy. So the returned list will always be empty even if some tokens have been removed.
Be aware, overflowing tokens are not returned for the setting you have chosen, i.e. sequence pairs with the 'longest_first' truncation strategy. So the returned list will always be empty even if some tokens have been removed.
Be aware, overflowing tokens are not returned for the setting you have chosen, i.e. sequence pairs with the 'longest_first' truncation strategy. So the returned list will always be empty even if some tokens have been removed.
Be aware, overflowing tokens are not returned for the setting you have chosen, i.e. sequence pairs with the 'longest_first' truncation strategy. So the returned list will always be empty even if some tokens have been removed.
Be aware, overflowing tokens are not returned for the setting you have chosen, i.e. sequence pairs with the 'longest_first' truncation strategy. So the returned list will always be empty even if some tokens have been removed.
Be aware, overflowing tokens are not returned for the setting you have chosen, i.e. sequence pairs with the 'longest_first' truncation strategy. So the returned list will always be empty even if some tokens have been removed.
Be aware, overflowing tokens are not returned for the setting you have chosen, i.e. sequence pairs with the 'longest_first' truncation strategy. So the returned list will always be empty even if some tokens have been removed.
Be aware, overflowing tokens are not returned for the setting you have chosen, i.e. sequence pairs with the 'longest_first' truncation strategy. So the returned list will always be empty even if some tokens have been removed.
Be aware, overflowing tokens are not returned for the setting you have chosen, i.e. sequence pairs with the 'longest_first' truncation strategy. So the returned list will always be empty even if some tokens have been removed.
Be aware, overflowing tokens are not returned for the setting you have chosen, i.e. sequence pairs with the 'longest_first' truncation strategy. So the returned list will always be empty even if some tokens have been removed.
Be aware, overflowing tokens are not returned for the setting you have chosen, i.e. sequence pairs with the 'longest_first' truncation strategy. So the returned list will always be empty even if some tokens have been removed.
Be aware, overflowing tokens are not returned for the setting you have chosen, i.e. sequence pairs with the 'longest_first' truncation strategy. So the returned list will always be empty even if some tokens have been removed.
Be aware, overflowing tokens are not returned for the setting you have chosen, i.e. sequence pairs with the 'longest_first' truncation strategy. So the returned list will always be empty even if some tokens have been removed.
Be aware, overflowing tokens are not returned for the setting you have chosen, i.e. sequence pairs with the 'longest_first' truncation strategy. So the returned list will always be empty even if some tokens have been removed.
Be aware, overflowing tokens are not returned for the setting you have chosen, i.e. sequence pairs with the 'longest_first' truncation strategy. So the returned list will always be empty even if some tokens have been removed.
Be aware, overflowing tokens are not returned for the setting you have chosen, i.e. sequence pairs with the 'longest_first' truncation strategy. So the returned list will always be empty even if some tokens have been removed.
Be aware, overflowing tokens are not returned for the setting you have chosen, i.e. sequence pairs with the 'longest_first' truncation strategy. So the returned list will always be empty even if some tokens have been removed.
Be aware, overflowing tokens are not returned for the setting you have chosen, i.e. sequence pairs with the 'longest_first' truncation strategy. So the returned list will always be empty even if some tokens have been removed.
Be aware, overflowing tokens are not returned for the setting you have chosen, i.e. sequence pairs with the 'longest_first' truncation strategy. So the returned list will always be empty even if some tokens have been removed.
Be aware, overflowing tokens are not returned for the setting you have chosen, i.e. sequence pairs with the 'longest_first' truncation strategy. So the returned list will always be empty even if some tokens have been removed.
Be aware, overflowing tokens are not returned for the setting you have chosen, i.e. sequence pairs with the 'longest_first' truncation strategy. So the returned list will always be empty even if some tokens have been removed.
Be aware, overflowing tokens are not returned for the setting you have chosen, i.e. sequence pairs with the 'longest_first' truncation strategy. So the returned list will always be empty even if some tokens have been removed.
Be aware, overflowing tokens are not returned for the setting you have chosen, i.e. sequence pairs with the 'longest_first' truncation strategy. So the returned list will always be empty even if some tokens have been removed.
Be aware, overflowing tokens are not returned for the setting you have chosen, i.e. sequence pairs with the 'longest_first' truncation strategy. So the returned list will always be empty even if some tokens have been removed.
Be aware, overflowing tokens are not returned for the setting you have chosen, i.e. sequence pairs with the 'longest_first' truncation strategy. So the returned list will always be empty even if some tokens have been removed.
Be aware, overflowing tokens are not returned for the setting you have chosen, i.e. sequence pairs with the 'longest_first' truncation strategy. So the returned list will always be empty even if some tokens have been removed.
Be aware, overflowing tokens are not returned for the setting you have chosen, i.e. sequence pairs with the 'longest_first' truncation strategy. So the returned list will always be empty even if some tokens have been removed.
Be aware, overflowing tokens are not returned for the setting you have chosen, i.e. sequence pairs with the 'longest_first' truncation strategy. So the returned list will always be empty even if some tokens have been removed.
Be aware, overflowing tokens are not returned for the setting you have chosen, i.e. sequence pairs with the 'longest_first' truncation strategy. So the returned list will always be empty even if some tokens have been removed.
Be aware, overflowing tokens are not returned for the setting you have chosen, i.e. sequence pairs with the 'longest_first' truncation strategy. So the returned list will always be empty even if some tokens have been removed.
Be aware, overflowing tokens are not returned for the setting you have chosen, i.e. sequence pairs with the 'longest_first' truncation strategy. So the returned list will always be empty even if some tokens have been removed.
Be aware, overflowing tokens are not returned for the setting you have chosen, i.e. sequence pairs with the 'longest_first' truncation strategy. So the returned list will always be empty even if some tokens have been removed.
Be aware, overflowing tokens are not returned for the setting you have chosen, i.e. sequence pairs with the 'longest_first' truncation strategy. So the returned list will always be empty even if some tokens have been removed.
Be aware, overflowing tokens are not returned for the setting you have chosen, i.e. sequence pairs with the 'longest_first' truncation strategy. So the returned list will always be empty even if some tokens have been removed.
Be aware, overflowing tokens are not returned for the setting you have chosen, i.e. sequence pairs with the 'longest_first' truncation strategy. So the returned list will always be empty even if some tokens have been removed.
Be aware, overflowing tokens are not returned for the setting you have chosen, i.e. sequence pairs with the 'longest_first' truncation strategy. So the returned list will always be empty even if some tokens have been removed.
Be aware, overflowing tokens are not returned for the setting you have chosen, i.e. sequence pairs with the 'longest_first' truncation strategy. So the returned list will always be empty even if some tokens have been removed.
Be aware, overflowing tokens are not returned for the setting you have chosen, i.e. sequence pairs with the 'longest_first' truncation strategy. So the returned list will always be empty even if some tokens have been removed.
Be aware, overflowing tokens are not returned for the setting you have chosen, i.e. sequence pairs with the 'longest_first' truncation strategy. So the returned list will always be empty even if some tokens have been removed.
Be aware, overflowing tokens are not returned for the setting you have chosen, i.e. sequence pairs with the 'longest_first' truncation strategy. So the returned list will always be empty even if some tokens have been removed.
Be aware, overflowing tokens are not returned for the setting you have chosen, i.e. sequence pairs with the 'longest_first' truncation strategy. So the returned list will always be empty even if some tokens have been removed.
Be aware, overflowing tokens are not returned for the setting you have chosen, i.e. sequence pairs with the 'longest_first' truncation strategy. So the returned list will always be empty even if some tokens have been removed.
Be aware, overflowing tokens are not returned for the setting you have chosen, i.e. sequence pairs with the 'longest_first' truncation strategy. So the returned list will always be empty even if some tokens have been removed.
Be aware, overflowing tokens are not returned for the setting you have chosen, i.e. sequence pairs with the 'longest_first' truncation strategy. So the returned list will always be empty even if some tokens have been removed.
Be aware, overflowing tokens are not returned for the setting you have chosen, i.e. sequence pairs with the 'longest_first' truncation strategy. So the returned list will always be empty even if some tokens have been removed.
Be aware, overflowing tokens are not returned for the setting you have chosen, i.e. sequence pairs with the 'longest_first' truncation strategy. So the returned list will always be empty even if some tokens have been removed.
Be aware, overflowing tokens are not returned for the setting you have chosen, i.e. sequence pairs with the 'longest_first' truncation strategy. So the returned list will always be empty even if some tokens have been removed.
Be aware, overflowing tokens are not returned for the setting you have chosen, i.e. sequence pairs with the 'longest_first' truncation strategy. So the returned list will always be empty even if some tokens have been removed.
Be aware, overflowing tokens are not returned for the setting you have chosen, i.e. sequence pairs with the 'longest_first' truncation strategy. So the returned list will always be empty even if some tokens have been removed.
Be aware, overflowing tokens are not returned for the setting you have chosen, i.e. sequence pairs with the 'longest_first' truncation strategy. So the returned list will always be empty even if some tokens have been removed.
Be aware, overflowing tokens are not returned for the setting you have chosen, i.e. sequence pairs with the 'longest_first' truncation strategy. So the returned list will always be empty even if some tokens have been removed.
Be aware, overflowing tokens are not returned for the setting you have chosen, i.e. sequence pairs with the 'longest_first' truncation strategy. So the returned list will always be empty even if some tokens have been removed.
Be aware, overflowing tokens are not returned for the setting you have chosen, i.e. sequence pairs with the 'longest_first' truncation strategy. So the returned list will always be empty even if some tokens have been removed.
Be aware, overflowing tokens are not returned for the setting you have chosen, i.e. sequence pairs with the 'longest_first' truncation strategy. So the returned list will always be empty even if some tokens have been removed.
Be aware, overflowing tokens are not returned for the setting you have chosen, i.e. sequence pairs with the 'longest_first' truncation strategy. So the returned list will always be empty even if some tokens have been removed.
Be aware, overflowing tokens are not returned for the setting you have chosen, i.e. sequence pairs with the 'longest_first' truncation strategy. So the returned list will always be empty even if some tokens have been removed.
Be aware, overflowing tokens are not returned for the setting you have chosen, i.e. sequence pairs with the 'longest_first' truncation strategy. So the returned list will always be empty even if some tokens have been removed.
Be aware, overflowing tokens are not returned for the setting you have chosen, i.e. sequence pairs with the 'longest_first' truncation strategy. So the returned list will always be empty even if some tokens have been removed.
Be aware, overflowing tokens are not returned for the setting you have chosen, i.e. sequence pairs with the 'longest_first' truncation strategy. So the returned list will always be empty even if some tokens have been removed.
Be aware, overflowing tokens are not returned for the setting you have chosen, i.e. sequence pairs with the 'longest_first' truncation strategy. So the returned list will always be empty even if some tokens have been removed.
Be aware, overflowing tokens are not returned for the setting you have chosen, i.e. sequence pairs with the 'longest_first' truncation strategy. So the returned list will always be empty even if some tokens have been removed.
Be aware, overflowing tokens are not returned for the setting you have chosen, i.e. sequence pairs with the 'longest_first' truncation strategy. So the returned list will always be empty even if some tokens have been removed.
Be aware, overflowing tokens are not returned for the setting you have chosen, i.e. sequence pairs with the 'longest_first' truncation strategy. So the returned list will always be empty even if some tokens have been removed.
Be aware, overflowing tokens are not returned for the setting you have chosen, i.e. sequence pairs with the 'longest_first' truncation strategy. So the returned list will always be empty even if some tokens have been removed.
Be aware, overflowing tokens are not returned for the setting you have chosen, i.e. sequence pairs with the 'longest_first' truncation strategy. So the returned list will always be empty even if some tokens have been removed.
Be aware, overflowing tokens are not returned for the setting you have chosen, i.e. sequence pairs with the 'longest_first' truncation strategy. So the returned list will always be empty even if some tokens have been removed.
Be aware, overflowing tokens are not returned for the setting you have chosen, i.e. sequence pairs with the 'longest_first' truncation strategy. So the returned list will always be empty even if some tokens have been removed.
Be aware, overflowing tokens are not returned for the setting you have chosen, i.e. sequence pairs with the 'longest_first' truncation strategy. So the returned list will always be empty even if some tokens have been removed.
Be aware, overflowing tokens are not returned for the setting you have chosen, i.e. sequence pairs with the 'longest_first' truncation strategy. So the returned list will always be empty even if some tokens have been removed.
Be aware, overflowing tokens are not returned for the setting you have chosen, i.e. sequence pairs with the 'longest_first' truncation strategy. So the returned list will always be empty even if some tokens have been removed.
Be aware, overflowing tokens are not returned for the setting you have chosen, i.e. sequence pairs with the 'longest_first' truncation strategy. So the returned list will always be empty even if some tokens have been removed.
Be aware, overflowing tokens are not returned for the setting you have chosen, i.e. sequence pairs with the 'longest_first' truncation strategy. So the returned list will always be empty even if some tokens have been removed.
Be aware, overflowing tokens are not returned for the setting you have chosen, i.e. sequence pairs with the 'longest_first' truncation strategy. So the returned list will always be empty even if some tokens have been removed.
Be aware, overflowing tokens are not returned for the setting you have chosen, i.e. sequence pairs with the 'longest_first' truncation strategy. So the returned list will always be empty even if some tokens have been removed.
Be aware, overflowing tokens are not returned for the setting you have chosen, i.e. sequence pairs with the 'longest_first' truncation strategy. So the returned list will always be empty even if some tokens have been removed.
Be aware, overflowing tokens are not returned for the setting you have chosen, i.e. sequence pairs with the 'longest_first' truncation strategy. So the returned list will always be empty even if some tokens have been removed.
Be aware, overflowing tokens are not returned for the setting you have chosen, i.e. sequence pairs with the 'longest_first' truncation strategy. So the returned list will always be empty even if some tokens have been removed.
Be aware, overflowing tokens are not returned for the setting you have chosen, i.e. sequence pairs with the 'longest_first' truncation strategy. So the returned list will always be empty even if some tokens have been removed.
Be aware, overflowing tokens are not returned for the setting you have chosen, i.e. sequence pairs with the 'longest_first' truncation strategy. So the returned list will always be empty even if some tokens have been removed.
Be aware, overflowing tokens are not returned for the setting you have chosen, i.e. sequence pairs with the 'longest_first' truncation strategy. So the returned list will always be empty even if some tokens have been removed.
Be aware, overflowing tokens are not returned for the setting you have chosen, i.e. sequence pairs with the 'longest_first' truncation strategy. So the returned list will always be empty even if some tokens have been removed.
Be aware, overflowing tokens are not returned for the setting you have chosen, i.e. sequence pairs with the 'longest_first' truncation strategy. So the returned list will always be empty even if some tokens have been removed.
Be aware, overflowing tokens are not returned for the setting you have chosen, i.e. sequence pairs with the 'longest_first' truncation strategy. So the returned list will always be empty even if some tokens have been removed.
Be aware, overflowing tokens are not returned for the setting you have chosen, i.e. sequence pairs with the 'longest_first' truncation strategy. So the returned list will always be empty even if some tokens have been removed.
Be aware, overflowing tokens are not returned for the setting you have chosen, i.e. sequence pairs with the 'longest_first' truncation strategy. So the returned list will always be empty even if some tokens have been removed.
Be aware, overflowing tokens are not returned for the setting you have chosen, i.e. sequence pairs with the 'longest_first' truncation strategy. So the returned list will always be empty even if some tokens have been removed.
Be aware, overflowing tokens are not returned for the setting you have chosen, i.e. sequence pairs with the 'longest_first' truncation strategy. So the returned list will always be empty even if some tokens have been removed.
Be aware, overflowing tokens are not returned for the setting you have chosen, i.e. sequence pairs with the 'longest_first' truncation strategy. So the returned list will always be empty even if some tokens have been removed.
Be aware, overflowing tokens are not returned for the setting you have chosen, i.e. sequence pairs with the 'longest_first' truncation strategy. So the returned list will always be empty even if some tokens have been removed.
Be aware, overflowing tokens are not returned for the setting you have chosen, i.e. sequence pairs with the 'longest_first' truncation strategy. So the returned list will always be empty even if some tokens have been removed.
Be aware, overflowing tokens are not returned for the setting you have chosen, i.e. sequence pairs with the 'longest_first' truncation strategy. So the returned list will always be empty even if some tokens have been removed.
Be aware, overflowing tokens are not returned for the setting you have chosen, i.e. sequence pairs with the 'longest_first' truncation strategy. So the returned list will always be empty even if some tokens have been removed.
Be aware, overflowing tokens are not returned for the setting you have chosen, i.e. sequence pairs with the 'longest_first' truncation strategy. So the returned list will always be empty even if some tokens have been removed.
Be aware, overflowing tokens are not returned for the setting you have chosen, i.e. sequence pairs with the 'longest_first' truncation strategy. So the returned list will always be empty even if some tokens have been removed.
Be aware, overflowing tokens are not returned for the setting you have chosen, i.e. sequence pairs with the 'longest_first' truncation strategy. So the returned list will always be empty even if some tokens have been removed.
Be aware, overflowing tokens are not returned for the setting you have chosen, i.e. sequence pairs with the 'longest_first' truncation strategy. So the returned list will always be empty even if some tokens have been removed.
Be aware, overflowing tokens are not returned for the setting you have chosen, i.e. sequence pairs with the 'longest_first' truncation strategy. So the returned list will always be empty even if some tokens have been removed.
Be aware, overflowing tokens are not returned for the setting you have chosen, i.e. sequence pairs with the 'longest_first' truncation strategy. So the returned list will always be empty even if some tokens have been removed.
Be aware, overflowing tokens are not returned for the setting you have chosen, i.e. sequence pairs with the 'longest_first' truncation strategy. So the returned list will always be empty even if some tokens have been removed.
Be aware, overflowing tokens are not returned for the setting you have chosen, i.e. sequence pairs with the 'longest_first' truncation strategy. So the returned list will always be empty even if some tokens have been removed.
Be aware, overflowing tokens are not returned for the setting you have chosen, i.e. sequence pairs with the 'longest_first' truncation strategy. So the returned list will always be empty even if some tokens have been removed.
Be aware, overflowing tokens are not returned for the setting you have chosen, i.e. sequence pairs with the 'longest_first' truncation strategy. So the returned list will always be empty even if some tokens have been removed.
Be aware, overflowing tokens are not returned for the setting you have chosen, i.e. sequence pairs with the 'longest_first' truncation strategy. So the returned list will always be empty even if some tokens have been removed.
Be aware, overflowing tokens are not returned for the setting you have chosen, i.e. sequence pairs with the 'longest_first' truncation strategy. So the returned list will always be empty even if some tokens have been removed.
Be aware, overflowing tokens are not returned for the setting you have chosen, i.e. sequence pairs with the 'longest_first' truncation strategy. So the returned list will always be empty even if some tokens have been removed.
Be aware, overflowing tokens are not returned for the setting you have chosen, i.e. sequence pairs with the 'longest_first' truncation strategy. So the returned list will always be empty even if some tokens have been removed.
Be aware, overflowing tokens are not returned for the setting you have chosen, i.e. sequence pairs with the 'longest_first' truncation strategy. So the returned list will always be empty even if some tokens have been removed.
Be aware, overflowing tokens are not returned for the setting you have chosen, i.e. sequence pairs with the 'longest_first' truncation strategy. So the returned list will always be empty even if some tokens have been removed.
Be aware, overflowing tokens are not returned for the setting you have chosen, i.e. sequence pairs with the 'longest_first' truncation strategy. So the returned list will always be empty even if some tokens have been removed.
Be aware, overflowing tokens are not returned for the setting you have chosen, i.e. sequence pairs with the 'longest_first' truncation strategy. So the returned list will always be empty even if some tokens have been removed.
Be aware, overflowing tokens are not returned for the setting you have chosen, i.e. sequence pairs with the 'longest_first' truncation strategy. So the returned list will always be empty even if some tokens have been removed.
Be aware, overflowing tokens are not returned for the setting you have chosen, i.e. sequence pairs with the 'longest_first' truncation strategy. So the returned list will always be empty even if some tokens have been removed.
Be aware, overflowing tokens are not returned for the setting you have chosen, i.e. sequence pairs with the 'longest_first' truncation strategy. So the returned list will always be empty even if some tokens have been removed.
Be aware, overflowing tokens are not returned for the setting you have chosen, i.e. sequence pairs with the 'longest_first' truncation strategy. So the returned list will always be empty even if some tokens have been removed.
Be aware, overflowing tokens are not returned for the setting you have chosen, i.e. sequence pairs with the 'longest_first' truncation strategy. So the returned list will always be empty even if some tokens have been removed.
Be aware, overflowing tokens are not returned for the setting you have chosen, i.e. sequence pairs with the 'longest_first' truncation strategy. So the returned list will always be empty even if some tokens have been removed.
Be aware, overflowing tokens are not returned for the setting you have chosen, i.e. sequence pairs with the 'longest_first' truncation strategy. So the returned list will always be empty even if some tokens have been removed.
Be aware, overflowing tokens are not returned for the setting you have chosen, i.e. sequence pairs with the 'longest_first' truncation strategy. So the returned list will always be empty even if some tokens have been removed.
Be aware, overflowing tokens are not returned for the setting you have chosen, i.e. sequence pairs with the 'longest_first' truncation strategy. So the returned list will always be empty even if some tokens have been removed.
Be aware, overflowing tokens are not returned for the setting you have chosen, i.e. sequence pairs with the 'longest_first' truncation strategy. So the returned list will always be empty even if some tokens have been removed.
Be aware, overflowing tokens are not returned for the setting you have chosen, i.e. sequence pairs with the 'longest_first' truncation strategy. So the returned list will always be empty even if some tokens have been removed.
Be aware, overflowing tokens are not returned for the setting you have chosen, i.e. sequence pairs with the 'longest_first' truncation strategy. So the returned list will always be empty even if some tokens have been removed.
Be aware, overflowing tokens are not returned for the setting you have chosen, i.e. sequence pairs with the 'longest_first' truncation strategy. So the returned list will always be empty even if some tokens have been removed.
Be aware, overflowing tokens are not returned for the setting you have chosen, i.e. sequence pairs with the 'longest_first' truncation strategy. So the returned list will always be empty even if some tokens have been removed.
Be aware, overflowing tokens are not returned for the setting you have chosen, i.e. sequence pairs with the 'longest_first' truncation strategy. So the returned list will always be empty even if some tokens have been removed.
Be aware, overflowing tokens are not returned for the setting you have chosen, i.e. sequence pairs with the 'longest_first' truncation strategy. So the returned list will always be empty even if some tokens have been removed.
Be aware, overflowing tokens are not returned for the setting you have chosen, i.e. sequence pairs with the 'longest_first' truncation strategy. So the returned list will always be empty even if some tokens have been removed.
Be aware, overflowing tokens are not returned for the setting you have chosen, i.e. sequence pairs with the 'longest_first' truncation strategy. So the returned list will always be empty even if some tokens have been removed.
Be aware, overflowing tokens are not returned for the setting you have chosen, i.e. sequence pairs with the 'longest_first' truncation strategy. So the returned list will always be empty even if some tokens have been removed.
Be aware, overflowing tokens are not returned for the setting you have chosen, i.e. sequence pairs with the 'longest_first' truncation strategy. So the returned list will always be empty even if some tokens have been removed.
Be aware, overflowing tokens are not returned for the setting you have chosen, i.e. sequence pairs with the 'longest_first' truncation strategy. So the returned list will always be empty even if some tokens have been removed.
Be aware, overflowing tokens are not returned for the setting you have chosen, i.e. sequence pairs with the 'longest_first' truncation strategy. So the returned list will always be empty even if some tokens have been removed.
Be aware, overflowing tokens are not returned for the setting you have chosen, i.e. sequence pairs with the 'longest_first' truncation strategy. So the returned list will always be empty even if some tokens have been removed.
Be aware, overflowing tokens are not returned for the setting you have chosen, i.e. sequence pairs with the 'longest_first' truncation strategy. So the returned list will always be empty even if some tokens have been removed.
Be aware, overflowing tokens are not returned for the setting you have chosen, i.e. sequence pairs with the 'longest_first' truncation strategy. So the returned list will always be empty even if some tokens have been removed.
Be aware, overflowing tokens are not returned for the setting you have chosen, i.e. sequence pairs with the 'longest_first' truncation strategy. So the returned list will always be empty even if some tokens have been removed.
Be aware, overflowing tokens are not returned for the setting you have chosen, i.e. sequence pairs with the 'longest_first' truncation strategy. So the returned list will always be empty even if some tokens have been removed.
Be aware, overflowing tokens are not returned for the setting you have chosen, i.e. sequence pairs with the 'longest_first' truncation strategy. So the returned list will always be empty even if some tokens have been removed.
Be aware, overflowing tokens are not returned for the setting you have chosen, i.e. sequence pairs with the 'longest_first' truncation strategy. So the returned list will always be empty even if some tokens have been removed.
Be aware, overflowing tokens are not returned for the setting you have chosen, i.e. sequence pairs with the 'longest_first' truncation strategy. So the returned list will always be empty even if some tokens have been removed.
Be aware, overflowing tokens are not returned for the setting you have chosen, i.e. sequence pairs with the 'longest_first' truncation strategy. So the returned list will always be empty even if some tokens have been removed.
Be aware, overflowing tokens are not returned for the setting you have chosen, i.e. sequence pairs with the 'longest_first' truncation strategy. So the returned list will always be empty even if some tokens have been removed.
Be aware, overflowing tokens are not returned for the setting you have chosen, i.e. sequence pairs with the 'longest_first' truncation strategy. So the returned list will always be empty even if some tokens have been removed.
Be aware, overflowing tokens are not returned for the setting you have chosen, i.e. sequence pairs with the 'longest_first' truncation strategy. So the returned list will always be empty even if some tokens have been removed.
Be aware, overflowing tokens are not returned for the setting you have chosen, i.e. sequence pairs with the 'longest_first' truncation strategy. So the returned list will always be empty even if some tokens have been removed.
Be aware, overflowing tokens are not returned for the setting you have chosen, i.e. sequence pairs with the 'longest_first' truncation strategy. So the returned list will always be empty even if some tokens have been removed.
Be aware, overflowing tokens are not returned for the setting you have chosen, i.e. sequence pairs with the 'longest_first' truncation strategy. So the returned list will always be empty even if some tokens have been removed.
Be aware, overflowing tokens are not returned for the setting you have chosen, i.e. sequence pairs with the 'longest_first' truncation strategy. So the returned list will always be empty even if some tokens have been removed.
Be aware, overflowing tokens are not returned for the setting you have chosen, i.e. sequence pairs with the 'longest_first' truncation strategy. So the returned list will always be empty even if some tokens have been removed.
Be aware, overflowing tokens are not returned for the setting you have chosen, i.e. sequence pairs with the 'longest_first' truncation strategy. So the returned list will always be empty even if some tokens have been removed.
Be aware, overflowing tokens are not returned for the setting you have chosen, i.e. sequence pairs with the 'longest_first' truncation strategy. So the returned list will always be empty even if some tokens have been removed.
Be aware, overflowing tokens are not returned for the setting you have chosen, i.e. sequence pairs with the 'longest_first' truncation strategy. So the returned list will always be empty even if some tokens have been removed.
Be aware, overflowing tokens are not returned for the setting you have chosen, i.e. sequence pairs with the 'longest_first' truncation strategy. So the returned list will always be empty even if some tokens have been removed.
Be aware, overflowing tokens are not returned for the setting you have chosen, i.e. sequence pairs with the 'longest_first' truncation strategy. So the returned list will always be empty even if some tokens have been removed.
Be aware, overflowing tokens are not returned for the setting you have chosen, i.e. sequence pairs with the 'longest_first' truncation strategy. So the returned list will always be empty even if some tokens have been removed.
Be aware, overflowing tokens are not returned for the setting you have chosen, i.e. sequence pairs with the 'longest_first' truncation strategy. So the returned list will always be empty even if some tokens have been removed.
Be aware, overflowing tokens are not returned for the setting you have chosen, i.e. sequence pairs with the 'longest_first' truncation strategy. So the returned list will always be empty even if some tokens have been removed.
Be aware, overflowing tokens are not returned for the setting you have chosen, i.e. sequence pairs with the 'longest_first' truncation strategy. So the returned list will always be empty even if some tokens have been removed.
Be aware, overflowing tokens are not returned for the setting you have chosen, i.e. sequence pairs with the 'longest_first' truncation strategy. So the returned list will always be empty even if some tokens have been removed.
Be aware, overflowing tokens are not returned for the setting you have chosen, i.e. sequence pairs with the 'longest_first' truncation strategy. So the returned list will always be empty even if some tokens have been removed.
Be aware, overflowing tokens are not returned for the setting you have chosen, i.e. sequence pairs with the 'longest_first' truncation strategy. So the returned list will always be empty even if some tokens have been removed.
Be aware, overflowing tokens are not returned for the setting you have chosen, i.e. sequence pairs with the 'longest_first' truncation strategy. So the returned list will always be empty even if some tokens have been removed.
Be aware, overflowing tokens are not returned for the setting you have chosen, i.e. sequence pairs with the 'longest_first' truncation strategy. So the returned list will always be empty even if some tokens have been removed.
Be aware, overflowing tokens are not returned for the setting you have chosen, i.e. sequence pairs with the 'longest_first' truncation strategy. So the returned list will always be empty even if some tokens have been removed.
Be aware, overflowing tokens are not returned for the setting you have chosen, i.e. sequence pairs with the 'longest_first' truncation strategy. So the returned list will always be empty even if some tokens have been removed.
Be aware, overflowing tokens are not returned for the setting you have chosen, i.e. sequence pairs with the 'longest_first' truncation strategy. So the returned list will always be empty even if some tokens have been removed.
Be aware, overflowing tokens are not returned for the setting you have chosen, i.e. sequence pairs with the 'longest_first' truncation strategy. So the returned list will always be empty even if some tokens have been removed.
Be aware, overflowing tokens are not returned for the setting you have chosen, i.e. sequence pairs with the 'longest_first' truncation strategy. So the returned list will always be empty even if some tokens have been removed.
Be aware, overflowing tokens are not returned for the setting you have chosen, i.e. sequence pairs with the 'longest_first' truncation strategy. So the returned list will always be empty even if some tokens have been removed.
Be aware, overflowing tokens are not returned for the setting you have chosen, i.e. sequence pairs with the 'longest_first' truncation strategy. So the returned list will always be empty even if some tokens have been removed.
Be aware, overflowing tokens are not returned for the setting you have chosen, i.e. sequence pairs with the 'longest_first' truncation strategy. So the returned list will always be empty even if some tokens have been removed.
Be aware, overflowing tokens are not returned for the setting you have chosen, i.e. sequence pairs with the 'longest_first' truncation strategy. So the returned list will always be empty even if some tokens have been removed.
Be aware, overflowing tokens are not returned for the setting you have chosen, i.e. sequence pairs with the 'longest_first' truncation strategy. So the returned list will always be empty even if some tokens have been removed.
Be aware, overflowing tokens are not returned for the setting you have chosen, i.e. sequence pairs with the 'longest_first' truncation strategy. So the returned list will always be empty even if some tokens have been removed.
Be aware, overflowing tokens are not returned for the setting you have chosen, i.e. sequence pairs with the 'longest_first' truncation strategy. So the returned list will always be empty even if some tokens have been removed.
Be aware, overflowing tokens are not returned for the setting you have chosen, i.e. sequence pairs with the 'longest_first' truncation strategy. So the returned list will always be empty even if some tokens have been removed.
Be aware, overflowing tokens are not returned for the setting you have chosen, i.e. sequence pairs with the 'longest_first' truncation strategy. So the returned list will always be empty even if some tokens have been removed.
Be aware, overflowing tokens are not returned for the setting you have chosen, i.e. sequence pairs with the 'longest_first' truncation strategy. So the returned list will always be empty even if some tokens have been removed.
Be aware, overflowing tokens are not returned for the setting you have chosen, i.e. sequence pairs with the 'longest_first' truncation strategy. So the returned list will always be empty even if some tokens have been removed.
Be aware, overflowing tokens are not returned for the setting you have chosen, i.e. sequence pairs with the 'longest_first' truncation strategy. So the returned list will always be empty even if some tokens have been removed.
Be aware, overflowing tokens are not returned for the setting you have chosen, i.e. sequence pairs with the 'longest_first' truncation strategy. So the returned list will always be empty even if some tokens have been removed.
Be aware, overflowing tokens are not returned for the setting you have chosen, i.e. sequence pairs with the 'longest_first' truncation strategy. So the returned list will always be empty even if some tokens have been removed.
Be aware, overflowing tokens are not returned for the setting you have chosen, i.e. sequence pairs with the 'longest_first' truncation strategy. So the returned list will always be empty even if some tokens have been removed.
Be aware, overflowing tokens are not returned for the setting you have chosen, i.e. sequence pairs with the 'longest_first' truncation strategy. So the returned list will always be empty even if some tokens have been removed.
Be aware, overflowing tokens are not returned for the setting you have chosen, i.e. sequence pairs with the 'longest_first' truncation strategy. So the returned list will always be empty even if some tokens have been removed.
Be aware, overflowing tokens are not returned for the setting you have chosen, i.e. sequence pairs with the 'longest_first' truncation strategy. So the returned list will always be empty even if some tokens have been removed.
Be aware, overflowing tokens are not returned for the setting you have chosen, i.e. sequence pairs with the 'longest_first' truncation strategy. So the returned list will always be empty even if some tokens have been removed.
Be aware, overflowing tokens are not returned for the setting you have chosen, i.e. sequence pairs with the 'longest_first' truncation strategy. So the returned list will always be empty even if some tokens have been removed.
Be aware, overflowing tokens are not returned for the setting you have chosen, i.e. sequence pairs with the 'longest_first' truncation strategy. So the returned list will always be empty even if some tokens have been removed.
Be aware, overflowing tokens are not returned for the setting you have chosen, i.e. sequence pairs with the 'longest_first' truncation strategy. So the returned list will always be empty even if some tokens have been removed.
Be aware, overflowing tokens are not returned for the setting you have chosen, i.e. sequence pairs with the 'longest_first' truncation strategy. So the returned list will always be empty even if some tokens have been removed.
Be aware, overflowing tokens are not returned for the setting you have chosen, i.e. sequence pairs with the 'longest_first' truncation strategy. So the returned list will always be empty even if some tokens have been removed.
Be aware, overflowing tokens are not returned for the setting you have chosen, i.e. sequence pairs with the 'longest_first' truncation strategy. So the returned list will always be empty even if some tokens have been removed.
Be aware, overflowing tokens are not returned for the setting you have chosen, i.e. sequence pairs with the 'longest_first' truncation strategy. So the returned list will always be empty even if some tokens have been removed.
Be aware, overflowing tokens are not returned for the setting you have chosen, i.e. sequence pairs with the 'longest_first' truncation strategy. So the returned list will always be empty even if some tokens have been removed.
Be aware, overflowing tokens are not returned for the setting you have chosen, i.e. sequence pairs with the 'longest_first' truncation strategy. So the returned list will always be empty even if some tokens have been removed.
Be aware, overflowing tokens are not returned for the setting you have chosen, i.e. sequence pairs with the 'longest_first' truncation strategy. So the returned list will always be empty even if some tokens have been removed.
Be aware, overflowing tokens are not returned for the setting you have chosen, i.e. sequence pairs with the 'longest_first' truncation strategy. So the returned list will always be empty even if some tokens have been removed.
Be aware, overflowing tokens are not returned for the setting you have chosen, i.e. sequence pairs with the 'longest_first' truncation strategy. So the returned list will always be empty even if some tokens have been removed.
Be aware, overflowing tokens are not returned for the setting you have chosen, i.e. sequence pairs with the 'longest_first' truncation strategy. So the returned list will always be empty even if some tokens have been removed.
Be aware, overflowing tokens are not returned for the setting you have chosen, i.e. sequence pairs with the 'longest_first' truncation strategy. So the returned list will always be empty even if some tokens have been removed.
Be aware, overflowing tokens are not returned for the setting you have chosen, i.e. sequence pairs with the 'longest_first' truncation strategy. So the returned list will always be empty even if some tokens have been removed.
Be aware, overflowing tokens are not returned for the setting you have chosen, i.e. sequence pairs with the 'longest_first' truncation strategy. So the returned list will always be empty even if some tokens have been removed.
Be aware, overflowing tokens are not returned for the setting you have chosen, i.e. sequence pairs with the 'longest_first' truncation strategy. So the returned list will always be empty even if some tokens have been removed.
Be aware, overflowing tokens are not returned for the setting you have chosen, i.e. sequence pairs with the 'longest_first' truncation strategy. So the returned list will always be empty even if some tokens have been removed.
Be aware, overflowing tokens are not returned for the setting you have chosen, i.e. sequence pairs with the 'longest_first' truncation strategy. So the returned list will always be empty even if some tokens have been removed.
Be aware, overflowing tokens are not returned for the setting you have chosen, i.e. sequence pairs with the 'longest_first' truncation strategy. So the returned list will always be empty even if some tokens have been removed.
Be aware, overflowing tokens are not returned for the setting you have chosen, i.e. sequence pairs with the 'longest_first' truncation strategy. So the returned list will always be empty even if some tokens have been removed.
Be aware, overflowing tokens are not returned for the setting you have chosen, i.e. sequence pairs with the 'longest_first' truncation strategy. So the returned list will always be empty even if some tokens have been removed.
Be aware, overflowing tokens are not returned for the setting you have chosen, i.e. sequence pairs with the 'longest_first' truncation strategy. So the returned list will always be empty even if some tokens have been removed.
Be aware, overflowing tokens are not returned for the setting you have chosen, i.e. sequence pairs with the 'longest_first' truncation strategy. So the returned list will always be empty even if some tokens have been removed.
Be aware, overflowing tokens are not returned for the setting you have chosen, i.e. sequence pairs with the 'longest_first' truncation strategy. So the returned list will always be empty even if some tokens have been removed.
Be aware, overflowing tokens are not returned for the setting you have chosen, i.e. sequence pairs with the 'longest_first' truncation strategy. So the returned list will always be empty even if some tokens have been removed.
Be aware, overflowing tokens are not returned for the setting you have chosen, i.e. sequence pairs with the 'longest_first' truncation strategy. So the returned list will always be empty even if some tokens have been removed.
Be aware, overflowing tokens are not returned for the setting you have chosen, i.e. sequence pairs with the 'longest_first' truncation strategy. So the returned list will always be empty even if some tokens have been removed.
Be aware, overflowing tokens are not returned for the setting you have chosen, i.e. sequence pairs with the 'longest_first' truncation strategy. So the returned list will always be empty even if some tokens have been removed.
Be aware, overflowing tokens are not returned for the setting you have chosen, i.e. sequence pairs with the 'longest_first' truncation strategy. So the returned list will always be empty even if some tokens have been removed.
Be aware, overflowing tokens are not returned for the setting you have chosen, i.e. sequence pairs with the 'longest_first' truncation strategy. So the returned list will always be empty even if some tokens have been removed.
Be aware, overflowing tokens are not returned for the setting you have chosen, i.e. sequence pairs with the 'longest_first' truncation strategy. So the returned list will always be empty even if some tokens have been removed.
Be aware, overflowing tokens are not returned for the setting you have chosen, i.e. sequence pairs with the 'longest_first' truncation strategy. So the returned list will always be empty even if some tokens have been removed.
Be aware, overflowing tokens are not returned for the setting you have chosen, i.e. sequence pairs with the 'longest_first' truncation strategy. So the returned list will always be empty even if some tokens have been removed.
Be aware, overflowing tokens are not returned for the setting you have chosen, i.e. sequence pairs with the 'longest_first' truncation strategy. So the returned list will always be empty even if some tokens have been removed.
Be aware, overflowing tokens are not returned for the setting you have chosen, i.e. sequence pairs with the 'longest_first' truncation strategy. So the returned list will always be empty even if some tokens have been removed.
Be aware, overflowing tokens are not returned for the setting you have chosen, i.e. sequence pairs with the 'longest_first' truncation strategy. So the returned list will always be empty even if some tokens have been removed.
Be aware, overflowing tokens are not returned for the setting you have chosen, i.e. sequence pairs with the 'longest_first' truncation strategy. So the returned list will always be empty even if some tokens have been removed.
Be aware, overflowing tokens are not returned for the setting you have chosen, i.e. sequence pairs with the 'longest_first' truncation strategy. So the returned list will always be empty even if some tokens have been removed.
Be aware, overflowing tokens are not returned for the setting you have chosen, i.e. sequence pairs with the 'longest_first' truncation strategy. So the returned list will always be empty even if some tokens have been removed.
Be aware, overflowing tokens are not returned for the setting you have chosen, i.e. sequence pairs with the 'longest_first' truncation strategy. So the returned list will always be empty even if some tokens have been removed.
Be aware, overflowing tokens are not returned for the setting you have chosen, i.e. sequence pairs with the 'longest_first' truncation strategy. So the returned list will always be empty even if some tokens have been removed.
Be aware, overflowing tokens are not returned for the setting you have chosen, i.e. sequence pairs with the 'longest_first' truncation strategy. So the returned list will always be empty even if some tokens have been removed.
Be aware, overflowing tokens are not returned for the setting you have chosen, i.e. sequence pairs with the 'longest_first' truncation strategy. So the returned list will always be empty even if some tokens have been removed.
Be aware, overflowing tokens are not returned for the setting you have chosen, i.e. sequence pairs with the 'longest_first' truncation strategy. So the returned list will always be empty even if some tokens have been removed.
Be aware, overflowing tokens are not returned for the setting you have chosen, i.e. sequence pairs with the 'longest_first' truncation strategy. So the returned list will always be empty even if some tokens have been removed.
Be aware, overflowing tokens are not returned for the setting you have chosen, i.e. sequence pairs with the 'longest_first' truncation strategy. So the returned list will always be empty even if some tokens have been removed.
Be aware, overflowing tokens are not returned for the setting you have chosen, i.e. sequence pairs with the 'longest_first' truncation strategy. So the returned list will always be empty even if some tokens have been removed.
Be aware, overflowing tokens are not returned for the setting you have chosen, i.e. sequence pairs with the 'longest_first' truncation strategy. So the returned list will always be empty even if some tokens have been removed.
Be aware, overflowing tokens are not returned for the setting you have chosen, i.e. sequence pairs with the 'longest_first' truncation strategy. So the returned list will always be empty even if some tokens have been removed.
Be aware, overflowing tokens are not returned for the setting you have chosen, i.e. sequence pairs with the 'longest_first' truncation strategy. So the returned list will always be empty even if some tokens have been removed.
Be aware, overflowing tokens are not returned for the setting you have chosen, i.e. sequence pairs with the 'longest_first' truncation strategy. So the returned list will always be empty even if some tokens have been removed.
Be aware, overflowing tokens are not returned for the setting you have chosen, i.e. sequence pairs with the 'longest_first' truncation strategy. So the returned list will always be empty even if some tokens have been removed.
Be aware, overflowing tokens are not returned for the setting you have chosen, i.e. sequence pairs with the 'longest_first' truncation strategy. So the returned list will always be empty even if some tokens have been removed.
Be aware, overflowing tokens are not returned for the setting you have chosen, i.e. sequence pairs with the 'longest_first' truncation strategy. So the returned list will always be empty even if some tokens have been removed.
Be aware, overflowing tokens are not returned for the setting you have chosen, i.e. sequence pairs with the 'longest_first' truncation strategy. So the returned list will always be empty even if some tokens have been removed.
Be aware, overflowing tokens are not returned for the setting you have chosen, i.e. sequence pairs with the 'longest_first' truncation strategy. So the returned list will always be empty even if some tokens have been removed.
Be aware, overflowing tokens are not returned for the setting you have chosen, i.e. sequence pairs with the 'longest_first' truncation strategy. So the returned list will always be empty even if some tokens have been removed.
Be aware, overflowing tokens are not returned for the setting you have chosen, i.e. sequence pairs with the 'longest_first' truncation strategy. So the returned list will always be empty even if some tokens have been removed.
Be aware, overflowing tokens are not returned for the setting you have chosen, i.e. sequence pairs with the 'longest_first' truncation strategy. So the returned list will always be empty even if some tokens have been removed.
Be aware, overflowing tokens are not returned for the setting you have chosen, i.e. sequence pairs with the 'longest_first' truncation strategy. So the returned list will always be empty even if some tokens have been removed.
Be aware, overflowing tokens are not returned for the setting you have chosen, i.e. sequence pairs with the 'longest_first' truncation strategy. So the returned list will always be empty even if some tokens have been removed.
Be aware, overflowing tokens are not returned for the setting you have chosen, i.e. sequence pairs with the 'longest_first' truncation strategy. So the returned list will always be empty even if some tokens have been removed.
Be aware, overflowing tokens are not returned for the setting you have chosen, i.e. sequence pairs with the 'longest_first' truncation strategy. So the returned list will always be empty even if some tokens have been removed.
Be aware, overflowing tokens are not returned for the setting you have chosen, i.e. sequence pairs with the 'longest_first' truncation strategy. So the returned list will always be empty even if some tokens have been removed.
Be aware, overflowing tokens are not returned for the setting you have chosen, i.e. sequence pairs with the 'longest_first' truncation strategy. So the returned list will always be empty even if some tokens have been removed.
Be aware, overflowing tokens are not returned for the setting you have chosen, i.e. sequence pairs with the 'longest_first' truncation strategy. So the returned list will always be empty even if some tokens have been removed.
Be aware, overflowing tokens are not returned for the setting you have chosen, i.e. sequence pairs with the 'longest_first' truncation strategy. So the returned list will always be empty even if some tokens have been removed.
Be aware, overflowing tokens are not returned for the setting you have chosen, i.e. sequence pairs with the 'longest_first' truncation strategy. So the returned list will always be empty even if some tokens have been removed.
Be aware, overflowing tokens are not returned for the setting you have chosen, i.e. sequence pairs with the 'longest_first' truncation strategy. So the returned list will always be empty even if some tokens have been removed.
Be aware, overflowing tokens are not returned for the setting you have chosen, i.e. sequence pairs with the 'longest_first' truncation strategy. So the returned list will always be empty even if some tokens have been removed.
Be aware, overflowing tokens are not returned for the setting you have chosen, i.e. sequence pairs with the 'longest_first' truncation strategy. So the returned list will always be empty even if some tokens have been removed.
Be aware, overflowing tokens are not returned for the setting you have chosen, i.e. sequence pairs with the 'longest_first' truncation strategy. So the returned list will always be empty even if some tokens have been removed.
Be aware, overflowing tokens are not returned for the setting you have chosen, i.e. sequence pairs with the 'longest_first' truncation strategy. So the returned list will always be empty even if some tokens have been removed.
Be aware, overflowing tokens are not returned for the setting you have chosen, i.e. sequence pairs with the 'longest_first' truncation strategy. So the returned list will always be empty even if some tokens have been removed.
Be aware, overflowing tokens are not returned for the setting you have chosen, i.e. sequence pairs with the 'longest_first' truncation strategy. So the returned list will always be empty even if some tokens have been removed.
Be aware, overflowing tokens are not returned for the setting you have chosen, i.e. sequence pairs with the 'longest_first' truncation strategy. So the returned list will always be empty even if some tokens have been removed.
Be aware, overflowing tokens are not returned for the setting you have chosen, i.e. sequence pairs with the 'longest_first' truncation strategy. So the returned list will always be empty even if some tokens have been removed.
Be aware, overflowing tokens are not returned for the setting you have chosen, i.e. sequence pairs with the 'longest_first' truncation strategy. So the returned list will always be empty even if some tokens have been removed.
Be aware, overflowing tokens are not returned for the setting you have chosen, i.e. sequence pairs with the 'longest_first' truncation strategy. So the returned list will always be empty even if some tokens have been removed.
Be aware, overflowing tokens are not returned for the setting you have chosen, i.e. sequence pairs with the 'longest_first' truncation strategy. So the returned list will always be empty even if some tokens have been removed.
Be aware, overflowing tokens are not returned for the setting you have chosen, i.e. sequence pairs with the 'longest_first' truncation strategy. So the returned list will always be empty even if some tokens have been removed.
Be aware, overflowing tokens are not returned for the setting you have chosen, i.e. sequence pairs with the 'longest_first' truncation strategy. So the returned list will always be empty even if some tokens have been removed.
Be aware, overflowing tokens are not returned for the setting you have chosen, i.e. sequence pairs with the 'longest_first' truncation strategy. So the returned list will always be empty even if some tokens have been removed.
Be aware, overflowing tokens are not returned for the setting you have chosen, i.e. sequence pairs with the 'longest_first' truncation strategy. So the returned list will always be empty even if some tokens have been removed.
Be aware, overflowing tokens are not returned for the setting you have chosen, i.e. sequence pairs with the 'longest_first' truncation strategy. So the returned list will always be empty even if some tokens have been removed.
Be aware, overflowing tokens are not returned for the setting you have chosen, i.e. sequence pairs with the 'longest_first' truncation strategy. So the returned list will always be empty even if some tokens have been removed.
Be aware, overflowing tokens are not returned for the setting you have chosen, i.e. sequence pairs with the 'longest_first' truncation strategy. So the returned list will always be empty even if some tokens have been removed.
Be aware, overflowing tokens are not returned for the setting you have chosen, i.e. sequence pairs with the 'longest_first' truncation strategy. So the returned list will always be empty even if some tokens have been removed.
Be aware, overflowing tokens are not returned for the setting you have chosen, i.e. sequence pairs with the 'longest_first' truncation strategy. So the returned list will always be empty even if some tokens have been removed.
Be aware, overflowing tokens are not returned for the setting you have chosen, i.e. sequence pairs with the 'longest_first' truncation strategy. So the returned list will always be empty even if some tokens have been removed.
Be aware, overflowing tokens are not returned for the setting you have chosen, i.e. sequence pairs with the 'longest_first' truncation strategy. So the returned list will always be empty even if some tokens have been removed.
Be aware, overflowing tokens are not returned for the setting you have chosen, i.e. sequence pairs with the 'longest_first' truncation strategy. So the returned list will always be empty even if some tokens have been removed.
Be aware, overflowing tokens are not returned for the setting you have chosen, i.e. sequence pairs with the 'longest_first' truncation strategy. So the returned list will always be empty even if some tokens have been removed.
Be aware, overflowing tokens are not returned for the setting you have chosen, i.e. sequence pairs with the 'longest_first' truncation strategy. So the returned list will always be empty even if some tokens have been removed.
Be aware, overflowing tokens are not returned for the setting you have chosen, i.e. sequence pairs with the 'longest_first' truncation strategy. So the returned list will always be empty even if some tokens have been removed.
Be aware, overflowing tokens are not returned for the setting you have chosen, i.e. sequence pairs with the 'longest_first' truncation strategy. So the returned list will always be empty even if some tokens have been removed.
Be aware, overflowing tokens are not returned for the setting you have chosen, i.e. sequence pairs with the 'longest_first' truncation strategy. So the returned list will always be empty even if some tokens have been removed.
Be aware, overflowing tokens are not returned for the setting you have chosen, i.e. sequence pairs with the 'longest_first' truncation strategy. So the returned list will always be empty even if some tokens have been removed.
Be aware, overflowing tokens are not returned for the setting you have chosen, i.e. sequence pairs with the 'longest_first' truncation strategy. So the returned list will always be empty even if some tokens have been removed.
Be aware, overflowing tokens are not returned for the setting you have chosen, i.e. sequence pairs with the 'longest_first' truncation strategy. So the returned list will always be empty even if some tokens have been removed.
Be aware, overflowing tokens are not returned for the setting you have chosen, i.e. sequence pairs with the 'longest_first' truncation strategy. So the returned list will always be empty even if some tokens have been removed.
Be aware, overflowing tokens are not returned for the setting you have chosen, i.e. sequence pairs with the 'longest_first' truncation strategy. So the returned list will always be empty even if some tokens have been removed.
Be aware, overflowing tokens are not returned for the setting you have chosen, i.e. sequence pairs with the 'longest_first' truncation strategy. So the returned list will always be empty even if some tokens have been removed.
Be aware, overflowing tokens are not returned for the setting you have chosen, i.e. sequence pairs with the 'longest_first' truncation strategy. So the returned list will always be empty even if some tokens have been removed.
Be aware, overflowing tokens are not returned for the setting you have chosen, i.e. sequence pairs with the 'longest_first' truncation strategy. So the returned list will always be empty even if some tokens have been removed.
Be aware, overflowing tokens are not returned for the setting you have chosen, i.e. sequence pairs with the 'longest_first' truncation strategy. So the returned list will always be empty even if some tokens have been removed.
Be aware, overflowing tokens are not returned for the setting you have chosen, i.e. sequence pairs with the 'longest_first' truncation strategy. So the returned list will always be empty even if some tokens have been removed.
Be aware, overflowing tokens are not returned for the setting you have chosen, i.e. sequence pairs with the 'longest_first' truncation strategy. So the returned list will always be empty even if some tokens have been removed.
Be aware, overflowing tokens are not returned for the setting you have chosen, i.e. sequence pairs with the 'longest_first' truncation strategy. So the returned list will always be empty even if some tokens have been removed.
Be aware, overflowing tokens are not returned for the setting you have chosen, i.e. sequence pairs with the 'longest_first' truncation strategy. So the returned list will always be empty even if some tokens have been removed.
Be aware, overflowing tokens are not returned for the setting you have chosen, i.e. sequence pairs with the 'longest_first' truncation strategy. So the returned list will always be empty even if some tokens have been removed.
Be aware, overflowing tokens are not returned for the setting you have chosen, i.e. sequence pairs with the 'longest_first' truncation strategy. So the returned list will always be empty even if some tokens have been removed.
Be aware, overflowing tokens are not returned for the setting you have chosen, i.e. sequence pairs with the 'longest_first' truncation strategy. So the returned list will always be empty even if some tokens have been removed.
Be aware, overflowing tokens are not returned for the setting you have chosen, i.e. sequence pairs with the 'longest_first' truncation strategy. So the returned list will always be empty even if some tokens have been removed.
Be aware, overflowing tokens are not returned for the setting you have chosen, i.e. sequence pairs with the 'longest_first' truncation strategy. So the returned list will always be empty even if some tokens have been removed.
Be aware, overflowing tokens are not returned for the setting you have chosen, i.e. sequence pairs with the 'longest_first' truncation strategy. So the returned list will always be empty even if some tokens have been removed.
Be aware, overflowing tokens are not returned for the setting you have chosen, i.e. sequence pairs with the 'longest_first' truncation strategy. So the returned list will always be empty even if some tokens have been removed.
Be aware, overflowing tokens are not returned for the setting you have chosen, i.e. sequence pairs with the 'longest_first' truncation strategy. So the returned list will always be empty even if some tokens have been removed.
Be aware, overflowing tokens are not returned for the setting you have chosen, i.e. sequence pairs with the 'longest_first' truncation strategy. So the returned list will always be empty even if some tokens have been removed.
Be aware, overflowing tokens are not returned for the setting you have chosen, i.e. sequence pairs with the 'longest_first' truncation strategy. So the returned list will always be empty even if some tokens have been removed.
Be aware, overflowing tokens are not returned for the setting you have chosen, i.e. sequence pairs with the 'longest_first' truncation strategy. So the returned list will always be empty even if some tokens have been removed.
Be aware, overflowing tokens are not returned for the setting you have chosen, i.e. sequence pairs with the 'longest_first' truncation strategy. So the returned list will always be empty even if some tokens have been removed.
Be aware, overflowing tokens are not returned for the setting you have chosen, i.e. sequence pairs with the 'longest_first' truncation strategy. So the returned list will always be empty even if some tokens have been removed.
Be aware, overflowing tokens are not returned for the setting you have chosen, i.e. sequence pairs with the 'longest_first' truncation strategy. So the returned list will always be empty even if some tokens have been removed.
Be aware, overflowing tokens are not returned for the setting you have chosen, i.e. sequence pairs with the 'longest_first' truncation strategy. So the returned list will always be empty even if some tokens have been removed.
Be aware, overflowing tokens are not returned for the setting you have chosen, i.e. sequence pairs with the 'longest_first' truncation strategy. So the returned list will always be empty even if some tokens have been removed.
Be aware, overflowing tokens are not returned for the setting you have chosen, i.e. sequence pairs with the 'longest_first' truncation strategy. So the returned list will always be empty even if some tokens have been removed.
Be aware, overflowing tokens are not returned for the setting you have chosen, i.e. sequence pairs with the 'longest_first' truncation strategy. So the returned list will always be empty even if some tokens have been removed.
Be aware, overflowing tokens are not returned for the setting you have chosen, i.e. sequence pairs with the 'longest_first' truncation strategy. So the returned list will always be empty even if some tokens have been removed.
Be aware, overflowing tokens are not returned for the setting you have chosen, i.e. sequence pairs with the 'longest_first' truncation strategy. So the returned list will always be empty even if some tokens have been removed.
Be aware, overflowing tokens are not returned for the setting you have chosen, i.e. sequence pairs with the 'longest_first' truncation strategy. So the returned list will always be empty even if some tokens have been removed.
Be aware, overflowing tokens are not returned for the setting you have chosen, i.e. sequence pairs with the 'longest_first' truncation strategy. So the returned list will always be empty even if some tokens have been removed.
Be aware, overflowing tokens are not returned for the setting you have chosen, i.e. sequence pairs with the 'longest_first' truncation strategy. So the returned list will always be empty even if some tokens have been removed.
Be aware, overflowing tokens are not returned for the setting you have chosen, i.e. sequence pairs with the 'longest_first' truncation strategy. So the returned list will always be empty even if some tokens have been removed.
Be aware, overflowing tokens are not returned for the setting you have chosen, i.e. sequence pairs with the 'longest_first' truncation strategy. So the returned list will always be empty even if some tokens have been removed.
Be aware, overflowing tokens are not returned for the setting you have chosen, i.e. sequence pairs with the 'longest_first' truncation strategy. So the returned list will always be empty even if some tokens have been removed.
Be aware, overflowing tokens are not returned for the setting you have chosen, i.e. sequence pairs with the 'longest_first' truncation strategy. So the returned list will always be empty even if some tokens have been removed.
Be aware, overflowing tokens are not returned for the setting you have chosen, i.e. sequence pairs with the 'longest_first' truncation strategy. So the returned list will always be empty even if some tokens have been removed.
Be aware, overflowing tokens are not returned for the setting you have chosen, i.e. sequence pairs with the 'longest_first' truncation strategy. So the returned list will always be empty even if some tokens have been removed.
Be aware, overflowing tokens are not returned for the setting you have chosen, i.e. sequence pairs with the 'longest_first' truncation strategy. So the returned list will always be empty even if some tokens have been removed.
Be aware, overflowing tokens are not returned for the setting you have chosen, i.e. sequence pairs with the 'longest_first' truncation strategy. So the returned list will always be empty even if some tokens have been removed.
Be aware, overflowing tokens are not returned for the setting you have chosen, i.e. sequence pairs with the 'longest_first' truncation strategy. So the returned list will always be empty even if some tokens have been removed.
Be aware, overflowing tokens are not returned for the setting you have chosen, i.e. sequence pairs with the 'longest_first' truncation strategy. So the returned list will always be empty even if some tokens have been removed.
Be aware, overflowing tokens are not returned for the setting you have chosen, i.e. sequence pairs with the 'longest_first' truncation strategy. So the returned list will always be empty even if some tokens have been removed.
Be aware, overflowing tokens are not returned for the setting you have chosen, i.e. sequence pairs with the 'longest_first' truncation strategy. So the returned list will always be empty even if some tokens have been removed.
Be aware, overflowing tokens are not returned for the setting you have chosen, i.e. sequence pairs with the 'longest_first' truncation strategy. So the returned list will always be empty even if some tokens have been removed.
Be aware, overflowing tokens are not returned for the setting you have chosen, i.e. sequence pairs with the 'longest_first' truncation strategy. So the returned list will always be empty even if some tokens have been removed.
Be aware, overflowing tokens are not returned for the setting you have chosen, i.e. sequence pairs with the 'longest_first' truncation strategy. So the returned list will always be empty even if some tokens have been removed.
Be aware, overflowing tokens are not returned for the setting you have chosen, i.e. sequence pairs with the 'longest_first' truncation strategy. So the returned list will always be empty even if some tokens have been removed.
Be aware, overflowing tokens are not returned for the setting you have chosen, i.e. sequence pairs with the 'longest_first' truncation strategy. So the returned list will always be empty even if some tokens have been removed.
Be aware, overflowing tokens are not returned for the setting you have chosen, i.e. sequence pairs with the 'longest_first' truncation strategy. So the returned list will always be empty even if some tokens have been removed.
Be aware, overflowing tokens are not returned for the setting you have chosen, i.e. sequence pairs with the 'longest_first' truncation strategy. So the returned list will always be empty even if some tokens have been removed.
Be aware, overflowing tokens are not returned for the setting you have chosen, i.e. sequence pairs with the 'longest_first' truncation strategy. So the returned list will always be empty even if some tokens have been removed.
Be aware, overflowing tokens are not returned for the setting you have chosen, i.e. sequence pairs with the 'longest_first' truncation strategy. So the returned list will always be empty even if some tokens have been removed.
Be aware, overflowing tokens are not returned for the setting you have chosen, i.e. sequence pairs with the 'longest_first' truncation strategy. So the returned list will always be empty even if some tokens have been removed.
Be aware, overflowing tokens are not returned for the setting you have chosen, i.e. sequence pairs with the 'longest_first' truncation strategy. So the returned list will always be empty even if some tokens have been removed.
Be aware, overflowing tokens are not returned for the setting you have chosen, i.e. sequence pairs with the 'longest_first' truncation strategy. So the returned list will always be empty even if some tokens have been removed.
Be aware, overflowing tokens are not returned for the setting you have chosen, i.e. sequence pairs with the 'longest_first' truncation strategy. So the returned list will always be empty even if some tokens have been removed.
Be aware, overflowing tokens are not returned for the setting you have chosen, i.e. sequence pairs with the 'longest_first' truncation strategy. So the returned list will always be empty even if some tokens have been removed.
Be aware, overflowing tokens are not returned for the setting you have chosen, i.e. sequence pairs with the 'longest_first' truncation strategy. So the returned list will always be empty even if some tokens have been removed.
Be aware, overflowing tokens are not returned for the setting you have chosen, i.e. sequence pairs with the 'longest_first' truncation strategy. So the returned list will always be empty even if some tokens have been removed.
Be aware, overflowing tokens are not returned for the setting you have chosen, i.e. sequence pairs with the 'longest_first' truncation strategy. So the returned list will always be empty even if some tokens have been removed.
Be aware, overflowing tokens are not returned for the setting you have chosen, i.e. sequence pairs with the 'longest_first' truncation strategy. So the returned list will always be empty even if some tokens have been removed.
Be aware, overflowing tokens are not returned for the setting you have chosen, i.e. sequence pairs with the 'longest_first' truncation strategy. So the returned list will always be empty even if some tokens have been removed.
Be aware, overflowing tokens are not returned for the setting you have chosen, i.e. sequence pairs with the 'longest_first' truncation strategy. So the returned list will always be empty even if some tokens have been removed.
Be aware, overflowing tokens are not returned for the setting you have chosen, i.e. sequence pairs with the 'longest_first' truncation strategy. So the returned list will always be empty even if some tokens have been removed.
Be aware, overflowing tokens are not returned for the setting you have chosen, i.e. sequence pairs with the 'longest_first' truncation strategy. So the returned list will always be empty even if some tokens have been removed.
Be aware, overflowing tokens are not returned for the setting you have chosen, i.e. sequence pairs with the 'longest_first' truncation strategy. So the returned list will always be empty even if some tokens have been removed.
Be aware, overflowing tokens are not returned for the setting you have chosen, i.e. sequence pairs with the 'longest_first' truncation strategy. So the returned list will always be empty even if some tokens have been removed.
Be aware, overflowing tokens are not returned for the setting you have chosen, i.e. sequence pairs with the 'longest_first' truncation strategy. So the returned list will always be empty even if some tokens have been removed.
Be aware, overflowing tokens are not returned for the setting you have chosen, i.e. sequence pairs with the 'longest_first' truncation strategy. So the returned list will always be empty even if some tokens have been removed.
Be aware, overflowing tokens are not returned for the setting you have chosen, i.e. sequence pairs with the 'longest_first' truncation strategy. So the returned list will always be empty even if some tokens have been removed.
Be aware, overflowing tokens are not returned for the setting you have chosen, i.e. sequence pairs with the 'longest_first' truncation strategy. So the returned list will always be empty even if some tokens have been removed.
Be aware, overflowing tokens are not returned for the setting you have chosen, i.e. sequence pairs with the 'longest_first' truncation strategy. So the returned list will always be empty even if some tokens have been removed.
Be aware, overflowing tokens are not returned for the setting you have chosen, i.e. sequence pairs with the 'longest_first' truncation strategy. So the returned list will always be empty even if some tokens have been removed.
Be aware, overflowing tokens are not returned for the setting you have chosen, i.e. sequence pairs with the 'longest_first' truncation strategy. So the returned list will always be empty even if some tokens have been removed.
Be aware, overflowing tokens are not returned for the setting you have chosen, i.e. sequence pairs with the 'longest_first' truncation strategy. So the returned list will always be empty even if some tokens have been removed.
Be aware, overflowing tokens are not returned for the setting you have chosen, i.e. sequence pairs with the 'longest_first' truncation strategy. So the returned list will always be empty even if some tokens have been removed.
Be aware, overflowing tokens are not returned for the setting you have chosen, i.e. sequence pairs with the 'longest_first' truncation strategy. So the returned list will always be empty even if some tokens have been removed.
Be aware, overflowing tokens are not returned for the setting you have chosen, i.e. sequence pairs with the 'longest_first' truncation strategy. So the returned list will always be empty even if some tokens have been removed.
Be aware, overflowing tokens are not returned for the setting you have chosen, i.e. sequence pairs with the 'longest_first' truncation strategy. So the returned list will always be empty even if some tokens have been removed.
Be aware, overflowing tokens are not returned for the setting you have chosen, i.e. sequence pairs with the 'longest_first' truncation strategy. So the returned list will always be empty even if some tokens have been removed.
Be aware, overflowing tokens are not returned for the setting you have chosen, i.e. sequence pairs with the 'longest_first' truncation strategy. So the returned list will always be empty even if some tokens have been removed.
Be aware, overflowing tokens are not returned for the setting you have chosen, i.e. sequence pairs with the 'longest_first' truncation strategy. So the returned list will always be empty even if some tokens have been removed.
Be aware, overflowing tokens are not returned for the setting you have chosen, i.e. sequence pairs with the 'longest_first' truncation strategy. So the returned list will always be empty even if some tokens have been removed.
Be aware, overflowing tokens are not returned for the setting you have chosen, i.e. sequence pairs with the 'longest_first' truncation strategy. So the returned list will always be empty even if some tokens have been removed.
Be aware, overflowing tokens are not returned for the setting you have chosen, i.e. sequence pairs with the 'longest_first' truncation strategy. So the returned list will always be empty even if some tokens have been removed.
Be aware, overflowing tokens are not returned for the setting you have chosen, i.e. sequence pairs with the 'longest_first' truncation strategy. So the returned list will always be empty even if some tokens have been removed.
Be aware, overflowing tokens are not returned for the setting you have chosen, i.e. sequence pairs with the 'longest_first' truncation strategy. So the returned list will always be empty even if some tokens have been removed.
Be aware, overflowing tokens are not returned for the setting you have chosen, i.e. sequence pairs with the 'longest_first' truncation strategy. So the returned list will always be empty even if some tokens have been removed.
Be aware, overflowing tokens are not returned for the setting you have chosen, i.e. sequence pairs with the 'longest_first' truncation strategy. So the returned list will always be empty even if some tokens have been removed.
Be aware, overflowing tokens are not returned for the setting you have chosen, i.e. sequence pairs with the 'longest_first' truncation strategy. So the returned list will always be empty even if some tokens have been removed.
Be aware, overflowing tokens are not returned for the setting you have chosen, i.e. sequence pairs with the 'longest_first' truncation strategy. So the returned list will always be empty even if some tokens have been removed.
Be aware, overflowing tokens are not returned for the setting you have chosen, i.e. sequence pairs with the 'longest_first' truncation strategy. So the returned list will always be empty even if some tokens have been removed.
Be aware, overflowing tokens are not returned for the setting you have chosen, i.e. sequence pairs with the 'longest_first' truncation strategy. So the returned list will always be empty even if some tokens have been removed.
Be aware, overflowing tokens are not returned for the setting you have chosen, i.e. sequence pairs with the 'longest_first' truncation strategy. So the returned list will always be empty even if some tokens have been removed.
Be aware, overflowing tokens are not returned for the setting you have chosen, i.e. sequence pairs with the 'longest_first' truncation strategy. So the returned list will always be empty even if some tokens have been removed.
Be aware, overflowing tokens are not returned for the setting you have chosen, i.e. sequence pairs with the 'longest_first' truncation strategy. So the returned list will always be empty even if some tokens have been removed.
Be aware, overflowing tokens are not returned for the setting you have chosen, i.e. sequence pairs with the 'longest_first' truncation strategy. So the returned list will always be empty even if some tokens have been removed.
Be aware, overflowing tokens are not returned for the setting you have chosen, i.e. sequence pairs with the 'longest_first' truncation strategy. So the returned list will always be empty even if some tokens have been removed.
Be aware, overflowing tokens are not returned for the setting you have chosen, i.e. sequence pairs with the 'longest_first' truncation strategy. So the returned list will always be empty even if some tokens have been removed.
Be aware, overflowing tokens are not returned for the setting you have chosen, i.e. sequence pairs with the 'longest_first' truncation strategy. So the returned list will always be empty even if some tokens have been removed.
Be aware, overflowing tokens are not returned for the setting you have chosen, i.e. sequence pairs with the 'longest_first' truncation strategy. So the returned list will always be empty even if some tokens have been removed.
Be aware, overflowing tokens are not returned for the setting you have chosen, i.e. sequence pairs with the 'longest_first' truncation strategy. So the returned list will always be empty even if some tokens have been removed.
Be aware, overflowing tokens are not returned for the setting you have chosen, i.e. sequence pairs with the 'longest_first' truncation strategy. So the returned list will always be empty even if some tokens have been removed.
Be aware, overflowing tokens are not returned for the setting you have chosen, i.e. sequence pairs with the 'longest_first' truncation strategy. So the returned list will always be empty even if some tokens have been removed.
Be aware, overflowing tokens are not returned for the setting you have chosen, i.e. sequence pairs with the 'longest_first' truncation strategy. So the returned list will always be empty even if some tokens have been removed.
Be aware, overflowing tokens are not returned for the setting you have chosen, i.e. sequence pairs with the 'longest_first' truncation strategy. So the returned list will always be empty even if some tokens have been removed.
Be aware, overflowing tokens are not returned for the setting you have chosen, i.e. sequence pairs with the 'longest_first' truncation strategy. So the returned list will always be empty even if some tokens have been removed.
Be aware, overflowing tokens are not returned for the setting you have chosen, i.e. sequence pairs with the 'longest_first' truncation strategy. So the returned list will always be empty even if some tokens have been removed.
Be aware, overflowing tokens are not returned for the setting you have chosen, i.e. sequence pairs with the 'longest_first' truncation strategy. So the returned list will always be empty even if some tokens have been removed.
Be aware, overflowing tokens are not returned for the setting you have chosen, i.e. sequence pairs with the 'longest_first' truncation strategy. So the returned list will always be empty even if some tokens have been removed.
Be aware, overflowing tokens are not returned for the setting you have chosen, i.e. sequence pairs with the 'longest_first' truncation strategy. So the returned list will always be empty even if some tokens have been removed.
Be aware, overflowing tokens are not returned for the setting you have chosen, i.e. sequence pairs with the 'longest_first' truncation strategy. So the returned list will always be empty even if some tokens have been removed.
Be aware, overflowing tokens are not returned for the setting you have chosen, i.e. sequence pairs with the 'longest_first' truncation strategy. So the returned list will always be empty even if some tokens have been removed.
Be aware, overflowing tokens are not returned for the setting you have chosen, i.e. sequence pairs with the 'longest_first' truncation strategy. So the returned list will always be empty even if some tokens have been removed.
Be aware, overflowing tokens are not returned for the setting you have chosen, i.e. sequence pairs with the 'longest_first' truncation strategy. So the returned list will always be empty even if some tokens have been removed.
Be aware, overflowing tokens are not returned for the setting you have chosen, i.e. sequence pairs with the 'longest_first' truncation strategy. So the returned list will always be empty even if some tokens have been removed.
Be aware, overflowing tokens are not returned for the setting you have chosen, i.e. sequence pairs with the 'longest_first' truncation strategy. So the returned list will always be empty even if some tokens have been removed.
Be aware, overflowing tokens are not returned for the setting you have chosen, i.e. sequence pairs with the 'longest_first' truncation strategy. So the returned list will always be empty even if some tokens have been removed.
Be aware, overflowing tokens are not returned for the setting you have chosen, i.e. sequence pairs with the 'longest_first' truncation strategy. So the returned list will always be empty even if some tokens have been removed.
Be aware, overflowing tokens are not returned for the setting you have chosen, i.e. sequence pairs with the 'longest_first' truncation strategy. So the returned list will always be empty even if some tokens have been removed.
Be aware, overflowing tokens are not returned for the setting you have chosen, i.e. sequence pairs with the 'longest_first' truncation strategy. So the returned list will always be empty even if some tokens have been removed.
Be aware, overflowing tokens are not returned for the setting you have chosen, i.e. sequence pairs with the 'longest_first' truncation strategy. So the returned list will always be empty even if some tokens have been removed.
Be aware, overflowing tokens are not returned for the setting you have chosen, i.e. sequence pairs with the 'longest_first' truncation strategy. So the returned list will always be empty even if some tokens have been removed.
Be aware, overflowing tokens are not returned for the setting you have chosen, i.e. sequence pairs with the 'longest_first' truncation strategy. So the returned list will always be empty even if some tokens have been removed.
Be aware, overflowing tokens are not returned for the setting you have chosen, i.e. sequence pairs with the 'longest_first' truncation strategy. So the returned list will always be empty even if some tokens have been removed.
Be aware, overflowing tokens are not returned for the setting you have chosen, i.e. sequence pairs with the 'longest_first' truncation strategy. So the returned list will always be empty even if some tokens have been removed.
Be aware, overflowing tokens are not returned for the setting you have chosen, i.e. sequence pairs with the 'longest_first' truncation strategy. So the returned list will always be empty even if some tokens have been removed.
Be aware, overflowing tokens are not returned for the setting you have chosen, i.e. sequence pairs with the 'longest_first' truncation strategy. So the returned list will always be empty even if some tokens have been removed.
Be aware, overflowing tokens are not returned for the setting you have chosen, i.e. sequence pairs with the 'longest_first' truncation strategy. So the returned list will always be empty even if some tokens have been removed.
Be aware, overflowing tokens are not returned for the setting you have chosen, i.e. sequence pairs with the 'longest_first' truncation strategy. So the returned list will always be empty even if some tokens have been removed.
Be aware, overflowing tokens are not returned for the setting you have chosen, i.e. sequence pairs with the 'longest_first' truncation strategy. So the returned list will always be empty even if some tokens have been removed.
Be aware, overflowing tokens are not returned for the setting you have chosen, i.e. sequence pairs with the 'longest_first' truncation strategy. So the returned list will always be empty even if some tokens have been removed.
Be aware, overflowing tokens are not returned for the setting you have chosen, i.e. sequence pairs with the 'longest_first' truncation strategy. So the returned list will always be empty even if some tokens have been removed.
Be aware, overflowing tokens are not returned for the setting you have chosen, i.e. sequence pairs with the 'longest_first' truncation strategy. So the returned list will always be empty even if some tokens have been removed.
Be aware, overflowing tokens are not returned for the setting you have chosen, i.e. sequence pairs with the 'longest_first' truncation strategy. So the returned list will always be empty even if some tokens have been removed.
Be aware, overflowing tokens are not returned for the setting you have chosen, i.e. sequence pairs with the 'longest_first' truncation strategy. So the returned list will always be empty even if some tokens have been removed.
Be aware, overflowing tokens are not returned for the setting you have chosen, i.e. sequence pairs with the 'longest_first' truncation strategy. So the returned list will always be empty even if some tokens have been removed.
Be aware, overflowing tokens are not returned for the setting you have chosen, i.e. sequence pairs with the 'longest_first' truncation strategy. So the returned list will always be empty even if some tokens have been removed.
Be aware, overflowing tokens are not returned for the setting you have chosen, i.e. sequence pairs with the 'longest_first' truncation strategy. So the returned list will always be empty even if some tokens have been removed.
Be aware, overflowing tokens are not returned for the setting you have chosen, i.e. sequence pairs with the 'longest_first' truncation strategy. So the returned list will always be empty even if some tokens have been removed.
Be aware, overflowing tokens are not returned for the setting you have chosen, i.e. sequence pairs with the 'longest_first' truncation strategy. So the returned list will always be empty even if some tokens have been removed.
Be aware, overflowing tokens are not returned for the setting you have chosen, i.e. sequence pairs with the 'longest_first' truncation strategy. So the returned list will always be empty even if some tokens have been removed.
Be aware, overflowing tokens are not returned for the setting you have chosen, i.e. sequence pairs with the 'longest_first' truncation strategy. So the returned list will always be empty even if some tokens have been removed.
Be aware, overflowing tokens are not returned for the setting you have chosen, i.e. sequence pairs with the 'longest_first' truncation strategy. So the returned list will always be empty even if some tokens have been removed.
Be aware, overflowing tokens are not returned for the setting you have chosen, i.e. sequence pairs with the 'longest_first' truncation strategy. So the returned list will always be empty even if some tokens have been removed.
Be aware, overflowing tokens are not returned for the setting you have chosen, i.e. sequence pairs with the 'longest_first' truncation strategy. So the returned list will always be empty even if some tokens have been removed.
Be aware, overflowing tokens are not returned for the setting you have chosen, i.e. sequence pairs with the 'longest_first' truncation strategy. So the returned list will always be empty even if some tokens have been removed.
Be aware, overflowing tokens are not returned for the setting you have chosen, i.e. sequence pairs with the 'longest_first' truncation strategy. So the returned list will always be empty even if some tokens have been removed.
Be aware, overflowing tokens are not returned for the setting you have chosen, i.e. sequence pairs with the 'longest_first' truncation strategy. So the returned list will always be empty even if some tokens have been removed.
Be aware, overflowing tokens are not returned for the setting you have chosen, i.e. sequence pairs with the 'longest_first' truncation strategy. So the returned list will always be empty even if some tokens have been removed.
[33;20m2026-05-27 00:24:10,463 (base_translator:144) WARNING: Cannot access train label distribution for splitter, split dataset without considering train label.[0m
/Users/vliftode/personal/scalable-learning/code/harness/rolora-supplement/RoLoRA-code/.venv-supplement/lib/python3.9/site-packages/huggingface_hub/file_download.py:949: FutureWarning: `resume_download` is deprecated and will be removed in version 1.0.0. Downloads always resume when possible. If you want to force a new download, use `force_download=True`.
  warnings.warn(
[38;5;39m2026-05-27 00:24:12,366 (config:243) INFO: the used configs are: 
adapter:
  use: False
aggregator:
  BFT_args:
    
  byzantine_node_num: 0
  inside_weight: 1.0
  num_agg_groups: 1
  num_agg_topk: []
  outside_weight: 0.0
  robust_rule: fedavg
asyn:
  use: False
attack:
  alpha_TV: 0.001
  alpha_prop_loss: 0
  attack_method: 
  attacker_id: -1
  classifier_PIA: randomforest
  edge_num: 100
  edge_path: edge_data/
  freq: 10
  info_diff_type: l2
  inject_round: 0
  insert_round: 100000
  label_type: dirty
  max_ite: 400
  mean: [0.9637]
  mia_is_simulate_in: False
  mia_simulate_in_round: 20
  pgd_eps: 2
  pgd_lr: 0.1
  pgd_poisoning: False
  poison_ratio: 0.5
  reconstruct_lr: 0.01
  reconstruct_optim: Adam
  scale_para: 1.0
  scale_poisoning: False
  self_epoch: 6
  self_lr: 0.05
  self_opt: False
  setting: fix
  std: [0.1592]
  target_label_ind: -1
  trigger_path: trigger/
  trigger_type: edge
backend: torch
cfg_file: 
check_completeness: False
criterion:
  type: CrossEntropyLoss
data:
  args: []
  batch_size: 64
  cSBM_phi: [0.5, 0.5, 0.5]
  cache_dir: 
  consistent_label_distribution: True
  drop_last: False
  file_path: 
  hetero_data_name: []
  hetero_synth_batch_size: 32
  hetero_synth_feat_dim: 128
  hetero_synth_prim_weight: 0.5
  is_debug: False
  loader: 
  max_query_len: 128
  max_seq_len: 384
  max_tgt_len: 128
  num_contrast: 0
  num_of_client_for_data: []
  num_steps: 30
  num_workers: 0
  pre_transform: []
  quadratic:
    dim: 1
    max_curv: 12.5
    min_curv: 0.02
  root: code/harness/rolora-supplement/RoLoRA-code/sst2/
  save_data: False
  server_holds_all: False
  shuffle: True
  sizes: [10, 5]
  splits: [0.89, 0.1, 0.01]
  splitter: iid
  splitter_args: []
  subsample: 1.0
  target_transform: []
  test_pre_transform: []
  test_target_transform: []
  test_transform: []
  transform: []
  trunc_stride: 128
  type: qnli.json@llm
  val_pre_transform: []
  val_target_transform: []
  val_transform: []
  walk_length: 2
dataloader:
  batch_size: 16
  drop_last: False
  num_steps: 30
  num_workers: 0
  pin_memory: False
  shuffle: True
  sizes: [10, 5]
  theta: -1
  type: base
  walk_length: 2
device: 0
distribute:
  use: False
early_stop:
  delta: 0.0
  improve_indicator_mode: best
  patience: 0
eval:
  best_res_update_round_wise_key: val_loss
  count_flops: False
  freq: 1
  metrics: ['loss', 'acc']
  monitoring: []
  report: ['weighted_avg', 'avg', 'fairness', 'raw']
  split: ['test', 'val']
expname: FedAvg_roberta-base@huggingface_llm_on_qnli.json@llm_lr0.005_lstep20
expname_tag: 
feat_engr:
  num_bins: 5
  scenario: hfl
  secure:
    dp:
      
    encrypt:
      type: dummy
    key_size: 3072
    type: encrypt
  selec_threshold: 0.05
  selec_woe_binning: quantile
  type: 
federate:
  atc_load_from: 
  atc_vanilla: False
  client_idx_for_local_train: 0
  client_num: 3
  data_weighted_aggr: False
  ignore_weight: False
  join_in_info: []
  make_global_eval: False
  master_addr: 127.0.0.1
  master_port: 29500
  merge_test_data: False
  merge_val_data: False
  method: FedAvg
  mode: standalone
  online_aggr: False
  process_num: 0
  resource_info_file: 
  restore_from: 
  sample_client_num: 3
  sample_client_rate: -1.0
  sampler: uniform
  save_client_model: False
  save_freq: -1
  save_to: overnight-local-qnli.ckpt
  share_local_model: True
  total_round_num: 4
  unseen_clients_rate: 0.0
  use_diff: False
  use_ss: False
fedopt:
  use: False
fedprox:
  use: False
fedsageplus:
  a: 1.0
  b: 1.0
  c: 1.0
  fedgen_epoch: 200
  gen_hidden: 128
  hide_portion: 0.5
  loc_epoch: 1
  num_pred: 5
fedswa:
  use: False
finetune:
  batch_or_epoch: epoch
  before_eval: False
  epoch_linear: 10
  freeze_param: 
  local_param: []
  local_update_steps: 1
  lr_linear: 0.005
  optimizer:
    lr: 0.1
    type: SGD
  scheduler:
    type: 
    warmup_ratio: 0.0
  simple_tuning: False
  weight_decay: 0.0
flitplus:
  factor_ema: 0.8
  lambdavat: 0.5
  tmpFed: 0.5
  weightReg: 1.0
gcflplus:
  EPS_1: 0.05
  EPS_2: 0.1
  seq_length: 5
  standardize: False
grad:
  grad_accum_count: 1
  grad_clip: -1.0
hpo:
  fedex:
    cutoff: 0.0
    diff: False
    eta0: -1.0
    flatten_ss: True
    gamma: 0.0
    pi_lr: 0.01
    psn: False
    sched: auto
    ss: 
    use: False
  fts:
    M: 100
    M_target: 200
    allow_load_existing_info: True
    diff: False
    fed_bo_max_iter: 50
    g_var: 1e-06
    gp_opt_schedule: 1
    local_bo_epochs: 50
    local_bo_max_iter: 50
    ls: 1.0
    obs_noise: 1e-06
    ss: 
    target_clients: []
    use: False
    v_kernel: 1.0
    var: 0.1
  init_cand_num: 16
  larger_better: False
  metric: client_summarized_weighted_avg.val_loss
  num_workers: 0
  pbt:
    max_stage: 5
    perf_threshold: 0.1
  pfedhpo:
    discrete: False
    ss: 
    target_fl_total_round: 1000
    train_anchor: False
    train_fl: False
    use: False
  scheduler: rs
  sha:
    budgets: []
    elim_rate: 3
    iter: 0
  ss: 
  table:
    eps: 0.1
    idx: 0
    num: 27
  trial_index: 0
  working_folder: hpo
llm:
  adapter:
    args: [{'adapter_package': 'peft', 'adapter_method': 'lora', 'r': 4, 'lora_alpha': 32, 'lora_dropout': 0.1}]
    mv_to_cpu: False
    use: True
  cache:
    model: 
  chat:
    max_history_len: 4
    max_len: 384
  deepspeed:
    ds_config: 
    use: False
  offsite_tuning:
    emu_align:
      data:
        root: data
        splits: [0.8, 0.1, 0.1]
        type: alpaca@llm
      exit_after_align: False
      restore_from: 
      save_to: 
      train:
        batch_or_epoch: batch
        kd_loss_weight: 0.9
        lm_loss_weight: 0.1
        local_update_steps: 10
        optimizer:
          lr: 0.01
          type: SGD
      use: False
    emu_l: 1
    emu_r: 10
    eval_type: emu
    kwargs: [{}]
    strategy: drop_layer
    use: False
  retry_on_nan_loss: False
  tok_len: 128
model:
  contrast_temp: 1.0
  contrast_topk: 100
  downstream_tasks: []
  dropout: 0.5
  embed_size: 8
  gamma: 0
  graph_pooling: mean
  hidden: 256
  in_channels: 0
  input_shape: ()
  label_smoothing: 0.1
  lambda_: 0.1
  layer: 2
  length_penalty: 2.0
  max_answer_len: 30
  max_length: 200
  max_tree_depth: 3
  min_length: 1
  model_num_per_trainer: 1
  model_type: google/bert_uncased_L-2_H-128_A-2
  n_best_size: 20
  no_repeat_ngram_size: 3
  null_score_diff_threshold: 0.0
  num_beams: 5
  num_item: 0
  num_labels: 1
  num_of_trees: 10
  num_user: 0
  out_channels: 1
  pretrain_tasks: []
  stage: 
  task: node
  type: roberta-base@huggingface_llm
  use_bias: True
  use_contrastive_loss: False
nbafl:
  use: False
outdir: exp/FedAvg_roberta-base@huggingface_llm_on_qnli.json@llm_lr0.005_lstep20/sub_exp_20260527002352
personalization:
  K: 5
  beta: 1.0
  epoch_feature: 1
  epoch_linear: 2
  local_param: []
  local_update_steps: 20
  lr: 0.005
  lr_feature: 0.1
  lr_linear: 0.1
  regular_weight: 0.1
  share_non_trainable_para: False
  weight_decay: 0.0
print_decimal_digits: 6
quantization:
  method: none
  nbits: 8
regularizer:
  mu: 0.0
  type: 
seed: 0
sgdmf:
  use: False
train:
  batch_or_epoch: batch
  data_para_dids: []
  is_enable_half: False
  local_update_steps: 20
  optimizer:
    lr: 0.005
    type: SGD
    weight_decay: 0.0002
  scheduler:
    type: 
    warmup_ratio: 0.0
trainer:
  disp_freq: 50
  local_entropy:
    alpha: 0.75
    eps: 0.0001
    gamma: 0.03
    inc_factor: 1.0
  sam:
    adaptive: False
    eta: 0.0
    rho: 1.0
  type: llmtrainer
  val_freq: 100000000
use_gpu: True
verbose: 1
vertical:
  use: False
wandb:
  use: False[0m
/bin/sh: nvidia-smi: command not found
[38;5;39m2026-05-27 00:24:12,404 (utils:167) INFO: The device information file is not provided[0m
[33;20m2026-05-27 00:24:12,404 (model_builder:137) WARNING: The input shape is None. Please specify the `data.input_shape`(a tuple) or give the representative data to `get_model` if necessary[0m
/Users/vliftode/personal/scalable-learning/code/harness/rolora-supplement/RoLoRA-code/.venv-supplement/lib/python3.9/site-packages/huggingface_hub/file_download.py:949: FutureWarning: `resume_download` is deprecated and will be removed in version 1.0.0. Downloads always resume when possible. If you want to force a new download, use `force_download=True`.
  warnings.warn(
Some weights of the model checkpoint at roberta-base were not used when initializing RobertaForSequenceClassification: ['lm_head.dense.weight', 'roberta.pooler.dense.weight', 'lm_head.layer_norm.bias', 'lm_head.decoder.weight', 'lm_head.bias', 'lm_head.layer_norm.weight', 'roberta.pooler.dense.bias', 'lm_head.dense.bias']
- This IS expected if you are initializing RobertaForSequenceClassification from the checkpoint of a model trained on another task or with another architecture (e.g. initializing a BertForSequenceClassification model from a BertForPreTraining model).
- This IS NOT expected if you are initializing RobertaForSequenceClassification from the checkpoint of a model that you expect to be exactly identical (initializing a BertForSequenceClassification model from a BertForSequenceClassification model).
Some weights of RobertaForSequenceClassification were not initialized from the model checkpoint at roberta-base and are newly initialized: ['classifier.out_proj.bias', 'classifier.out_proj.weight', 'classifier.dense.weight', 'classifier.dense.bias']
You should probably TRAIN this model on a down-stream task to be able to use it for predictions and inference.
[38;5;39m2026-05-27 00:24:14,107 (fed_runner:178) INFO: Server has been set up ... [0m
wandb: Tracking run with wandb version 0.25.0
wandb: W&B syncing is set to `offline` in this directory. Run `wandb online` or set WANDB_MODE=online to enable cloud syncing.
wandb: Run data is saved locally in /Users/vliftode/personal/scalable-learning/results/wandb/offline-run-20260527_002414-pyx8ugis
[38;5;39m2026-05-27 00:24:14,799 (trainer:101) INFO: [sls-rolora] wandb run started: project=sls-rolora-local group=overnight_local_qnli name=smoke_stdoutprobe[0m
[38;5;39m2026-05-27 00:24:14,920 (fed_runner:228) INFO: Client 1 has been set up ... [0m
[38;5;39m2026-05-27 00:24:15,020 (fed_runner:228) INFO: Client 2 has been set up ... [0m
[38;5;39m2026-05-27 00:24:15,117 (fed_runner:228) INFO: Client 3 has been set up ... [0m
[38;5;39m2026-05-27 00:24:15,118 (trainer:343) INFO: Model meta-info: <class 'federatedscope.llm.model.adapter_builder.AdapterModel'>.[0m
[38;5;39m2026-05-27 00:24:15,121 (trainer:351) INFO: Num of original para names: 56.[0m
[38;5;39m2026-05-27 00:24:15,121 (trainer:352) INFO: Num of original trainable para names: 253.[0m
[38;5;39m2026-05-27 00:24:15,121 (trainer:354) INFO: Num of preserved para names in local update: 56. 
Preserved para names in local update: {'base_model.model.roberta.encoder.layer.11.attention.self.query.lora_A.default.weight', 'base_model.model.roberta.encoder.layer.4.attention.self.value.lora_A.default.weight', 'base_model.model.roberta.encoder.layer.3.attention.self.value.lora_A.default.weight', 'base_model.model.roberta.encoder.layer.6.attention.self.value.lora_A.default.weight', 'base_model.model.roberta.encoder.layer.0.attention.self.query.lora_A.default.weight', 'base_model.model.roberta.encoder.layer.7.attention.self.query.lora_A.default.weight', 'base_model.model.roberta.encoder.layer.10.attention.self.query.lora_A.default.weight', 'base_model.model.roberta.encoder.layer.4.attention.self.value.lora_B.default.weight', 'base_model.model.roberta.encoder.layer.9.attention.self.value.lora_A.default.weight', 'base_model.model.roberta.encoder.layer.11.attention.self.value.lora_A.default.weight', 'base_model.model.roberta.encoder.layer.7.attention.self.value.lora_B.default.weight', 'base_model.model.roberta.encoder.layer.8.attention.self.value.lora_B.default.weight', 'base_model.model.classifier.modules_to_save.default.dense.weight', 'base_model.model.roberta.encoder.layer.7.attention.self.query.lora_B.default.weight', 'base_model.model.roberta.encoder.layer.1.attention.self.query.lora_B.default.weight', 'base_model.model.roberta.encoder.layer.1.attention.self.value.lora_B.default.weight', 'base_model.model.roberta.encoder.layer.5.attention.self.value.lora_A.default.weight', 'base_model.model.roberta.encoder.layer.6.attention.self.query.lora_A.default.weight', 'base_model.model.roberta.encoder.layer.10.attention.self.query.lora_B.default.weight', 'base_model.model.roberta.encoder.layer.11.attention.self.query.lora_B.default.weight', 'base_model.model.classifier.original_module.out_proj.weight', 'base_model.model.roberta.encoder.layer.0.attention.self.value.lora_B.default.weight', 'base_model.model.classifier.original_module.dense.weight', 'base_model.model.roberta.encoder.layer.5.attention.self.value.lora_B.default.weight', 'base_model.model.roberta.encoder.layer.3.attention.self.query.lora_A.default.weight', 'base_model.model.classifier.original_module.dense.bias', 'base_model.model.roberta.encoder.layer.4.attention.self.query.lora_B.default.weight', 'base_model.model.roberta.encoder.layer.3.attention.self.query.lora_B.default.weight', 'base_model.model.roberta.encoder.layer.2.attention.self.value.lora_B.default.weight', 'base_model.model.roberta.encoder.layer.6.attention.self.value.lora_B.default.weight', 'base_model.model.roberta.encoder.layer.9.attention.self.query.lora_B.default.weight', 'base_model.model.roberta.encoder.layer.5.attention.self.query.lora_A.default.weight', 'base_model.model.roberta.encoder.layer.7.attention.self.value.lora_A.default.weight', 'base_model.model.roberta.encoder.layer.8.attention.self.query.lora_B.default.weight', 'base_model.model.roberta.encoder.layer.11.attention.self.value.lora_B.default.weight', 'base_model.model.classifier.original_module.out_proj.bias', 'base_model.model.roberta.encoder.layer.4.attention.self.query.lora_A.default.weight', 'base_model.model.roberta.encoder.layer.9.attention.self.value.lora_B.default.weight', 'base_model.model.classifier.modules_to_save.default.out_proj.weight', 'base_model.model.classifier.modules_to_save.default.out_proj.bias', 'base_model.model.roberta.encoder.layer.0.attention.self.value.lora_A.default.weight', 'base_model.model.roberta.encoder.layer.2.attention.self.value.lora_A.default.weight', 'base_model.model.roberta.encoder.layer.9.attention.self.query.lora_A.default.weight', 'base_model.model.roberta.encoder.layer.0.attention.self.query.lora_B.default.weight', 'base_model.model.roberta.encoder.layer.2.attention.self.query.lora_B.default.weight', 'base_model.model.roberta.encoder.layer.1.attention.self.query.lora_A.default.weight', 'base_model.model.roberta.encoder.layer.8.attention.self.query.lora_A.default.weight', 'base_model.model.roberta.encoder.layer.1.attention.self.value.lora_A.default.weight', 'base_model.model.roberta.encoder.layer.10.attention.self.value.lora_B.default.weight', 'base_model.model.classifier.modules_to_save.default.dense.bias', 'base_model.model.roberta.encoder.layer.6.attention.self.query.lora_B.default.weight', 'base_model.model.roberta.encoder.layer.5.attention.self.query.lora_B.default.weight', 'base_model.model.roberta.encoder.layer.2.attention.self.query.lora_A.default.weight', 'base_model.model.roberta.encoder.layer.10.attention.self.value.lora_A.default.weight', 'base_model.model.roberta.encoder.layer.3.attention.self.value.lora_B.default.weight', 'base_model.model.roberta.encoder.layer.8.attention.self.value.lora_A.default.weight'}.[0m
[38;5;39m2026-05-27 00:24:15,122 (trainer:358) INFO: Num of filtered para names in local update: 0. 
Filtered para names in local update: set().[0m
[38;5;39m2026-05-27 00:24:15,122 (trainer:363) INFO: After register default hooks,
	the hooks_in_train is:
	{
	  "on_fit_start": [
	    "_hook_on_fit_start_numerical_precision",
	    "_hook_on_data_parallel_init",
	    "_hook_on_fit_start_init",
	    "_hook_on_fit_start_calculate_model_size"
	  ],
	  "on_epoch_start": [
	    "_hook_on_epoch_start"
	  ],
	  "on_batch_start": [
	    "_hook_on_batch_start_init"
	  ],
	  "on_batch_forward": [
	    "_hook_on_batch_forward",
	    "_hook_on_batch_forward_regularizer",
	    "_hook_on_batch_forward_flop_count"
	  ],
	  "on_batch_backward": [
	    "_hook_on_batch_backward"
	  ],
	  "on_batch_end": [
	    "_hook_on_batch_end"
	  ],
	  "on_fit_end": [
	    "_hook_on_fit_end"
	  ]
	};
	the hooks_in_eval is:
            t{
	  "on_fit_start": [
	    "_hook_on_fit_start_numerical_precision",
	    "_hook_on_data_parallel_init",
	    "_hook_on_fit_start_init"
	  ],
	  "on_epoch_start": [
	    "_hook_on_epoch_start"
	  ],
	  "on_batch_start": [
	    "_hook_on_batch_start_init"
	  ],
	  "on_batch_forward": [
	    "_hook_on_batch_forward"
	  ],
	  "on_batch_end": [
	    "_hook_on_batch_end"
	  ],
	  "on_fit_end": [
	    "_hook_on_fit_end"
	  ]
	}[0m
[38;5;39m2026-05-27 00:24:15,224 (server:903) INFO: ----------- Starting training (Round #0) -------------[0m
[38;5;39m2026-05-27 00:24:18,244 (client:382) INFO: {'Role': 'Client #3', 'Round': 0, 'Results_raw': {'train_loss': 224.612684, 'train_total': 320, 'train_avg_loss': 0.701915, 'train_acc': 0.515625}}[0m
[38;5;39m2026-05-27 00:24:20,333 (client:382) INFO: {'Role': 'Client #2', 'Round': 0, 'Results_raw': {'train_loss': 223.822799, 'train_total': 320, 'train_avg_loss': 0.699446, 'train_acc': 0.484375}}[0m
[38;5;39m2026-05-27 00:24:22,660 (client:382) INFO: {'Role': 'Client #1', 'Round': 0, 'Results_raw': {'train_loss': 224.839421, 'train_total': 320, 'train_avg_loss': 0.702623, 'train_acc': 0.525}}[0m
[38;5;39m2026-05-27 00:24:22,685 (server:344) INFO: Server: Starting evaluation at the end of round 0.[0m
[38;5;39m2026-05-27 00:24:22,687 (server:350) INFO: ----------- Starting a new training round (Round #1) -------------[0m
[33;20m2026-05-27 00:24:27,437 (context:226) WARNING: cur_mode `test` mismatch mode `val`, will use `val` to calculate `ctx.var`.[0m
[33;20m2026-05-27 00:24:27,437 (context:226) WARNING: cur_mode `test` mismatch mode `val`, will use `val` to calculate `ctx.var`.[0m
[38;5;39m2026-05-27 00:24:28,252 (client:598) INFO: {'Role': 'Client #1', 'Round': 0, 'Results_raw': {'test_loss': 1261.484845, 'test_total': 1821, 'test_avg_loss': 0.692743, 'test_acc': 0.525535, 'val_loss': 241.960145, 'val_total': 350, 'val_avg_loss': 0.691315, 'val_acc': 0.531429}}[0m
[33;20m2026-05-27 00:24:32,571 (context:226) WARNING: cur_mode `test` mismatch mode `val`, will use `val` to calculate `ctx.var`.[0m
[33;20m2026-05-27 00:24:32,571 (context:226) WARNING: cur_mode `test` mismatch mode `val`, will use `val` to calculate `ctx.var`.[0m
[38;5;39m2026-05-27 00:24:33,356 (client:598) INFO: {'Role': 'Client #2', 'Round': 0, 'Results_raw': {'test_loss': 1280.429545, 'test_total': 1821, 'test_avg_loss': 0.703146, 'test_acc': 0.469522, 'val_loss': 242.511517, 'val_total': 349, 'val_avg_loss': 0.694875, 'val_acc': 0.512894}}[0m
[33;20m2026-05-27 00:24:37,545 (context:226) WARNING: cur_mode `test` mismatch mode `val`, will use `val` to calculate `ctx.var`.[0m
[33;20m2026-05-27 00:24:37,546 (context:226) WARNING: cur_mode `test` mismatch mode `val`, will use `val` to calculate `ctx.var`.[0m
[38;5;39m2026-05-27 00:24:38,302 (client:598) INFO: {'Role': 'Client #3', 'Round': 0, 'Results_raw': {'test_loss': 1274.054681, 'test_total': 1821, 'test_avg_loss': 0.699646, 'test_acc': 0.488742, 'val_loss': 243.674969, 'val_total': 349, 'val_avg_loss': 0.698209, 'val_acc': 0.495702}}[0m
[38;5;39m2026-05-27 00:24:39,918 (client:382) INFO: {'Role': 'Client #3', 'Round': 1, 'Results_raw': {'train_loss': 224.883246, 'train_total': 320, 'train_avg_loss': 0.70276, 'train_acc': 0.453125}}[0m
[38;5;39m2026-05-27 00:24:41,627 (client:382) INFO: {'Role': 'Client #1', 'Round': 1, 'Results_raw': {'train_loss': 220.565656, 'train_total': 320, 'train_avg_loss': 0.689268, 'train_acc': 0.51875}}[0m
[38;5;39m2026-05-27 00:24:43,238 (client:382) INFO: {'Role': 'Client #2', 'Round': 1, 'Results_raw': {'train_loss': 221.290122, 'train_total': 320, 'train_avg_loss': 0.691532, 'train_acc': 0.54375}}[0m
/Users/vliftode/personal/scalable-learning/code/harness/rolora-supplement/RoLoRA-code/.venv-supplement/lib/python3.9/site-packages/numpy/core/fromnumeric.py:3474: RuntimeWarning: Mean of empty slice.
  return _methods._mean(a, axis=axis, dtype=dtype,
/Users/vliftode/personal/scalable-learning/code/harness/rolora-supplement/RoLoRA-code/.venv-supplement/lib/python3.9/site-packages/numpy/core/_methods.py:189: RuntimeWarning: invalid value encountered in double_scalars
  ret = ret.dtype.type(ret / rcount)
[38;5;39m2026-05-27 00:24:43,241 (server:616) INFO: {'Role': 'Server #', 'Round': 0, 'Results_weighted_avg': {'test_loss': 1271.98969, 'test_total': 1821.0, 'test_avg_loss': 0.698512, 'test_acc': 0.4946, 'val_loss': 242.714823, 'val_total': 349.333333, 'val_avg_loss': 0.694796, 'val_acc': 0.513359}, 'Results_avg': {'test_loss': 1271.98969, 'test_total': 1821.0, 'test_avg_loss': 0.698512, 'test_acc': 0.4946, 'val_loss': 242.715544, 'val_total': 349.333333, 'val_avg_loss': 0.6948, 'val_acc': 0.513342}, 'Results_fairness': {'test_total': 1821.0, 'val_total': 349.333333, 'test_loss_std': 7.870771, 'test_loss_bottom_decile': 1261.484845, 'test_loss_top_decile': 1280.429545, 'test_loss_min': 1261.484845, 'test_loss_max': 1280.429545, 'test_loss_bottom10%': nan, 'test_loss_top10%': 1280.429545, 'test_loss_cos1': 0.999981, 'test_loss_entropy': 1.098593, 'test_avg_loss_std': 0.004322, 'test_avg_loss_bottom_decile': 0.692743, 'test_avg_loss_top_decile': 0.703146, 'test_avg_loss_min': 0.692743, 'test_avg_loss_max': 0.703146, 'test_avg_loss_bottom10%': nan, 'test_avg_loss_top10%': 0.703146, 'test_avg_loss_cos1': 0.999981, 'test_avg_loss_entropy': 1.098593, 'test_acc_std': 0.023239, 'test_acc_bottom_decile': 0.469522, 'test_acc_top_decile': 0.525535, 'test_acc_min': 0.469522, 'test_acc_max': 0.525535, 'test_acc_bottom10%': nan, 'test_acc_top10%': 0.525535, 'test_acc_cos1': 0.998898, 'test_acc_entropy': 1.097514, 'val_loss_std': 0.714785, 'val_loss_bottom_decile': 241.960145, 'val_loss_top_decile': 243.674969, 'val_loss_min': 241.960145, 'val_loss_max': 243.674969, 'val_loss_bottom10%': nan, 'val_loss_top10%': 243.674969, 'val_loss_cos1': 0.999996, 'val_loss_entropy': 1.098608, 'val_avg_loss_std': 0.002815, 'val_avg_loss_bottom_decile': 0.691315, 'val_avg_loss_top_decile': 0.698209, 'val_avg_loss_min': 0.691315, 'val_avg_loss_max': 0.698209, 'val_avg_loss_bottom10%': nan, 'val_avg_loss_top10%': 0.698209, 'val_avg_loss_cos1': 0.999992, 'val_avg_loss_entropy': 1.098604, 'val_acc_std': 0.014589, 'val_acc_bottom_decile': 0.495702, 'val_acc_top_decile': 0.531429, 'val_acc_min': 0.495702, 'val_acc_max': 0.531429, 'val_acc_bottom10%': nan, 'val_acc_top10%': 0.531429, 'val_acc_cos1': 0.999596, 'val_acc_entropy': 1.098209}}[0m
[38;5;39m2026-05-27 00:24:43,268 (server:344) INFO: Server: Starting evaluation at the end of round 1.[0m
[38;5;39m2026-05-27 00:24:43,270 (server:350) INFO: ----------- Starting a new training round (Round #2) -------------[0m
[33;20m2026-05-27 00:24:47,287 (context:226) WARNING: cur_mode `test` mismatch mode `val`, will use `val` to calculate `ctx.var`.[0m
[33;20m2026-05-27 00:24:47,288 (context:226) WARNING: cur_mode `test` mismatch mode `val`, will use `val` to calculate `ctx.var`.[0m
[38;5;39m2026-05-27 00:24:48,036 (client:598) INFO: {'Role': 'Client #1', 'Round': 1, 'Results_raw': {'test_loss': 1270.935792, 'test_total': 1821, 'test_avg_loss': 0.697933, 'test_acc': 0.474465, 'val_loss': 244.411679, 'val_total': 350, 'val_avg_loss': 0.698319, 'val_acc': 0.468571}}[0m
[33;20m2026-05-27 00:24:52,129 (context:226) WARNING: cur_mode `test` mismatch mode `val`, will use `val` to calculate `ctx.var`.[0m
[33;20m2026-05-27 00:24:52,129 (context:226) WARNING: cur_mode `test` mismatch mode `val`, will use `val` to calculate `ctx.var`.[0m
[38;5;39m2026-05-27 00:24:52,885 (client:598) INFO: {'Role': 'Client #2', 'Round': 1, 'Results_raw': {'test_loss': 1258.887705, 'test_total': 1821, 'test_avg_loss': 0.691317, 'test_acc': 0.530478, 'val_loss': 243.04772, 'val_total': 349, 'val_avg_loss': 0.696412, 'val_acc': 0.487106}}[0m
[33;20m2026-05-27 00:24:57,091 (context:226) WARNING: cur_mode `test` mismatch mode `val`, will use `val` to calculate `ctx.var`.[0m
[33;20m2026-05-27 00:24:57,091 (context:226) WARNING: cur_mode `test` mismatch mode `val`, will use `val` to calculate `ctx.var`.[0m
[38;5;39m2026-05-27 00:24:57,824 (client:598) INFO: {'Role': 'Client #3', 'Round': 1, 'Results_raw': {'test_loss': 1263.126089, 'test_total': 1821, 'test_avg_loss': 0.693644, 'test_acc': 0.511258, 'val_loss': 242.299964, 'val_total': 349, 'val_avg_loss': 0.694269, 'val_acc': 0.504298}}[0m
[38;5;39m2026-05-27 00:24:59,460 (client:382) INFO: {'Role': 'Client #1', 'Round': 2, 'Results_raw': {'train_loss': 225.682652, 'train_total': 320, 'train_avg_loss': 0.705258, 'train_acc': 0.478125}}[0m
[38;5;39m2026-05-27 00:25:00,931 (client:382) INFO: {'Role': 'Client #3', 'Round': 2, 'Results_raw': {'train_loss': 222.765571, 'train_total': 320, 'train_avg_loss': 0.696142, 'train_acc': 0.509375}}[0m
[38;5;39m2026-05-27 00:25:02,666 (client:382) INFO: {'Role': 'Client #2', 'Round': 2, 'Results_raw': {'train_loss': 223.026213, 'train_total': 320, 'train_avg_loss': 0.696957, 'train_acc': 0.540625}}[0m
[38;5;39m2026-05-27 00:25:02,676 (server:616) INFO: {'Role': 'Server #', 'Round': 1, 'Results_weighted_avg': {'test_loss': 1264.316529, 'test_total': 1821.0, 'test_avg_loss': 0.694298, 'test_acc': 0.5054, 'val_loss': 243.254226, 'val_total': 349.333333, 'val_avg_loss': 0.696335, 'val_acc': 0.486641}, 'Results_avg': {'test_loss': 1264.316529, 'test_total': 1821.0, 'test_avg_loss': 0.694298, 'test_acc': 0.5054, 'val_loss': 243.253121, 'val_total': 349.333333, 'val_avg_loss': 0.696333, 'val_acc': 0.486658}, 'Results_fairness': {'test_total': 1821.0, 'val_total': 349.333333, 'test_loss_std': 4.990121, 'test_loss_bottom_decile': 1258.887705, 'test_loss_top_decile': 1270.935792, 'test_loss_min': 1258.887705, 'test_loss_max': 1270.935792, 'test_loss_bottom10%': nan, 'test_loss_top10%': 1270.935792, 'test_loss_cos1': 0.999992, 'test_loss_entropy': 1.098605, 'test_avg_loss_std': 0.00274, 'test_avg_loss_bottom_decile': 0.691317, 'test_avg_loss_top_decile': 0.697933, 'test_avg_loss_min': 0.691317, 'test_avg_loss_max': 0.697933, 'test_avg_loss_bottom10%': nan, 'test_avg_loss_top10%': 0.697933, 'test_avg_loss_cos1': 0.999992, 'test_avg_loss_entropy': 1.098605, 'test_acc_std': 0.023239, 'test_acc_bottom_decile': 0.474465, 'test_acc_top_decile': 0.530478, 'test_acc_min': 0.474465, 'test_acc_max': 0.530478, 'test_acc_bottom10%': nan, 'test_acc_top10%': 0.530478, 'test_acc_cos1': 0.998944, 'test_acc_entropy': 1.097549, 'val_loss_std': 0.874253, 'val_loss_bottom_decile': 242.299964, 'val_loss_top_decile': 244.411679, 'val_loss_min': 242.299964, 'val_loss_max': 244.411679, 'val_loss_bottom10%': nan, 'val_loss_top10%': 244.411679, 'val_loss_cos1': 0.999994, 'val_loss_entropy': 1.098606, 'val_avg_loss_std': 0.001654, 'val_avg_loss_bottom_decile': 0.694269, 'val_avg_loss_top_decile': 0.698319, 'val_avg_loss_min': 0.694269, 'val_avg_loss_max': 0.698319, 'val_avg_loss_bottom10%': nan, 'val_avg_loss_top10%': 0.698319, 'val_avg_loss_cos1': 0.999997, 'val_avg_loss_entropy': 1.098609, 'val_acc_std': 0.014589, 'val_acc_bottom_decile': 0.468571, 'val_acc_top_decile': 0.504298, 'val_acc_min': 0.468571, 'val_acc_max': 0.504298, 'val_acc_bottom10%': nan, 'val_acc_top10%': 0.504298, 'val_acc_cos1': 0.999551, 'val_acc_entropy': 1.098163}}[0m
[38;5;39m2026-05-27 00:25:02,684 (server:344) INFO: Server: Starting evaluation at the end of round 2.[0m
[38;5;39m2026-05-27 00:25:02,686 (server:350) INFO: ----------- Starting a new training round (Round #3) -------------[0m
[33;20m2026-05-27 00:25:06,853 (context:226) WARNING: cur_mode `test` mismatch mode `val`, will use `val` to calculate `ctx.var`.[0m
[33;20m2026-05-27 00:25:06,853 (context:226) WARNING: cur_mode `test` mismatch mode `val`, will use `val` to calculate `ctx.var`.[0m
[38;5;39m2026-05-27 00:25:07,624 (client:598) INFO: {'Role': 'Client #1', 'Round': 2, 'Results_raw': {'test_loss': 1265.042618, 'test_total': 1821, 'test_avg_loss': 0.694697, 'test_acc': 0.474465, 'val_loss': 243.142987, 'val_total': 350, 'val_avg_loss': 0.694694, 'val_acc': 0.468571}}[0m
[33;20m2026-05-27 00:25:11,814 (context:226) WARNING: cur_mode `test` mismatch mode `val`, will use `val` to calculate `ctx.var`.[0m
[33;20m2026-05-27 00:25:11,814 (context:226) WARNING: cur_mode `test` mismatch mode `val`, will use `val` to calculate `ctx.var`.[0m
[38;5;39m2026-05-27 00:25:12,586 (client:598) INFO: {'Role': 'Client #2', 'Round': 2, 'Results_raw': {'test_loss': 1259.972061, 'test_total': 1821, 'test_avg_loss': 0.691912, 'test_acc': 0.530478, 'val_loss': 242.204901, 'val_total': 349, 'val_avg_loss': 0.693997, 'val_acc': 0.487106}}[0m
[33;20m2026-05-27 00:25:16,849 (context:226) WARNING: cur_mode `test` mismatch mode `val`, will use `val` to calculate `ctx.var`.[0m
[33;20m2026-05-27 00:25:16,850 (context:226) WARNING: cur_mode `test` mismatch mode `val`, will use `val` to calculate `ctx.var`.[0m
[38;5;39m2026-05-27 00:25:17,592 (client:598) INFO: {'Role': 'Client #3', 'Round': 2, 'Results_raw': {'test_loss': 1261.818603, 'test_total': 1821, 'test_avg_loss': 0.692926, 'test_acc': 0.511258, 'val_loss': 241.898654, 'val_total': 349, 'val_avg_loss': 0.693119, 'val_acc': 0.504298}}[0m
[38;5;39m2026-05-27 00:25:19,322 (client:382) INFO: {'Role': 'Client #3', 'Round': 3, 'Results_raw': {'train_loss': 222.398996, 'train_total': 320, 'train_avg_loss': 0.694997, 'train_acc': 0.509375}}[0m
[38;5;39m2026-05-27 00:25:20,918 (client:382) INFO: {'Role': 'Client #1', 'Round': 3, 'Results_raw': {'train_loss': 222.096852, 'train_total': 320, 'train_avg_loss': 0.694053, 'train_acc': 0.5125}}[0m
[38;5;39m2026-05-27 00:25:22,445 (client:382) INFO: {'Role': 'Client #2', 'Round': 3, 'Results_raw': {'train_loss': 224.843349, 'train_total': 320, 'train_avg_loss': 0.702635, 'train_acc': 0.475}}[0m
[38;5;39m2026-05-27 00:25:22,447 (server:616) INFO: {'Role': 'Server #', 'Round': 2, 'Results_weighted_avg': {'test_loss': 1262.277761, 'test_total': 1821.0, 'test_avg_loss': 0.693178, 'test_acc': 0.5054, 'val_loss': 242.416208, 'val_total': 349.333333, 'val_avg_loss': 0.693938, 'val_acc': 0.486641}, 'Results_avg': {'test_loss': 1262.277761, 'test_total': 1821.0, 'test_avg_loss': 0.693178, 'test_acc': 0.5054, 'val_loss': 242.415514, 'val_total': 349.333333, 'val_avg_loss': 0.693937, 'val_acc': 0.486658}, 'Results_fairness': {'test_total': 1821.0, 'val_total': 349.333333, 'test_loss_std': 2.095353, 'test_loss_bottom_decile': 1259.972061, 'test_loss_top_decile': 1265.042618, 'test_loss_min': 1259.972061, 'test_loss_max': 1265.042618, 'test_loss_bottom10%': nan, 'test_loss_top10%': 1265.042618, 'test_loss_cos1': 0.999999, 'test_loss_entropy': 1.098611, 'test_avg_loss_std': 0.001151, 'test_avg_loss_bottom_decile': 0.691912, 'test_avg_loss_top_decile': 0.694697, 'test_avg_loss_min': 0.691912, 'test_avg_loss_max': 0.694697, 'test_avg_loss_bottom10%': nan, 'test_avg_loss_top10%': 0.694697, 'test_avg_loss_cos1': 0.999999, 'test_avg_loss_entropy': 1.098611, 'test_acc_std': 0.023239, 'test_acc_bottom_decile': 0.474465, 'test_acc_top_decile': 0.530478, 'test_acc_min': 0.474465, 'test_acc_max': 0.530478, 'test_acc_bottom10%': nan, 'test_acc_top10%': 0.530478, 'test_acc_cos1': 0.998944, 'test_acc_entropy': 1.097549, 'val_loss_std': 0.529377, 'val_loss_bottom_decile': 241.898654, 'val_loss_top_decile': 243.142987, 'val_loss_min': 241.898654, 'val_loss_max': 243.142987, 'val_loss_bottom10%': nan, 'val_loss_top10%': 243.142987, 'val_loss_cos1': 0.999998, 'val_loss_entropy': 1.09861, 'val_avg_loss_std': 0.000644, 'val_avg_loss_bottom_decile': 0.693119, 'val_avg_loss_top_decile': 0.694694, 'val_avg_loss_min': 0.693119, 'val_avg_loss_max': 0.694694, 'val_avg_loss_bottom10%': nan, 'val_avg_loss_top10%': 0.694694, 'val_avg_loss_cos1': 1.0, 'val_avg_loss_entropy': 1.098612, 'val_acc_std': 0.014589, 'val_acc_bottom_decile': 0.468571, 'val_acc_top_decile': 0.504298, 'val_acc_min': 0.468571, 'val_acc_max': 0.504298, 'val_acc_bottom10%': nan, 'val_acc_top10%': 0.504298, 'val_acc_cos1': 0.999551, 'val_acc_entropy': 1.098163}}[0m
[38;5;39m2026-05-27 00:25:22,466 (server:361) INFO: Server: Training is finished! Starting evaluation.[0m
[33;20m2026-05-27 00:25:26,626 (context:226) WARNING: cur_mode `test` mismatch mode `val`, will use `val` to calculate `ctx.var`.[0m
[33;20m2026-05-27 00:25:26,627 (context:226) WARNING: cur_mode `test` mismatch mode `val`, will use `val` to calculate `ctx.var`.[0m
[38;5;39m2026-05-27 00:25:27,406 (client:598) INFO: {'Role': 'Client #1', 'Round': 3, 'Results_raw': {'test_loss': 1260.35335, 'test_total': 1821, 'test_avg_loss': 0.692122, 'test_acc': 0.525535, 'val_loss': 241.830263, 'val_total': 350, 'val_avg_loss': 0.690944, 'val_acc': 0.531429}}[0m
[33;20m2026-05-27 00:25:31,614 (context:226) WARNING: cur_mode `test` mismatch mode `val`, will use `val` to calculate `ctx.var`.[0m
[33;20m2026-05-27 00:25:31,614 (context:226) WARNING: cur_mode `test` mismatch mode `val`, will use `val` to calculate `ctx.var`.[0m
[38;5;39m2026-05-27 00:25:32,388 (client:598) INFO: {'Role': 'Client #2', 'Round': 3, 'Results_raw': {'test_loss': 1275.770057, 'test_total': 1821, 'test_avg_loss': 0.700588, 'test_acc': 0.469522, 'val_loss': 242.154966, 'val_total': 349, 'val_avg_loss': 0.693854, 'val_acc': 0.512894}}[0m
[33;20m2026-05-27 00:25:36,666 (context:226) WARNING: cur_mode `test` mismatch mode `val`, will use `val` to calculate `ctx.var`.[0m
[33;20m2026-05-27 00:25:36,666 (context:226) WARNING: cur_mode `test` mismatch mode `val`, will use `val` to calculate `ctx.var`.[0m
[38;5;39m2026-05-27 00:25:37,413 (client:598) INFO: {'Role': 'Client #3', 'Round': 3, 'Results_raw': {'test_loss': 1270.600278, 'test_total': 1821, 'test_avg_loss': 0.697749, 'test_acc': 0.488742, 'val_loss': 243.115012, 'val_total': 349, 'val_avg_loss': 0.696605, 'val_acc': 0.495702}}[0m
[38;5;39m2026-05-27 00:25:37,415 (server:616) INFO: {'Role': 'Server #', 'Round': 3, 'Results_weighted_avg': {'test_loss': 1268.907895, 'test_total': 1821.0, 'test_avg_loss': 0.696819, 'test_acc': 0.4946, 'val_loss': 242.366236, 'val_total': 349.333333, 'val_avg_loss': 0.693798, 'val_acc': 0.513359}, 'Results_avg': {'test_loss': 1268.907895, 'test_total': 1821.0, 'test_avg_loss': 0.696819, 'test_acc': 0.4946, 'val_loss': 242.366747, 'val_total': 349.333333, 'val_avg_loss': 0.693801, 'val_acc': 0.513342}, 'Results_fairness': {'test_total': 1821.0, 'val_total': 349.333333, 'test_loss_std': 6.406602, 'test_loss_bottom_decile': 1260.35335, 'test_loss_top_decile': 1275.770057, 'test_loss_min': 1260.35335, 'test_loss_max': 1275.770057, 'test_loss_bottom10%': nan, 'test_loss_top10%': 1275.770057, 'test_loss_cos1': 0.999987, 'test_loss_entropy': 1.0986, 'test_avg_loss_std': 0.003518, 'test_avg_loss_bottom_decile': 0.692122, 'test_avg_loss_top_decile': 0.700588, 'test_avg_loss_min': 0.692122, 'test_avg_loss_max': 0.700588, 'test_avg_loss_bottom10%': nan, 'test_avg_loss_top10%': 0.700588, 'test_avg_loss_cos1': 0.999987, 'test_avg_loss_entropy': 1.0986, 'test_acc_std': 0.023239, 'test_acc_bottom_decile': 0.469522, 'test_acc_top_decile': 0.525535, 'test_acc_min': 0.469522, 'test_acc_max': 0.525535, 'test_acc_bottom10%': nan, 'test_acc_top10%': 0.525535, 'test_acc_cos1': 0.998898, 'test_acc_entropy': 1.097514, 'val_loss_std': 0.545456, 'val_loss_bottom_decile': 241.830263, 'val_loss_top_decile': 243.115012, 'val_loss_min': 241.830263, 'val_loss_max': 243.115012, 'val_loss_bottom10%': nan, 'val_loss_top10%': 243.115012, 'val_loss_cos1': 0.999997, 'val_loss_entropy': 1.09861, 'val_avg_loss_std': 0.002311, 'val_avg_loss_bottom_decile': 0.690944, 'val_avg_loss_top_decile': 0.696605, 'val_avg_loss_min': 0.690944, 'val_avg_loss_max': 0.696605, 'val_avg_loss_bottom10%': nan, 'val_avg_loss_top10%': 0.696605, 'val_avg_loss_cos1': 0.999994, 'val_avg_loss_entropy': 1.098607, 'val_acc_std': 0.014589, 'val_acc_bottom_decile': 0.495702, 'val_acc_top_decile': 0.531429, 'val_acc_min': 0.495702, 'val_acc_max': 0.531429, 'val_acc_bottom10%': nan, 'val_acc_top10%': 0.531429, 'val_acc_cos1': 0.999596, 'val_acc_entropy': 1.098209}}[0m
[38;5;39m2026-05-27 00:25:37,428 (server:419) INFO: Server: Final evaluation is finished! Starting merging results.[0m
[38;5;39m2026-05-27 00:25:37,439 (server:547) INFO: {'Role': 'Server #', 'Round': 'Final', 'Results_raw': {'client_best_individual': {'val_loss': 241.830263, 'test_loss': 1260.35335, 'test_total': 1821.0, 'test_avg_loss': 0.692122, 'test_acc': 0.525535, 'val_total': 349.0, 'val_avg_loss': 0.690944, 'val_acc': 0.531429}, 'client_summarized_weighted_avg': {'val_loss': 242.366236, 'test_loss': 1268.907895, 'test_total': 1821.0, 'test_avg_loss': 0.696819, 'test_acc': 0.4946, 'val_total': 349.333333, 'val_avg_loss': 0.693798, 'val_acc': 0.513359}, 'client_summarized_avg': {'val_loss': 242.366747, 'test_loss': 1268.907895, 'test_total': 1821.0, 'test_avg_loss': 0.696819, 'test_acc': 0.4946, 'val_total': 349.333333, 'val_avg_loss': 0.693801, 'val_acc': 0.513342}, 'client_summarized_fairness': {'val_loss_entropy': 1.098606, 'val_loss_cos1': 0.999994, 'val_loss_top10%': 244.411679, 'val_loss_bottom10%': nan, 'val_loss_max': 244.411679, 'val_loss_min': 242.299964, 'val_loss_top_decile': 244.411679, 'val_loss_bottom_decile': 242.299964, 'val_loss_std': 0.874253, 'test_total': 1821.0, 'val_total': 349.333333, 'test_loss_std': 4.990121, 'test_loss_bottom_decile': 1258.887705, 'test_loss_top_decile': 1270.935792, 'test_loss_min': 1258.887705, 'test_loss_max': 1270.935792, 'test_loss_bottom10%': nan, 'test_loss_top10%': 1270.935792, 'test_loss_cos1': 0.999992, 'test_loss_entropy': 1.098605, 'test_avg_loss_std': 0.00274, 'test_avg_loss_bottom_decile': 0.691317, 'test_avg_loss_top_decile': 0.697933, 'test_avg_loss_min': 0.691317, 'test_avg_loss_max': 0.697933, 'test_avg_loss_bottom10%': nan, 'test_avg_loss_top10%': 0.697933, 'test_avg_loss_cos1': 0.999992, 'test_avg_loss_entropy': 1.098605, 'test_acc_std': 0.023239, 'test_acc_bottom_decile': 0.474465, 'test_acc_top_decile': 0.530478, 'test_acc_min': 0.474465, 'test_acc_max': 0.530478, 'test_acc_bottom10%': nan, 'test_acc_top10%': 0.530478, 'test_acc_cos1': 0.998944, 'test_acc_entropy': 1.097549, 'val_avg_loss_std': 0.001654, 'val_avg_loss_bottom_decile': 0.694269, 'val_avg_loss_top_decile': 0.698319, 'val_avg_loss_min': 0.694269, 'val_avg_loss_max': 0.698319, 'val_avg_loss_bottom10%': nan, 'val_avg_loss_top10%': 0.698319, 'val_avg_loss_cos1': 0.999997, 'val_avg_loss_entropy': 1.098609, 'val_acc_std': 0.014589, 'val_acc_bottom_decile': 0.468571, 'val_acc_top_decile': 0.504298, 'val_acc_min': 0.468571, 'val_acc_max': 0.504298, 'val_acc_bottom10%': nan, 'val_acc_top10%': 0.504298, 'val_acc_cos1': 0.999551, 'val_acc_entropy': 1.098163}}}[0m
[38;5;39m2026-05-27 00:25:37,441 (server:566) INFO: {'Role': 'Client #1', 'Round': 4, 'Results_raw': {'test_loss': 1260.35335, 'test_total': 1821, 'test_avg_loss': 0.692122, 'test_acc': 0.525535, 'val_loss': 241.830263, 'val_total': 350, 'val_avg_loss': 0.690944, 'val_acc': 0.531429}}[0m
[38;5;39m2026-05-27 00:25:37,441 (server:566) INFO: {'Role': 'Client #2', 'Round': 4, 'Results_raw': {'test_loss': 1275.770057, 'test_total': 1821, 'test_avg_loss': 0.700588, 'test_acc': 0.469522, 'val_loss': 242.154966, 'val_total': 349, 'val_avg_loss': 0.693854, 'val_acc': 0.512894}}[0m
[38;5;39m2026-05-27 00:25:37,441 (server:566) INFO: {'Role': 'Client #3', 'Round': 4, 'Results_raw': {'test_loss': 1270.600278, 'test_total': 1821, 'test_avg_loss': 0.697749, 'test_acc': 0.488742, 'val_loss': 243.115012, 'val_total': 349, 'val_avg_loss': 0.696605, 'val_acc': 0.495702}}[0m
[38;5;39m2026-05-27 00:25:37,443 (monitor:173) INFO: In worker #0, the system-related metrics are: {'id': 0, 'fl_end_time_minutes': 1.39022, 'total_model_size': 0, 'total_flops': 0, 'total_upload_bytes': 0, 'total_download_bytes': 132416, 'global_convergence_round': 0, 'local_convergence_round': 0, 'global_convergence_time_minutes': 0, 'local_convergence_time_minutes': 0}[0m
[38;5;39m2026-05-27 00:25:37,443 (client:651) INFO: ================= client 1 received finish message =================[0m
[38;5;39m2026-05-27 00:25:37,446 (monitor:173) INFO: In worker #1, the system-related metrics are: {'id': 1, 'fl_end_time_minutes': 1.388969, 'total_model_size': 125386756, 'total_flops': 0, 'total_upload_bytes': 0, 'total_download_bytes': 101576, 'global_convergence_round': 0, 'local_convergence_round': 0, 'global_convergence_time_minutes': 0, 'local_convergence_time_minutes': 0}[0m
[38;5;39m2026-05-27 00:25:37,446 (client:651) INFO: ================= client 2 received finish message =================[0m
[38;5;39m2026-05-27 00:25:37,449 (monitor:173) INFO: In worker #2, the system-related metrics are: {'id': 2, 'fl_end_time_minutes': 1.375454, 'total_model_size': 125386756, 'total_flops': 0, 'total_upload_bytes': 0, 'total_download_bytes': 101576, 'global_convergence_round': 0, 'local_convergence_round': 0, 'global_convergence_time_minutes': 0, 'local_convergence_time_minutes': 0}[0m
[38;5;39m2026-05-27 00:25:37,449 (client:651) INFO: ================= client 3 received finish message =================[0m
[38;5;39m2026-05-27 00:25:37,451 (monitor:173) INFO: In worker #3, the system-related metrics are: {'id': 3, 'fl_end_time_minutes': 1.373845, 'total_model_size': 125386756, 'total_flops': 0, 'total_upload_bytes': 0, 'total_download_bytes': 101576, 'global_convergence_round': 0, 'local_convergence_round': 0, 'global_convergence_time_minutes': 0, 'local_convergence_time_minutes': 0}[0m
[38;5;39m2026-05-27 00:25:37,452 (monitor:338) INFO: We will compress the file eval_results.raw into a .gz file, and delete the old one[0m
[38;5;39m2026-05-27 00:25:37,453 (monitor:246) INFO: After merging the system metrics from all works, we got avg: defaultdict(None, {'id': 'sys_avg', 'sys_avg/fl_end_time_minutes': 1.382122, 'sys_avg/total_model_size': '89.68M', 'sys_avg/total_flops': '0.0', 'sys_avg/total_upload_bytes': '0.0', 'sys_avg/total_download_bytes': '106.72K', 'sys_avg/global_convergence_round': 0.0, 'sys_avg/local_convergence_round': 0.0, 'sys_avg/global_convergence_time_minutes': 0.0, 'sys_avg/local_convergence_time_minutes': 0.0})[0m
[38;5;39m2026-05-27 00:25:37,453 (monitor:249) INFO: After merging the system metrics from all works, we got std: defaultdict(None, {'id': 'sys_std', 'sys_std/fl_end_time_minutes': 0.007507, 'sys_std/total_model_size': '51.78M', 'sys_std/total_flops': '0.0', 'sys_std/total_upload_bytes': '0.0', 'sys_std/total_download_bytes': '13.04K', 'sys_std/global_convergence_round': 0.0, 'sys_std/local_convergence_round': 0.0, 'sys_std/global_convergence_time_minutes': 0.0, 'sys_std/local_convergence_time_minutes': 0.0})[0m
'nvidia-smi' tool not found.
trainable params: 1331716 || all params: 125386756 || trainable%: 1.0620866529157194
Load CustomSeq2SeqTrainer...
Load CustomSeq2SeqTrainer...
Load CustomSeq2SeqTrainer...
[STDOUT-PROBE step=0] cls=21.773415 A=5.648721 B=0.000000
[sls-rolora] RoLoRA round 0: train B
[DBG step=0] A: req_grad=False grad_none=24/24 grad_norm=0.000000  |  B: req_grad=True grad_none=0/24 grad_norm=0.439359
[STDOUT-PROBE step=0] cls=21.773415 A=5.648721 B=0.000000
[sls-rolora] RoLoRA round 0: train B
[DBG step=0] A: req_grad=False grad_none=24/24 grad_norm=0.000000  |  B: req_grad=True grad_none=0/24 grad_norm=0.388043
[STDOUT-PROBE step=0] cls=21.773415 A=5.648721 B=0.000000
[sls-rolora] RoLoRA round 0: train B
[DBG step=0] A: req_grad=False grad_none=24/24 grad_norm=0.000000  |  B: req_grad=True grad_none=0/24 grad_norm=0.371181
[STDOUT-PROBE step=1] cls=21.773138 A=5.648721 B=0.005749
[sls-rolora] RoLoRA round 1: train A
[DBG step=1] A: req_grad=True grad_none=0/24 grad_norm=0.003771  |  B: req_grad=False grad_none=24/24 grad_norm=0.000000
[STDOUT-PROBE step=1] cls=21.773138 A=5.648609 B=0.005749
[sls-rolora] RoLoRA round 1: train A
[DBG step=1] A: req_grad=True grad_none=0/24 grad_norm=0.000750  |  B: req_grad=False grad_none=24/24 grad_norm=0.000000
[STDOUT-PROBE step=1] cls=21.773138 A=5.648497 B=0.005749
[sls-rolora] RoLoRA round 1: train A
[DBG step=1] A: req_grad=True grad_none=0/24 grad_norm=0.003933  |  B: req_grad=False grad_none=24/24 grad_norm=0.000000
[STDOUT-PROBE step=2] cls=21.772867 A=5.648497 B=0.005749
[sls-rolora] RoLoRA round 2: train B
[DBG step=2] A: req_grad=False grad_none=24/24 grad_norm=0.000000  |  B: req_grad=True grad_none=0/24 grad_norm=0.357859
[STDOUT-PROBE step=2] cls=21.772867 A=5.648497 B=0.009464
[sls-rolora] RoLoRA round 2: train B
[DBG step=2] A: req_grad=False grad_none=24/24 grad_norm=0.000000  |  B: req_grad=True grad_none=0/24 grad_norm=0.277480
[STDOUT-PROBE step=2] cls=21.772867 A=5.648497 B=0.011712
[sls-rolora] RoLoRA round 2: train B
[DBG step=2] A: req_grad=False grad_none=24/24 grad_norm=0.000000  |  B: req_grad=True grad_none=0/24 grad_norm=0.468653
[STDOUT-PROBE step=3] cls=21.772595 A=5.648497 B=0.011622
[sls-rolora] RoLoRA round 3: train A
[DBG step=3] A: req_grad=True grad_none=0/24 grad_norm=0.005762  |  B: req_grad=False grad_none=24/24 grad_norm=0.000000
[STDOUT-PROBE step=3] cls=21.772595 A=5.648387 B=0.011622
[sls-rolora] RoLoRA round 3: train A
[DBG step=3] A: req_grad=True grad_none=0/24 grad_norm=0.002779  |  B: req_grad=False grad_none=24/24 grad_norm=0.000000
[STDOUT-PROBE step=3] cls=21.772595 A=5.648275 B=0.011622
[sls-rolora] RoLoRA round 3: train A
[DBG step=3] A: req_grad=True grad_none=0/24 grad_norm=0.004759  |  B: req_grad=False grad_none=24/24 grad_norm=0.000000
wandb: 
wandb: Run history:
wandb:          client_01/round ▁▃▆█
wandb:       client_01/test_acc █▁▁█
wandb:  client_01/test_avg_loss ▂█▄▁
wandb:      client_01/test_loss ▂█▄▁
wandb:     client_01/test_total ▁▁▁▁
wandb:      client_01/train_acc █▇▁▆
wandb: client_01/train_avg_loss ▇▁█▃
wandb:     client_01/train_loss ▇▁█▃
wandb:    client_01/train_total ▁▁▁▁
wandb:        client_01/val_acc █▁▁█
wandb:                      +42 ...
wandb: 
wandb: Run summary:
wandb:          client_01/round 3
wandb:       client_01/test_acc 0.52554
wandb:  client_01/test_avg_loss 0.69212
wandb:      client_01/test_loss 1260.35335
wandb:     client_01/test_total 1821
wandb:      client_01/train_acc 0.5125
wandb: client_01/train_avg_loss 0.69405
wandb:     client_01/train_loss 222.09685
wandb:    client_01/train_total 320
wandb:        client_01/val_acc 0.53143
wandb:                      +42 ...
wandb: 
wandb: You can sync this run to the cloud by running:
wandb: wandb sync /Users/vliftode/personal/scalable-learning/results/wandb/offline-run-20260527_002414-pyx8ugis
wandb: Find logs at: ./results/wandb/offline-run-20260527_002414-pyx8ugis/logs
wandb: WARNING Tried to log to step 0 that is less than the current step 1. Steps must be monotonically increasing, so this data will be ignored. See https://wandb.me/define-metric to log data out of order.
wandb: WARNING Tried to log to step 1 that is less than the current step 2. Steps must be monotonically increasing, so this data will be ignored. See https://wandb.me/define-metric to log data out of order.
wandb: WARNING Tried to log to step 2 that is less than the current step 3. Steps must be monotonically increasing, so this data will be ignored. See https://wandb.me/define-metric to log data out of order.
