# repo: /Users/vliftode/personal/scalable-learning
# git_sha: 523bd7a
# config: experiments/configs/proxy_qnli_roberta_base_c50_r4_lr1e-2_pp.yaml
# mode: rolora
# tag: pp_a1_faithful_p1.0_a0.5_seed0
# sls_lora_init: default
# sls_lora_gauge: default
# sls_lora_lr_a: default
# sls_lora_lr_b: default
# sls_phase_policy: default
# sls_phase_pattern: default
# sls_b_warmup_rounds: default
# sls_adaptive_min_b_rounds: default
# sls_adaptive_max_b_rounds: default
# sls_adaptive_val_gain_epsilon: default
# sls_device: mps
# sls_monitor: 1
# overrides: seed 0 federate.sample_client_rate 1.0
# started_at_utc: 2026-06-15T17:12:43Z
2026-06-15 19:12:44,538 (cfg_fl_setting:228)WARNING: We found the number of gpu is insufficient, thus cfg.federate.process_num=0
2026-06-15 19:12:44,538 (cfg_fl_setting:180)WARNING: Users specify both valid sample_client_rate as 0.3 and sample_client_num as 15.
		We will use the sample_client_rate value to calculate the actual number of participated clients as 15.
2026-06-15 19:12:44,538 (cfg_fl_setting:180)WARNING: Users specify both valid sample_client_rate as 1.0 and sample_client_num as 15.
		We will use the sample_client_rate value to calculate the actual number of participated clients as 50.
[38;5;39m2026-06-15 19:12:44,566 (logging:132) INFO: the current machine is at 127.0.0.1[0m
[38;5;39m2026-06-15 19:12:44,567 (logging:134) INFO: the current dir is /Users/vliftode/personal/scalable-learning[0m
[38;5;39m2026-06-15 19:12:44,567 (logging:135) INFO: the output dir is exp/pp_a1_faithful_p1.0_a0.5_seed0_94213_1781543563342960000/FedAvg_roberta-base@huggingface_llm_on_qnli.json@llm_lr0.01_lstep20[0m
/Users/vliftode/personal/scalable-learning/code/harness/rolora-supplement/RoLoRA-code/.venv-supplement/lib/python3.9/site-packages/urllib3/__init__.py:35: NotOpenSSLWarning: urllib3 v2 only supports OpenSSL 1.1.1+, currently the 'ssl' module is compiled with 'LibreSSL 2.8.3'. See: https://github.com/urllib3/urllib3/issues/3020
  warnings.warn(
/Users/vliftode/personal/scalable-learning/code/harness/rolora-supplement/RoLoRA-code/.venv-supplement/lib/python3.9/site-packages/huggingface_hub/file_download.py:949: FutureWarning: `resume_download` is deprecated and will be removed in version 1.0.0. Downloads always resume when possible. If you want to force a new download, use `force_download=True`.
  warnings.warn(
Be aware, overflowing tokens are not returned for the setting you have chosen, i.e. sequence pairs with the 'longest_first' truncation strategy. So the returned list will always be empty even if some tokens have been removed.
Be aware, overflowing tokens are not returned for the setting you have chosen, i.e. sequence pairs with the 'longest_first' truncation strategy. So the returned list will always be empty even if some tokens have been removed.
Be aware, overflowing tokens are not returned for the setting you have chosen, i.e. sequence pairs with the 'longest_first' truncation strategy. So the returned list will always be empty even if some tokens have been removed.
Be aware, overflowing tokens are not returned for the setting you have chosen, i.e. sequence pairs with the 'longest_first' truncation strategy. So the returned list will always be empty even if some tokens have been removed.
Be aware, overflowing tokens are not returned for the setting you have chosen, i.e. sequence pairs with the 'longest_first' truncation strategy. So the returned list will always be empty even if some tokens have been removed.
Be aware, overflowing tokens are not returned for the setting you have chosen, i.e. sequence pairs with the 'longest_first' truncation strategy. So the returned list will always be empty even if some tokens have been removed.
Be aware, overflowing tokens are not returned for the setting you have chosen, i.e. sequence pairs with the 'longest_first' truncation strategy. So the returned list will always be empty even if some tokens have been removed.
Be aware, overflowing tokens are not returned for the setting you have chosen, i.e. sequence pairs with the 'longest_first' truncation strategy. So the returned list will always be empty even if some tokens have been removed.
Be aware, overflowing tokens are not returned for the setting you have chosen, i.e. sequence pairs with the 'longest_first' truncation strategy. So the returned list will always be empty even if some tokens have been removed.
Be aware, overflowing tokens are not returned for the setting you have chosen, i.e. sequence pairs with the 'longest_first' truncation strategy. So the returned list will always be empty even if some tokens have been removed.
Be aware, overflowing tokens are not returned for the setting you have chosen, i.e. sequence pairs with the 'longest_first' truncation strategy. So the returned list will always be empty even if some tokens have been removed.
Be aware, overflowing tokens are not returned for the setting you have chosen, i.e. sequence pairs with the 'longest_first' truncation strategy. So the returned list will always be empty even if some tokens have been removed.
Be aware, overflowing tokens are not returned for the setting you have chosen, i.e. sequence pairs with the 'longest_first' truncation strategy. So the returned list will always be empty even if some tokens have been removed.
Be aware, overflowing tokens are not returned for the setting you have chosen, i.e. sequence pairs with the 'longest_first' truncation strategy. So the returned list will always be empty even if some tokens have been removed.
Be aware, overflowing tokens are not returned for the setting you have chosen, i.e. sequence pairs with the 'longest_first' truncation strategy. So the returned list will always be empty even if some tokens have been removed.
Be aware, overflowing tokens are not returned for the setting you have chosen, i.e. sequence pairs with the 'longest_first' truncation strategy. So the returned list will always be empty even if some tokens have been removed.
Be aware, overflowing tokens are not returned for the setting you have chosen, i.e. sequence pairs with the 'longest_first' truncation strategy. So the returned list will always be empty even if some tokens have been removed.
Be aware, overflowing tokens are not returned for the setting you have chosen, i.e. sequence pairs with the 'longest_first' truncation strategy. So the returned list will always be empty even if some tokens have been removed.
Be aware, overflowing tokens are not returned for the setting you have chosen, i.e. sequence pairs with the 'longest_first' truncation strategy. So the returned list will always be empty even if some tokens have been removed.
Be aware, overflowing tokens are not returned for the setting you have chosen, i.e. sequence pairs with the 'longest_first' truncation strategy. So the returned list will always be empty even if some tokens have been removed.
Be aware, overflowing tokens are not returned for the setting you have chosen, i.e. sequence pairs with the 'longest_first' truncation strategy. So the returned list will always be empty even if some tokens have been removed.
Be aware, overflowing tokens are not returned for the setting you have chosen, i.e. sequence pairs with the 'longest_first' truncation strategy. So the returned list will always be empty even if some tokens have been removed.
Be aware, overflowing tokens are not returned for the setting you have chosen, i.e. sequence pairs with the 'longest_first' truncation strategy. So the returned list will always be empty even if some tokens have been removed.
Be aware, overflowing tokens are not returned for the setting you have chosen, i.e. sequence pairs with the 'longest_first' truncation strategy. So the returned list will always be empty even if some tokens have been removed.
Be aware, overflowing tokens are not returned for the setting you have chosen, i.e. sequence pairs with the 'longest_first' truncation strategy. So the returned list will always be empty even if some tokens have been removed.
Be aware, overflowing tokens are not returned for the setting you have chosen, i.e. sequence pairs with the 'longest_first' truncation strategy. So the returned list will always be empty even if some tokens have been removed.
Be aware, overflowing tokens are not returned for the setting you have chosen, i.e. sequence pairs with the 'longest_first' truncation strategy. So the returned list will always be empty even if some tokens have been removed.
Be aware, overflowing tokens are not returned for the setting you have chosen, i.e. sequence pairs with the 'longest_first' truncation strategy. So the returned list will always be empty even if some tokens have been removed.
Be aware, overflowing tokens are not returned for the setting you have chosen, i.e. sequence pairs with the 'longest_first' truncation strategy. So the returned list will always be empty even if some tokens have been removed.
Be aware, overflowing tokens are not returned for the setting you have chosen, i.e. sequence pairs with the 'longest_first' truncation strategy. So the returned list will always be empty even if some tokens have been removed.
Be aware, overflowing tokens are not returned for the setting you have chosen, i.e. sequence pairs with the 'longest_first' truncation strategy. So the returned list will always be empty even if some tokens have been removed.
Be aware, overflowing tokens are not returned for the setting you have chosen, i.e. sequence pairs with the 'longest_first' truncation strategy. So the returned list will always be empty even if some tokens have been removed.
Be aware, overflowing tokens are not returned for the setting you have chosen, i.e. sequence pairs with the 'longest_first' truncation strategy. So the returned list will always be empty even if some tokens have been removed.
Be aware, overflowing tokens are not returned for the setting you have chosen, i.e. sequence pairs with the 'longest_first' truncation strategy. So the returned list will always be empty even if some tokens have been removed.
Be aware, overflowing tokens are not returned for the setting you have chosen, i.e. sequence pairs with the 'longest_first' truncation strategy. So the returned list will always be empty even if some tokens have been removed.
Be aware, overflowing tokens are not returned for the setting you have chosen, i.e. sequence pairs with the 'longest_first' truncation strategy. So the returned list will always be empty even if some tokens have been removed.
Be aware, overflowing tokens are not returned for the setting you have chosen, i.e. sequence pairs with the 'longest_first' truncation strategy. So the returned list will always be empty even if some tokens have been removed.
Be aware, overflowing tokens are not returned for the setting you have chosen, i.e. sequence pairs with the 'longest_first' truncation strategy. So the returned list will always be empty even if some tokens have been removed.
Be aware, overflowing tokens are not returned for the setting you have chosen, i.e. sequence pairs with the 'longest_first' truncation strategy. So the returned list will always be empty even if some tokens have been removed.
Be aware, overflowing tokens are not returned for the setting you have chosen, i.e. sequence pairs with the 'longest_first' truncation strategy. So the returned list will always be empty even if some tokens have been removed.
Be aware, overflowing tokens are not returned for the setting you have chosen, i.e. sequence pairs with the 'longest_first' truncation strategy. So the returned list will always be empty even if some tokens have been removed.
Be aware, overflowing tokens are not returned for the setting you have chosen, i.e. sequence pairs with the 'longest_first' truncation strategy. So the returned list will always be empty even if some tokens have been removed.
Be aware, overflowing tokens are not returned for the setting you have chosen, i.e. sequence pairs with the 'longest_first' truncation strategy. So the returned list will always be empty even if some tokens have been removed.
Be aware, overflowing tokens are not returned for the setting you have chosen, i.e. sequence pairs with the 'longest_first' truncation strategy. So the returned list will always be empty even if some tokens have been removed.
Be aware, overflowing tokens are not returned for the setting you have chosen, i.e. sequence pairs with the 'longest_first' truncation strategy. So the returned list will always be empty even if some tokens have been removed.
Be aware, overflowing tokens are not returned for the setting you have chosen, i.e. sequence pairs with the 'longest_first' truncation strategy. So the returned list will always be empty even if some tokens have been removed.
Be aware, overflowing tokens are not returned for the setting you have chosen, i.e. sequence pairs with the 'longest_first' truncation strategy. So the returned list will always be empty even if some tokens have been removed.
Be aware, overflowing tokens are not returned for the setting you have chosen, i.e. sequence pairs with the 'longest_first' truncation strategy. So the returned list will always be empty even if some tokens have been removed.
Be aware, overflowing tokens are not returned for the setting you have chosen, i.e. sequence pairs with the 'longest_first' truncation strategy. So the returned list will always be empty even if some tokens have been removed.
Be aware, overflowing tokens are not returned for the setting you have chosen, i.e. sequence pairs with the 'longest_first' truncation strategy. So the returned list will always be empty even if some tokens have been removed.
Be aware, overflowing tokens are not returned for the setting you have chosen, i.e. sequence pairs with the 'longest_first' truncation strategy. So the returned list will always be empty even if some tokens have been removed.
Be aware, overflowing tokens are not returned for the setting you have chosen, i.e. sequence pairs with the 'longest_first' truncation strategy. So the returned list will always be empty even if some tokens have been removed.
Be aware, overflowing tokens are not returned for the setting you have chosen, i.e. sequence pairs with the 'longest_first' truncation strategy. So the returned list will always be empty even if some tokens have been removed.
Be aware, overflowing tokens are not returned for the setting you have chosen, i.e. sequence pairs with the 'longest_first' truncation strategy. So the returned list will always be empty even if some tokens have been removed.
Be aware, overflowing tokens are not returned for the setting you have chosen, i.e. sequence pairs with the 'longest_first' truncation strategy. So the returned list will always be empty even if some tokens have been removed.
Be aware, overflowing tokens are not returned for the setting you have chosen, i.e. sequence pairs with the 'longest_first' truncation strategy. So the returned list will always be empty even if some tokens have been removed.
Be aware, overflowing tokens are not returned for the setting you have chosen, i.e. sequence pairs with the 'longest_first' truncation strategy. So the returned list will always be empty even if some tokens have been removed.
Be aware, overflowing tokens are not returned for the setting you have chosen, i.e. sequence pairs with the 'longest_first' truncation strategy. So the returned list will always be empty even if some tokens have been removed.
Be aware, overflowing tokens are not returned for the setting you have chosen, i.e. sequence pairs with the 'longest_first' truncation strategy. So the returned list will always be empty even if some tokens have been removed.
Be aware, overflowing tokens are not returned for the setting you have chosen, i.e. sequence pairs with the 'longest_first' truncation strategy. So the returned list will always be empty even if some tokens have been removed.
Be aware, overflowing tokens are not returned for the setting you have chosen, i.e. sequence pairs with the 'longest_first' truncation strategy. So the returned list will always be empty even if some tokens have been removed.
Be aware, overflowing tokens are not returned for the setting you have chosen, i.e. sequence pairs with the 'longest_first' truncation strategy. So the returned list will always be empty even if some tokens have been removed.
Be aware, overflowing tokens are not returned for the setting you have chosen, i.e. sequence pairs with the 'longest_first' truncation strategy. So the returned list will always be empty even if some tokens have been removed.
Be aware, overflowing tokens are not returned for the setting you have chosen, i.e. sequence pairs with the 'longest_first' truncation strategy. So the returned list will always be empty even if some tokens have been removed.
Be aware, overflowing tokens are not returned for the setting you have chosen, i.e. sequence pairs with the 'longest_first' truncation strategy. So the returned list will always be empty even if some tokens have been removed.
Be aware, overflowing tokens are not returned for the setting you have chosen, i.e. sequence pairs with the 'longest_first' truncation strategy. So the returned list will always be empty even if some tokens have been removed.
Be aware, overflowing tokens are not returned for the setting you have chosen, i.e. sequence pairs with the 'longest_first' truncation strategy. So the returned list will always be empty even if some tokens have been removed.
Be aware, overflowing tokens are not returned for the setting you have chosen, i.e. sequence pairs with the 'longest_first' truncation strategy. So the returned list will always be empty even if some tokens have been removed.
Be aware, overflowing tokens are not returned for the setting you have chosen, i.e. sequence pairs with the 'longest_first' truncation strategy. So the returned list will always be empty even if some tokens have been removed.
Be aware, overflowing tokens are not returned for the setting you have chosen, i.e. sequence pairs with the 'longest_first' truncation strategy. So the returned list will always be empty even if some tokens have been removed.
Be aware, overflowing tokens are not returned for the setting you have chosen, i.e. sequence pairs with the 'longest_first' truncation strategy. So the returned list will always be empty even if some tokens have been removed.
Be aware, overflowing tokens are not returned for the setting you have chosen, i.e. sequence pairs with the 'longest_first' truncation strategy. So the returned list will always be empty even if some tokens have been removed.
Be aware, overflowing tokens are not returned for the setting you have chosen, i.e. sequence pairs with the 'longest_first' truncation strategy. So the returned list will always be empty even if some tokens have been removed.
Be aware, overflowing tokens are not returned for the setting you have chosen, i.e. sequence pairs with the 'longest_first' truncation strategy. So the returned list will always be empty even if some tokens have been removed.
Be aware, overflowing tokens are not returned for the setting you have chosen, i.e. sequence pairs with the 'longest_first' truncation strategy. So the returned list will always be empty even if some tokens have been removed.
Be aware, overflowing tokens are not returned for the setting you have chosen, i.e. sequence pairs with the 'longest_first' truncation strategy. So the returned list will always be empty even if some tokens have been removed.
Be aware, overflowing tokens are not returned for the setting you have chosen, i.e. sequence pairs with the 'longest_first' truncation strategy. So the returned list will always be empty even if some tokens have been removed.
Be aware, overflowing tokens are not returned for the setting you have chosen, i.e. sequence pairs with the 'longest_first' truncation strategy. So the returned list will always be empty even if some tokens have been removed.
Be aware, overflowing tokens are not returned for the setting you have chosen, i.e. sequence pairs with the 'longest_first' truncation strategy. So the returned list will always be empty even if some tokens have been removed.
Be aware, overflowing tokens are not returned for the setting you have chosen, i.e. sequence pairs with the 'longest_first' truncation strategy. So the returned list will always be empty even if some tokens have been removed.
Be aware, overflowing tokens are not returned for the setting you have chosen, i.e. sequence pairs with the 'longest_first' truncation strategy. So the returned list will always be empty even if some tokens have been removed.
Be aware, overflowing tokens are not returned for the setting you have chosen, i.e. sequence pairs with the 'longest_first' truncation strategy. So the returned list will always be empty even if some tokens have been removed.
Be aware, overflowing tokens are not returned for the setting you have chosen, i.e. sequence pairs with the 'longest_first' truncation strategy. So the returned list will always be empty even if some tokens have been removed.
Be aware, overflowing tokens are not returned for the setting you have chosen, i.e. sequence pairs with the 'longest_first' truncation strategy. So the returned list will always be empty even if some tokens have been removed.
Be aware, overflowing tokens are not returned for the setting you have chosen, i.e. sequence pairs with the 'longest_first' truncation strategy. So the returned list will always be empty even if some tokens have been removed.
Be aware, overflowing tokens are not returned for the setting you have chosen, i.e. sequence pairs with the 'longest_first' truncation strategy. So the returned list will always be empty even if some tokens have been removed.
Be aware, overflowing tokens are not returned for the setting you have chosen, i.e. sequence pairs with the 'longest_first' truncation strategy. So the returned list will always be empty even if some tokens have been removed.
Be aware, overflowing tokens are not returned for the setting you have chosen, i.e. sequence pairs with the 'longest_first' truncation strategy. So the returned list will always be empty even if some tokens have been removed.
Be aware, overflowing tokens are not returned for the setting you have chosen, i.e. sequence pairs with the 'longest_first' truncation strategy. So the returned list will always be empty even if some tokens have been removed.
Be aware, overflowing tokens are not returned for the setting you have chosen, i.e. sequence pairs with the 'longest_first' truncation strategy. So the returned list will always be empty even if some tokens have been removed.
Be aware, overflowing tokens are not returned for the setting you have chosen, i.e. sequence pairs with the 'longest_first' truncation strategy. So the returned list will always be empty even if some tokens have been removed.
Be aware, overflowing tokens are not returned for the setting you have chosen, i.e. sequence pairs with the 'longest_first' truncation strategy. So the returned list will always be empty even if some tokens have been removed.
Be aware, overflowing tokens are not returned for the setting you have chosen, i.e. sequence pairs with the 'longest_first' truncation strategy. So the returned list will always be empty even if some tokens have been removed.
Be aware, overflowing tokens are not returned for the setting you have chosen, i.e. sequence pairs with the 'longest_first' truncation strategy. So the returned list will always be empty even if some tokens have been removed.
Be aware, overflowing tokens are not returned for the setting you have chosen, i.e. sequence pairs with the 'longest_first' truncation strategy. So the returned list will always be empty even if some tokens have been removed.
Be aware, overflowing tokens are not returned for the setting you have chosen, i.e. sequence pairs with the 'longest_first' truncation strategy. So the returned list will always be empty even if some tokens have been removed.
Be aware, overflowing tokens are not returned for the setting you have chosen, i.e. sequence pairs with the 'longest_first' truncation strategy. So the returned list will always be empty even if some tokens have been removed.
Be aware, overflowing tokens are not returned for the setting you have chosen, i.e. sequence pairs with the 'longest_first' truncation strategy. So the returned list will always be empty even if some tokens have been removed.
Be aware, overflowing tokens are not returned for the setting you have chosen, i.e. sequence pairs with the 'longest_first' truncation strategy. So the returned list will always be empty even if some tokens have been removed.
Be aware, overflowing tokens are not returned for the setting you have chosen, i.e. sequence pairs with the 'longest_first' truncation strategy. So the returned list will always be empty even if some tokens have been removed.
Be aware, overflowing tokens are not returned for the setting you have chosen, i.e. sequence pairs with the 'longest_first' truncation strategy. So the returned list will always be empty even if some tokens have been removed.
Be aware, overflowing tokens are not returned for the setting you have chosen, i.e. sequence pairs with the 'longest_first' truncation strategy. So the returned list will always be empty even if some tokens have been removed.
Be aware, overflowing tokens are not returned for the setting you have chosen, i.e. sequence pairs with the 'longest_first' truncation strategy. So the returned list will always be empty even if some tokens have been removed.
Be aware, overflowing tokens are not returned for the setting you have chosen, i.e. sequence pairs with the 'longest_first' truncation strategy. So the returned list will always be empty even if some tokens have been removed.
Be aware, overflowing tokens are not returned for the setting you have chosen, i.e. sequence pairs with the 'longest_first' truncation strategy. So the returned list will always be empty even if some tokens have been removed.
Be aware, overflowing tokens are not returned for the setting you have chosen, i.e. sequence pairs with the 'longest_first' truncation strategy. So the returned list will always be empty even if some tokens have been removed.
Be aware, overflowing tokens are not returned for the setting you have chosen, i.e. sequence pairs with the 'longest_first' truncation strategy. So the returned list will always be empty even if some tokens have been removed.
Be aware, overflowing tokens are not returned for the setting you have chosen, i.e. sequence pairs with the 'longest_first' truncation strategy. So the returned list will always be empty even if some tokens have been removed.
Be aware, overflowing tokens are not returned for the setting you have chosen, i.e. sequence pairs with the 'longest_first' truncation strategy. So the returned list will always be empty even if some tokens have been removed.
Be aware, overflowing tokens are not returned for the setting you have chosen, i.e. sequence pairs with the 'longest_first' truncation strategy. So the returned list will always be empty even if some tokens have been removed.
Be aware, overflowing tokens are not returned for the setting you have chosen, i.e. sequence pairs with the 'longest_first' truncation strategy. So the returned list will always be empty even if some tokens have been removed.
Be aware, overflowing tokens are not returned for the setting you have chosen, i.e. sequence pairs with the 'longest_first' truncation strategy. So the returned list will always be empty even if some tokens have been removed.
Be aware, overflowing tokens are not returned for the setting you have chosen, i.e. sequence pairs with the 'longest_first' truncation strategy. So the returned list will always be empty even if some tokens have been removed.
Be aware, overflowing tokens are not returned for the setting you have chosen, i.e. sequence pairs with the 'longest_first' truncation strategy. So the returned list will always be empty even if some tokens have been removed.
Be aware, overflowing tokens are not returned for the setting you have chosen, i.e. sequence pairs with the 'longest_first' truncation strategy. So the returned list will always be empty even if some tokens have been removed.
Be aware, overflowing tokens are not returned for the setting you have chosen, i.e. sequence pairs with the 'longest_first' truncation strategy. So the returned list will always be empty even if some tokens have been removed.
Be aware, overflowing tokens are not returned for the setting you have chosen, i.e. sequence pairs with the 'longest_first' truncation strategy. So the returned list will always be empty even if some tokens have been removed.
Be aware, overflowing tokens are not returned for the setting you have chosen, i.e. sequence pairs with the 'longest_first' truncation strategy. So the returned list will always be empty even if some tokens have been removed.
Be aware, overflowing tokens are not returned for the setting you have chosen, i.e. sequence pairs with the 'longest_first' truncation strategy. So the returned list will always be empty even if some tokens have been removed.
Be aware, overflowing tokens are not returned for the setting you have chosen, i.e. sequence pairs with the 'longest_first' truncation strategy. So the returned list will always be empty even if some tokens have been removed.
Be aware, overflowing tokens are not returned for the setting you have chosen, i.e. sequence pairs with the 'longest_first' truncation strategy. So the returned list will always be empty even if some tokens have been removed.
Be aware, overflowing tokens are not returned for the setting you have chosen, i.e. sequence pairs with the 'longest_first' truncation strategy. So the returned list will always be empty even if some tokens have been removed.
Be aware, overflowing tokens are not returned for the setting you have chosen, i.e. sequence pairs with the 'longest_first' truncation strategy. So the returned list will always be empty even if some tokens have been removed.
Be aware, overflowing tokens are not returned for the setting you have chosen, i.e. sequence pairs with the 'longest_first' truncation strategy. So the returned list will always be empty even if some tokens have been removed.
Be aware, overflowing tokens are not returned for the setting you have chosen, i.e. sequence pairs with the 'longest_first' truncation strategy. So the returned list will always be empty even if some tokens have been removed.
Be aware, overflowing tokens are not returned for the setting you have chosen, i.e. sequence pairs with the 'longest_first' truncation strategy. So the returned list will always be empty even if some tokens have been removed.
Be aware, overflowing tokens are not returned for the setting you have chosen, i.e. sequence pairs with the 'longest_first' truncation strategy. So the returned list will always be empty even if some tokens have been removed.
Be aware, overflowing tokens are not returned for the setting you have chosen, i.e. sequence pairs with the 'longest_first' truncation strategy. So the returned list will always be empty even if some tokens have been removed.
Be aware, overflowing tokens are not returned for the setting you have chosen, i.e. sequence pairs with the 'longest_first' truncation strategy. So the returned list will always be empty even if some tokens have been removed.
Be aware, overflowing tokens are not returned for the setting you have chosen, i.e. sequence pairs with the 'longest_first' truncation strategy. So the returned list will always be empty even if some tokens have been removed.
Be aware, overflowing tokens are not returned for the setting you have chosen, i.e. sequence pairs with the 'longest_first' truncation strategy. So the returned list will always be empty even if some tokens have been removed.
Be aware, overflowing tokens are not returned for the setting you have chosen, i.e. sequence pairs with the 'longest_first' truncation strategy. So the returned list will always be empty even if some tokens have been removed.
Be aware, overflowing tokens are not returned for the setting you have chosen, i.e. sequence pairs with the 'longest_first' truncation strategy. So the returned list will always be empty even if some tokens have been removed.
Be aware, overflowing tokens are not returned for the setting you have chosen, i.e. sequence pairs with the 'longest_first' truncation strategy. So the returned list will always be empty even if some tokens have been removed.
Be aware, overflowing tokens are not returned for the setting you have chosen, i.e. sequence pairs with the 'longest_first' truncation strategy. So the returned list will always be empty even if some tokens have been removed.
Be aware, overflowing tokens are not returned for the setting you have chosen, i.e. sequence pairs with the 'longest_first' truncation strategy. So the returned list will always be empty even if some tokens have been removed.
Be aware, overflowing tokens are not returned for the setting you have chosen, i.e. sequence pairs with the 'longest_first' truncation strategy. So the returned list will always be empty even if some tokens have been removed.
Be aware, overflowing tokens are not returned for the setting you have chosen, i.e. sequence pairs with the 'longest_first' truncation strategy. So the returned list will always be empty even if some tokens have been removed.
Be aware, overflowing tokens are not returned for the setting you have chosen, i.e. sequence pairs with the 'longest_first' truncation strategy. So the returned list will always be empty even if some tokens have been removed.
Be aware, overflowing tokens are not returned for the setting you have chosen, i.e. sequence pairs with the 'longest_first' truncation strategy. So the returned list will always be empty even if some tokens have been removed.
Be aware, overflowing tokens are not returned for the setting you have chosen, i.e. sequence pairs with the 'longest_first' truncation strategy. So the returned list will always be empty even if some tokens have been removed.
Be aware, overflowing tokens are not returned for the setting you have chosen, i.e. sequence pairs with the 'longest_first' truncation strategy. So the returned list will always be empty even if some tokens have been removed.
Be aware, overflowing tokens are not returned for the setting you have chosen, i.e. sequence pairs with the 'longest_first' truncation strategy. So the returned list will always be empty even if some tokens have been removed.
Be aware, overflowing tokens are not returned for the setting you have chosen, i.e. sequence pairs with the 'longest_first' truncation strategy. So the returned list will always be empty even if some tokens have been removed.
Be aware, overflowing tokens are not returned for the setting you have chosen, i.e. sequence pairs with the 'longest_first' truncation strategy. So the returned list will always be empty even if some tokens have been removed.
Be aware, overflowing tokens are not returned for the setting you have chosen, i.e. sequence pairs with the 'longest_first' truncation strategy. So the returned list will always be empty even if some tokens have been removed.
Be aware, overflowing tokens are not returned for the setting you have chosen, i.e. sequence pairs with the 'longest_first' truncation strategy. So the returned list will always be empty even if some tokens have been removed.
Be aware, overflowing tokens are not returned for the setting you have chosen, i.e. sequence pairs with the 'longest_first' truncation strategy. So the returned list will always be empty even if some tokens have been removed.
Be aware, overflowing tokens are not returned for the setting you have chosen, i.e. sequence pairs with the 'longest_first' truncation strategy. So the returned list will always be empty even if some tokens have been removed.
Be aware, overflowing tokens are not returned for the setting you have chosen, i.e. sequence pairs with the 'longest_first' truncation strategy. So the returned list will always be empty even if some tokens have been removed.
Be aware, overflowing tokens are not returned for the setting you have chosen, i.e. sequence pairs with the 'longest_first' truncation strategy. So the returned list will always be empty even if some tokens have been removed.
Be aware, overflowing tokens are not returned for the setting you have chosen, i.e. sequence pairs with the 'longest_first' truncation strategy. So the returned list will always be empty even if some tokens have been removed.
Be aware, overflowing tokens are not returned for the setting you have chosen, i.e. sequence pairs with the 'longest_first' truncation strategy. So the returned list will always be empty even if some tokens have been removed.
Be aware, overflowing tokens are not returned for the setting you have chosen, i.e. sequence pairs with the 'longest_first' truncation strategy. So the returned list will always be empty even if some tokens have been removed.
Be aware, overflowing tokens are not returned for the setting you have chosen, i.e. sequence pairs with the 'longest_first' truncation strategy. So the returned list will always be empty even if some tokens have been removed.
Be aware, overflowing tokens are not returned for the setting you have chosen, i.e. sequence pairs with the 'longest_first' truncation strategy. So the returned list will always be empty even if some tokens have been removed.
Be aware, overflowing tokens are not returned for the setting you have chosen, i.e. sequence pairs with the 'longest_first' truncation strategy. So the returned list will always be empty even if some tokens have been removed.
Be aware, overflowing tokens are not returned for the setting you have chosen, i.e. sequence pairs with the 'longest_first' truncation strategy. So the returned list will always be empty even if some tokens have been removed.
Be aware, overflowing tokens are not returned for the setting you have chosen, i.e. sequence pairs with the 'longest_first' truncation strategy. So the returned list will always be empty even if some tokens have been removed.
Be aware, overflowing tokens are not returned for the setting you have chosen, i.e. sequence pairs with the 'longest_first' truncation strategy. So the returned list will always be empty even if some tokens have been removed.
Be aware, overflowing tokens are not returned for the setting you have chosen, i.e. sequence pairs with the 'longest_first' truncation strategy. So the returned list will always be empty even if some tokens have been removed.
Be aware, overflowing tokens are not returned for the setting you have chosen, i.e. sequence pairs with the 'longest_first' truncation strategy. So the returned list will always be empty even if some tokens have been removed.
Be aware, overflowing tokens are not returned for the setting you have chosen, i.e. sequence pairs with the 'longest_first' truncation strategy. So the returned list will always be empty even if some tokens have been removed.
Be aware, overflowing tokens are not returned for the setting you have chosen, i.e. sequence pairs with the 'longest_first' truncation strategy. So the returned list will always be empty even if some tokens have been removed.
Be aware, overflowing tokens are not returned for the setting you have chosen, i.e. sequence pairs with the 'longest_first' truncation strategy. So the returned list will always be empty even if some tokens have been removed.
Be aware, overflowing tokens are not returned for the setting you have chosen, i.e. sequence pairs with the 'longest_first' truncation strategy. So the returned list will always be empty even if some tokens have been removed.
Be aware, overflowing tokens are not returned for the setting you have chosen, i.e. sequence pairs with the 'longest_first' truncation strategy. So the returned list will always be empty even if some tokens have been removed.
Be aware, overflowing tokens are not returned for the setting you have chosen, i.e. sequence pairs with the 'longest_first' truncation strategy. So the returned list will always be empty even if some tokens have been removed.
Be aware, overflowing tokens are not returned for the setting you have chosen, i.e. sequence pairs with the 'longest_first' truncation strategy. So the returned list will always be empty even if some tokens have been removed.
Be aware, overflowing tokens are not returned for the setting you have chosen, i.e. sequence pairs with the 'longest_first' truncation strategy. So the returned list will always be empty even if some tokens have been removed.
Be aware, overflowing tokens are not returned for the setting you have chosen, i.e. sequence pairs with the 'longest_first' truncation strategy. So the returned list will always be empty even if some tokens have been removed.
Be aware, overflowing tokens are not returned for the setting you have chosen, i.e. sequence pairs with the 'longest_first' truncation strategy. So the returned list will always be empty even if some tokens have been removed.
Be aware, overflowing tokens are not returned for the setting you have chosen, i.e. sequence pairs with the 'longest_first' truncation strategy. So the returned list will always be empty even if some tokens have been removed.
Be aware, overflowing tokens are not returned for the setting you have chosen, i.e. sequence pairs with the 'longest_first' truncation strategy. So the returned list will always be empty even if some tokens have been removed.
Be aware, overflowing tokens are not returned for the setting you have chosen, i.e. sequence pairs with the 'longest_first' truncation strategy. So the returned list will always be empty even if some tokens have been removed.
Be aware, overflowing tokens are not returned for the setting you have chosen, i.e. sequence pairs with the 'longest_first' truncation strategy. So the returned list will always be empty even if some tokens have been removed.
Be aware, overflowing tokens are not returned for the setting you have chosen, i.e. sequence pairs with the 'longest_first' truncation strategy. So the returned list will always be empty even if some tokens have been removed.
Be aware, overflowing tokens are not returned for the setting you have chosen, i.e. sequence pairs with the 'longest_first' truncation strategy. So the returned list will always be empty even if some tokens have been removed.
Be aware, overflowing tokens are not returned for the setting you have chosen, i.e. sequence pairs with the 'longest_first' truncation strategy. So the returned list will always be empty even if some tokens have been removed.
Be aware, overflowing tokens are not returned for the setting you have chosen, i.e. sequence pairs with the 'longest_first' truncation strategy. So the returned list will always be empty even if some tokens have been removed.
Be aware, overflowing tokens are not returned for the setting you have chosen, i.e. sequence pairs with the 'longest_first' truncation strategy. So the returned list will always be empty even if some tokens have been removed.
Be aware, overflowing tokens are not returned for the setting you have chosen, i.e. sequence pairs with the 'longest_first' truncation strategy. So the returned list will always be empty even if some tokens have been removed.
Be aware, overflowing tokens are not returned for the setting you have chosen, i.e. sequence pairs with the 'longest_first' truncation strategy. So the returned list will always be empty even if some tokens have been removed.
Be aware, overflowing tokens are not returned for the setting you have chosen, i.e. sequence pairs with the 'longest_first' truncation strategy. So the returned list will always be empty even if some tokens have been removed.
Be aware, overflowing tokens are not returned for the setting you have chosen, i.e. sequence pairs with the 'longest_first' truncation strategy. So the returned list will always be empty even if some tokens have been removed.
Be aware, overflowing tokens are not returned for the setting you have chosen, i.e. sequence pairs with the 'longest_first' truncation strategy. So the returned list will always be empty even if some tokens have been removed.
Be aware, overflowing tokens are not returned for the setting you have chosen, i.e. sequence pairs with the 'longest_first' truncation strategy. So the returned list will always be empty even if some tokens have been removed.
Be aware, overflowing tokens are not returned for the setting you have chosen, i.e. sequence pairs with the 'longest_first' truncation strategy. So the returned list will always be empty even if some tokens have been removed.
Be aware, overflowing tokens are not returned for the setting you have chosen, i.e. sequence pairs with the 'longest_first' truncation strategy. So the returned list will always be empty even if some tokens have been removed.
Be aware, overflowing tokens are not returned for the setting you have chosen, i.e. sequence pairs with the 'longest_first' truncation strategy. So the returned list will always be empty even if some tokens have been removed.
Be aware, overflowing tokens are not returned for the setting you have chosen, i.e. sequence pairs with the 'longest_first' truncation strategy. So the returned list will always be empty even if some tokens have been removed.
Be aware, overflowing tokens are not returned for the setting you have chosen, i.e. sequence pairs with the 'longest_first' truncation strategy. So the returned list will always be empty even if some tokens have been removed.
Be aware, overflowing tokens are not returned for the setting you have chosen, i.e. sequence pairs with the 'longest_first' truncation strategy. So the returned list will always be empty even if some tokens have been removed.
Be aware, overflowing tokens are not returned for the setting you have chosen, i.e. sequence pairs with the 'longest_first' truncation strategy. So the returned list will always be empty even if some tokens have been removed.
Be aware, overflowing tokens are not returned for the setting you have chosen, i.e. sequence pairs with the 'longest_first' truncation strategy. So the returned list will always be empty even if some tokens have been removed.
Be aware, overflowing tokens are not returned for the setting you have chosen, i.e. sequence pairs with the 'longest_first' truncation strategy. So the returned list will always be empty even if some tokens have been removed.
Be aware, overflowing tokens are not returned for the setting you have chosen, i.e. sequence pairs with the 'longest_first' truncation strategy. So the returned list will always be empty even if some tokens have been removed.
Be aware, overflowing tokens are not returned for the setting you have chosen, i.e. sequence pairs with the 'longest_first' truncation strategy. So the returned list will always be empty even if some tokens have been removed.
Be aware, overflowing tokens are not returned for the setting you have chosen, i.e. sequence pairs with the 'longest_first' truncation strategy. So the returned list will always be empty even if some tokens have been removed.
Be aware, overflowing tokens are not returned for the setting you have chosen, i.e. sequence pairs with the 'longest_first' truncation strategy. So the returned list will always be empty even if some tokens have been removed.
Be aware, overflowing tokens are not returned for the setting you have chosen, i.e. sequence pairs with the 'longest_first' truncation strategy. So the returned list will always be empty even if some tokens have been removed.
Be aware, overflowing tokens are not returned for the setting you have chosen, i.e. sequence pairs with the 'longest_first' truncation strategy. So the returned list will always be empty even if some tokens have been removed.
Be aware, overflowing tokens are not returned for the setting you have chosen, i.e. sequence pairs with the 'longest_first' truncation strategy. So the returned list will always be empty even if some tokens have been removed.
Be aware, overflowing tokens are not returned for the setting you have chosen, i.e. sequence pairs with the 'longest_first' truncation strategy. So the returned list will always be empty even if some tokens have been removed.
Be aware, overflowing tokens are not returned for the setting you have chosen, i.e. sequence pairs with the 'longest_first' truncation strategy. So the returned list will always be empty even if some tokens have been removed.
Be aware, overflowing tokens are not returned for the setting you have chosen, i.e. sequence pairs with the 'longest_first' truncation strategy. So the returned list will always be empty even if some tokens have been removed.
Be aware, overflowing tokens are not returned for the setting you have chosen, i.e. sequence pairs with the 'longest_first' truncation strategy. So the returned list will always be empty even if some tokens have been removed.
Be aware, overflowing tokens are not returned for the setting you have chosen, i.e. sequence pairs with the 'longest_first' truncation strategy. So the returned list will always be empty even if some tokens have been removed.
Be aware, overflowing tokens are not returned for the setting you have chosen, i.e. sequence pairs with the 'longest_first' truncation strategy. So the returned list will always be empty even if some tokens have been removed.
Be aware, overflowing tokens are not returned for the setting you have chosen, i.e. sequence pairs with the 'longest_first' truncation strategy. So the returned list will always be empty even if some tokens have been removed.
Be aware, overflowing tokens are not returned for the setting you have chosen, i.e. sequence pairs with the 'longest_first' truncation strategy. So the returned list will always be empty even if some tokens have been removed.
Be aware, overflowing tokens are not returned for the setting you have chosen, i.e. sequence pairs with the 'longest_first' truncation strategy. So the returned list will always be empty even if some tokens have been removed.
Be aware, overflowing tokens are not returned for the setting you have chosen, i.e. sequence pairs with the 'longest_first' truncation strategy. So the returned list will always be empty even if some tokens have been removed.
Be aware, overflowing tokens are not returned for the setting you have chosen, i.e. sequence pairs with the 'longest_first' truncation strategy. So the returned list will always be empty even if some tokens have been removed.
Be aware, overflowing tokens are not returned for the setting you have chosen, i.e. sequence pairs with the 'longest_first' truncation strategy. So the returned list will always be empty even if some tokens have been removed.
Be aware, overflowing tokens are not returned for the setting you have chosen, i.e. sequence pairs with the 'longest_first' truncation strategy. So the returned list will always be empty even if some tokens have been removed.
Be aware, overflowing tokens are not returned for the setting you have chosen, i.e. sequence pairs with the 'longest_first' truncation strategy. So the returned list will always be empty even if some tokens have been removed.
Be aware, overflowing tokens are not returned for the setting you have chosen, i.e. sequence pairs with the 'longest_first' truncation strategy. So the returned list will always be empty even if some tokens have been removed.
Be aware, overflowing tokens are not returned for the setting you have chosen, i.e. sequence pairs with the 'longest_first' truncation strategy. So the returned list will always be empty even if some tokens have been removed.
Be aware, overflowing tokens are not returned for the setting you have chosen, i.e. sequence pairs with the 'longest_first' truncation strategy. So the returned list will always be empty even if some tokens have been removed.
Be aware, overflowing tokens are not returned for the setting you have chosen, i.e. sequence pairs with the 'longest_first' truncation strategy. So the returned list will always be empty even if some tokens have been removed.
Be aware, overflowing tokens are not returned for the setting you have chosen, i.e. sequence pairs with the 'longest_first' truncation strategy. So the returned list will always be empty even if some tokens have been removed.
Be aware, overflowing tokens are not returned for the setting you have chosen, i.e. sequence pairs with the 'longest_first' truncation strategy. So the returned list will always be empty even if some tokens have been removed.
Be aware, overflowing tokens are not returned for the setting you have chosen, i.e. sequence pairs with the 'longest_first' truncation strategy. So the returned list will always be empty even if some tokens have been removed.
Be aware, overflowing tokens are not returned for the setting you have chosen, i.e. sequence pairs with the 'longest_first' truncation strategy. So the returned list will always be empty even if some tokens have been removed.
Be aware, overflowing tokens are not returned for the setting you have chosen, i.e. sequence pairs with the 'longest_first' truncation strategy. So the returned list will always be empty even if some tokens have been removed.
Be aware, overflowing tokens are not returned for the setting you have chosen, i.e. sequence pairs with the 'longest_first' truncation strategy. So the returned list will always be empty even if some tokens have been removed.
Be aware, overflowing tokens are not returned for the setting you have chosen, i.e. sequence pairs with the 'longest_first' truncation strategy. So the returned list will always be empty even if some tokens have been removed.
Be aware, overflowing tokens are not returned for the setting you have chosen, i.e. sequence pairs with the 'longest_first' truncation strategy. So the returned list will always be empty even if some tokens have been removed.
Be aware, overflowing tokens are not returned for the setting you have chosen, i.e. sequence pairs with the 'longest_first' truncation strategy. So the returned list will always be empty even if some tokens have been removed.
Be aware, overflowing tokens are not returned for the setting you have chosen, i.e. sequence pairs with the 'longest_first' truncation strategy. So the returned list will always be empty even if some tokens have been removed.
Be aware, overflowing tokens are not returned for the setting you have chosen, i.e. sequence pairs with the 'longest_first' truncation strategy. So the returned list will always be empty even if some tokens have been removed.
Be aware, overflowing tokens are not returned for the setting you have chosen, i.e. sequence pairs with the 'longest_first' truncation strategy. So the returned list will always be empty even if some tokens have been removed.
Be aware, overflowing tokens are not returned for the setting you have chosen, i.e. sequence pairs with the 'longest_first' truncation strategy. So the returned list will always be empty even if some tokens have been removed.
Be aware, overflowing tokens are not returned for the setting you have chosen, i.e. sequence pairs with the 'longest_first' truncation strategy. So the returned list will always be empty even if some tokens have been removed.
Be aware, overflowing tokens are not returned for the setting you have chosen, i.e. sequence pairs with the 'longest_first' truncation strategy. So the returned list will always be empty even if some tokens have been removed.
Be aware, overflowing tokens are not returned for the setting you have chosen, i.e. sequence pairs with the 'longest_first' truncation strategy. So the returned list will always be empty even if some tokens have been removed.
Be aware, overflowing tokens are not returned for the setting you have chosen, i.e. sequence pairs with the 'longest_first' truncation strategy. So the returned list will always be empty even if some tokens have been removed.
Be aware, overflowing tokens are not returned for the setting you have chosen, i.e. sequence pairs with the 'longest_first' truncation strategy. So the returned list will always be empty even if some tokens have been removed.
Be aware, overflowing tokens are not returned for the setting you have chosen, i.e. sequence pairs with the 'longest_first' truncation strategy. So the returned list will always be empty even if some tokens have been removed.
Be aware, overflowing tokens are not returned for the setting you have chosen, i.e. sequence pairs with the 'longest_first' truncation strategy. So the returned list will always be empty even if some tokens have been removed.
Be aware, overflowing tokens are not returned for the setting you have chosen, i.e. sequence pairs with the 'longest_first' truncation strategy. So the returned list will always be empty even if some tokens have been removed.
Be aware, overflowing tokens are not returned for the setting you have chosen, i.e. sequence pairs with the 'longest_first' truncation strategy. So the returned list will always be empty even if some tokens have been removed.
Be aware, overflowing tokens are not returned for the setting you have chosen, i.e. sequence pairs with the 'longest_first' truncation strategy. So the returned list will always be empty even if some tokens have been removed.
Be aware, overflowing tokens are not returned for the setting you have chosen, i.e. sequence pairs with the 'longest_first' truncation strategy. So the returned list will always be empty even if some tokens have been removed.
Be aware, overflowing tokens are not returned for the setting you have chosen, i.e. sequence pairs with the 'longest_first' truncation strategy. So the returned list will always be empty even if some tokens have been removed.
Be aware, overflowing tokens are not returned for the setting you have chosen, i.e. sequence pairs with the 'longest_first' truncation strategy. So the returned list will always be empty even if some tokens have been removed.
Be aware, overflowing tokens are not returned for the setting you have chosen, i.e. sequence pairs with the 'longest_first' truncation strategy. So the returned list will always be empty even if some tokens have been removed.
Be aware, overflowing tokens are not returned for the setting you have chosen, i.e. sequence pairs with the 'longest_first' truncation strategy. So the returned list will always be empty even if some tokens have been removed.
Be aware, overflowing tokens are not returned for the setting you have chosen, i.e. sequence pairs with the 'longest_first' truncation strategy. So the returned list will always be empty even if some tokens have been removed.
Be aware, overflowing tokens are not returned for the setting you have chosen, i.e. sequence pairs with the 'longest_first' truncation strategy. So the returned list will always be empty even if some tokens have been removed.
Be aware, overflowing tokens are not returned for the setting you have chosen, i.e. sequence pairs with the 'longest_first' truncation strategy. So the returned list will always be empty even if some tokens have been removed.
Be aware, overflowing tokens are not returned for the setting you have chosen, i.e. sequence pairs with the 'longest_first' truncation strategy. So the returned list will always be empty even if some tokens have been removed.
Be aware, overflowing tokens are not returned for the setting you have chosen, i.e. sequence pairs with the 'longest_first' truncation strategy. So the returned list will always be empty even if some tokens have been removed.
Be aware, overflowing tokens are not returned for the setting you have chosen, i.e. sequence pairs with the 'longest_first' truncation strategy. So the returned list will always be empty even if some tokens have been removed.
Be aware, overflowing tokens are not returned for the setting you have chosen, i.e. sequence pairs with the 'longest_first' truncation strategy. So the returned list will always be empty even if some tokens have been removed.
Be aware, overflowing tokens are not returned for the setting you have chosen, i.e. sequence pairs with the 'longest_first' truncation strategy. So the returned list will always be empty even if some tokens have been removed.
Be aware, overflowing tokens are not returned for the setting you have chosen, i.e. sequence pairs with the 'longest_first' truncation strategy. So the returned list will always be empty even if some tokens have been removed.
Be aware, overflowing tokens are not returned for the setting you have chosen, i.e. sequence pairs with the 'longest_first' truncation strategy. So the returned list will always be empty even if some tokens have been removed.
Be aware, overflowing tokens are not returned for the setting you have chosen, i.e. sequence pairs with the 'longest_first' truncation strategy. So the returned list will always be empty even if some tokens have been removed.
Be aware, overflowing tokens are not returned for the setting you have chosen, i.e. sequence pairs with the 'longest_first' truncation strategy. So the returned list will always be empty even if some tokens have been removed.
Be aware, overflowing tokens are not returned for the setting you have chosen, i.e. sequence pairs with the 'longest_first' truncation strategy. So the returned list will always be empty even if some tokens have been removed.
Be aware, overflowing tokens are not returned for the setting you have chosen, i.e. sequence pairs with the 'longest_first' truncation strategy. So the returned list will always be empty even if some tokens have been removed.
Be aware, overflowing tokens are not returned for the setting you have chosen, i.e. sequence pairs with the 'longest_first' truncation strategy. So the returned list will always be empty even if some tokens have been removed.
Be aware, overflowing tokens are not returned for the setting you have chosen, i.e. sequence pairs with the 'longest_first' truncation strategy. So the returned list will always be empty even if some tokens have been removed.
Be aware, overflowing tokens are not returned for the setting you have chosen, i.e. sequence pairs with the 'longest_first' truncation strategy. So the returned list will always be empty even if some tokens have been removed.
Be aware, overflowing tokens are not returned for the setting you have chosen, i.e. sequence pairs with the 'longest_first' truncation strategy. So the returned list will always be empty even if some tokens have been removed.
Be aware, overflowing tokens are not returned for the setting you have chosen, i.e. sequence pairs with the 'longest_first' truncation strategy. So the returned list will always be empty even if some tokens have been removed.
Be aware, overflowing tokens are not returned for the setting you have chosen, i.e. sequence pairs with the 'longest_first' truncation strategy. So the returned list will always be empty even if some tokens have been removed.
Be aware, overflowing tokens are not returned for the setting you have chosen, i.e. sequence pairs with the 'longest_first' truncation strategy. So the returned list will always be empty even if some tokens have been removed.
Be aware, overflowing tokens are not returned for the setting you have chosen, i.e. sequence pairs with the 'longest_first' truncation strategy. So the returned list will always be empty even if some tokens have been removed.
Be aware, overflowing tokens are not returned for the setting you have chosen, i.e. sequence pairs with the 'longest_first' truncation strategy. So the returned list will always be empty even if some tokens have been removed.
Be aware, overflowing tokens are not returned for the setting you have chosen, i.e. sequence pairs with the 'longest_first' truncation strategy. So the returned list will always be empty even if some tokens have been removed.
Be aware, overflowing tokens are not returned for the setting you have chosen, i.e. sequence pairs with the 'longest_first' truncation strategy. So the returned list will always be empty even if some tokens have been removed.
Be aware, overflowing tokens are not returned for the setting you have chosen, i.e. sequence pairs with the 'longest_first' truncation strategy. So the returned list will always be empty even if some tokens have been removed.
Be aware, overflowing tokens are not returned for the setting you have chosen, i.e. sequence pairs with the 'longest_first' truncation strategy. So the returned list will always be empty even if some tokens have been removed.
Be aware, overflowing tokens are not returned for the setting you have chosen, i.e. sequence pairs with the 'longest_first' truncation strategy. So the returned list will always be empty even if some tokens have been removed.
Be aware, overflowing tokens are not returned for the setting you have chosen, i.e. sequence pairs with the 'longest_first' truncation strategy. So the returned list will always be empty even if some tokens have been removed.
Be aware, overflowing tokens are not returned for the setting you have chosen, i.e. sequence pairs with the 'longest_first' truncation strategy. So the returned list will always be empty even if some tokens have been removed.
Be aware, overflowing tokens are not returned for the setting you have chosen, i.e. sequence pairs with the 'longest_first' truncation strategy. So the returned list will always be empty even if some tokens have been removed.
Be aware, overflowing tokens are not returned for the setting you have chosen, i.e. sequence pairs with the 'longest_first' truncation strategy. So the returned list will always be empty even if some tokens have been removed.
Be aware, overflowing tokens are not returned for the setting you have chosen, i.e. sequence pairs with the 'longest_first' truncation strategy. So the returned list will always be empty even if some tokens have been removed.
Be aware, overflowing tokens are not returned for the setting you have chosen, i.e. sequence pairs with the 'longest_first' truncation strategy. So the returned list will always be empty even if some tokens have been removed.
Be aware, overflowing tokens are not returned for the setting you have chosen, i.e. sequence pairs with the 'longest_first' truncation strategy. So the returned list will always be empty even if some tokens have been removed.
Be aware, overflowing tokens are not returned for the setting you have chosen, i.e. sequence pairs with the 'longest_first' truncation strategy. So the returned list will always be empty even if some tokens have been removed.
Be aware, overflowing tokens are not returned for the setting you have chosen, i.e. sequence pairs with the 'longest_first' truncation strategy. So the returned list will always be empty even if some tokens have been removed.
Be aware, overflowing tokens are not returned for the setting you have chosen, i.e. sequence pairs with the 'longest_first' truncation strategy. So the returned list will always be empty even if some tokens have been removed.
Be aware, overflowing tokens are not returned for the setting you have chosen, i.e. sequence pairs with the 'longest_first' truncation strategy. So the returned list will always be empty even if some tokens have been removed.
Be aware, overflowing tokens are not returned for the setting you have chosen, i.e. sequence pairs with the 'longest_first' truncation strategy. So the returned list will always be empty even if some tokens have been removed.
Be aware, overflowing tokens are not returned for the setting you have chosen, i.e. sequence pairs with the 'longest_first' truncation strategy. So the returned list will always be empty even if some tokens have been removed.
Be aware, overflowing tokens are not returned for the setting you have chosen, i.e. sequence pairs with the 'longest_first' truncation strategy. So the returned list will always be empty even if some tokens have been removed.
Be aware, overflowing tokens are not returned for the setting you have chosen, i.e. sequence pairs with the 'longest_first' truncation strategy. So the returned list will always be empty even if some tokens have been removed.
Be aware, overflowing tokens are not returned for the setting you have chosen, i.e. sequence pairs with the 'longest_first' truncation strategy. So the returned list will always be empty even if some tokens have been removed.
Be aware, overflowing tokens are not returned for the setting you have chosen, i.e. sequence pairs with the 'longest_first' truncation strategy. So the returned list will always be empty even if some tokens have been removed.
Be aware, overflowing tokens are not returned for the setting you have chosen, i.e. sequence pairs with the 'longest_first' truncation strategy. So the returned list will always be empty even if some tokens have been removed.
Be aware, overflowing tokens are not returned for the setting you have chosen, i.e. sequence pairs with the 'longest_first' truncation strategy. So the returned list will always be empty even if some tokens have been removed.
Be aware, overflowing tokens are not returned for the setting you have chosen, i.e. sequence pairs with the 'longest_first' truncation strategy. So the returned list will always be empty even if some tokens have been removed.
Be aware, overflowing tokens are not returned for the setting you have chosen, i.e. sequence pairs with the 'longest_first' truncation strategy. So the returned list will always be empty even if some tokens have been removed.
Be aware, overflowing tokens are not returned for the setting you have chosen, i.e. sequence pairs with the 'longest_first' truncation strategy. So the returned list will always be empty even if some tokens have been removed.
Be aware, overflowing tokens are not returned for the setting you have chosen, i.e. sequence pairs with the 'longest_first' truncation strategy. So the returned list will always be empty even if some tokens have been removed.
Be aware, overflowing tokens are not returned for the setting you have chosen, i.e. sequence pairs with the 'longest_first' truncation strategy. So the returned list will always be empty even if some tokens have been removed.
Be aware, overflowing tokens are not returned for the setting you have chosen, i.e. sequence pairs with the 'longest_first' truncation strategy. So the returned list will always be empty even if some tokens have been removed.
Be aware, overflowing tokens are not returned for the setting you have chosen, i.e. sequence pairs with the 'longest_first' truncation strategy. So the returned list will always be empty even if some tokens have been removed.
Be aware, overflowing tokens are not returned for the setting you have chosen, i.e. sequence pairs with the 'longest_first' truncation strategy. So the returned list will always be empty even if some tokens have been removed.
Be aware, overflowing tokens are not returned for the setting you have chosen, i.e. sequence pairs with the 'longest_first' truncation strategy. So the returned list will always be empty even if some tokens have been removed.
Be aware, overflowing tokens are not returned for the setting you have chosen, i.e. sequence pairs with the 'longest_first' truncation strategy. So the returned list will always be empty even if some tokens have been removed.
Be aware, overflowing tokens are not returned for the setting you have chosen, i.e. sequence pairs with the 'longest_first' truncation strategy. So the returned list will always be empty even if some tokens have been removed.
Be aware, overflowing tokens are not returned for the setting you have chosen, i.e. sequence pairs with the 'longest_first' truncation strategy. So the returned list will always be empty even if some tokens have been removed.
Be aware, overflowing tokens are not returned for the setting you have chosen, i.e. sequence pairs with the 'longest_first' truncation strategy. So the returned list will always be empty even if some tokens have been removed.
Be aware, overflowing tokens are not returned for the setting you have chosen, i.e. sequence pairs with the 'longest_first' truncation strategy. So the returned list will always be empty even if some tokens have been removed.
Be aware, overflowing tokens are not returned for the setting you have chosen, i.e. sequence pairs with the 'longest_first' truncation strategy. So the returned list will always be empty even if some tokens have been removed.
Be aware, overflowing tokens are not returned for the setting you have chosen, i.e. sequence pairs with the 'longest_first' truncation strategy. So the returned list will always be empty even if some tokens have been removed.
Be aware, overflowing tokens are not returned for the setting you have chosen, i.e. sequence pairs with the 'longest_first' truncation strategy. So the returned list will always be empty even if some tokens have been removed.
Be aware, overflowing tokens are not returned for the setting you have chosen, i.e. sequence pairs with the 'longest_first' truncation strategy. So the returned list will always be empty even if some tokens have been removed.
Be aware, overflowing tokens are not returned for the setting you have chosen, i.e. sequence pairs with the 'longest_first' truncation strategy. So the returned list will always be empty even if some tokens have been removed.
Be aware, overflowing tokens are not returned for the setting you have chosen, i.e. sequence pairs with the 'longest_first' truncation strategy. So the returned list will always be empty even if some tokens have been removed.
Be aware, overflowing tokens are not returned for the setting you have chosen, i.e. sequence pairs with the 'longest_first' truncation strategy. So the returned list will always be empty even if some tokens have been removed.
Be aware, overflowing tokens are not returned for the setting you have chosen, i.e. sequence pairs with the 'longest_first' truncation strategy. So the returned list will always be empty even if some tokens have been removed.
Be aware, overflowing tokens are not returned for the setting you have chosen, i.e. sequence pairs with the 'longest_first' truncation strategy. So the returned list will always be empty even if some tokens have been removed.
Be aware, overflowing tokens are not returned for the setting you have chosen, i.e. sequence pairs with the 'longest_first' truncation strategy. So the returned list will always be empty even if some tokens have been removed.
Be aware, overflowing tokens are not returned for the setting you have chosen, i.e. sequence pairs with the 'longest_first' truncation strategy. So the returned list will always be empty even if some tokens have been removed.
Be aware, overflowing tokens are not returned for the setting you have chosen, i.e. sequence pairs with the 'longest_first' truncation strategy. So the returned list will always be empty even if some tokens have been removed.
Be aware, overflowing tokens are not returned for the setting you have chosen, i.e. sequence pairs with the 'longest_first' truncation strategy. So the returned list will always be empty even if some tokens have been removed.
Be aware, overflowing tokens are not returned for the setting you have chosen, i.e. sequence pairs with the 'longest_first' truncation strategy. So the returned list will always be empty even if some tokens have been removed.
Be aware, overflowing tokens are not returned for the setting you have chosen, i.e. sequence pairs with the 'longest_first' truncation strategy. So the returned list will always be empty even if some tokens have been removed.
Be aware, overflowing tokens are not returned for the setting you have chosen, i.e. sequence pairs with the 'longest_first' truncation strategy. So the returned list will always be empty even if some tokens have been removed.
Be aware, overflowing tokens are not returned for the setting you have chosen, i.e. sequence pairs with the 'longest_first' truncation strategy. So the returned list will always be empty even if some tokens have been removed.
Be aware, overflowing tokens are not returned for the setting you have chosen, i.e. sequence pairs with the 'longest_first' truncation strategy. So the returned list will always be empty even if some tokens have been removed.
Be aware, overflowing tokens are not returned for the setting you have chosen, i.e. sequence pairs with the 'longest_first' truncation strategy. So the returned list will always be empty even if some tokens have been removed.
Be aware, overflowing tokens are not returned for the setting you have chosen, i.e. sequence pairs with the 'longest_first' truncation strategy. So the returned list will always be empty even if some tokens have been removed.
Be aware, overflowing tokens are not returned for the setting you have chosen, i.e. sequence pairs with the 'longest_first' truncation strategy. So the returned list will always be empty even if some tokens have been removed.
Be aware, overflowing tokens are not returned for the setting you have chosen, i.e. sequence pairs with the 'longest_first' truncation strategy. So the returned list will always be empty even if some tokens have been removed.
Be aware, overflowing tokens are not returned for the setting you have chosen, i.e. sequence pairs with the 'longest_first' truncation strategy. So the returned list will always be empty even if some tokens have been removed.
Be aware, overflowing tokens are not returned for the setting you have chosen, i.e. sequence pairs with the 'longest_first' truncation strategy. So the returned list will always be empty even if some tokens have been removed.
Be aware, overflowing tokens are not returned for the setting you have chosen, i.e. sequence pairs with the 'longest_first' truncation strategy. So the returned list will always be empty even if some tokens have been removed.
Be aware, overflowing tokens are not returned for the setting you have chosen, i.e. sequence pairs with the 'longest_first' truncation strategy. So the returned list will always be empty even if some tokens have been removed.
Be aware, overflowing tokens are not returned for the setting you have chosen, i.e. sequence pairs with the 'longest_first' truncation strategy. So the returned list will always be empty even if some tokens have been removed.
Be aware, overflowing tokens are not returned for the setting you have chosen, i.e. sequence pairs with the 'longest_first' truncation strategy. So the returned list will always be empty even if some tokens have been removed.
Be aware, overflowing tokens are not returned for the setting you have chosen, i.e. sequence pairs with the 'longest_first' truncation strategy. So the returned list will always be empty even if some tokens have been removed.
Be aware, overflowing tokens are not returned for the setting you have chosen, i.e. sequence pairs with the 'longest_first' truncation strategy. So the returned list will always be empty even if some tokens have been removed.
Be aware, overflowing tokens are not returned for the setting you have chosen, i.e. sequence pairs with the 'longest_first' truncation strategy. So the returned list will always be empty even if some tokens have been removed.
Be aware, overflowing tokens are not returned for the setting you have chosen, i.e. sequence pairs with the 'longest_first' truncation strategy. So the returned list will always be empty even if some tokens have been removed.
Be aware, overflowing tokens are not returned for the setting you have chosen, i.e. sequence pairs with the 'longest_first' truncation strategy. So the returned list will always be empty even if some tokens have been removed.
Be aware, overflowing tokens are not returned for the setting you have chosen, i.e. sequence pairs with the 'longest_first' truncation strategy. So the returned list will always be empty even if some tokens have been removed.
Be aware, overflowing tokens are not returned for the setting you have chosen, i.e. sequence pairs with the 'longest_first' truncation strategy. So the returned list will always be empty even if some tokens have been removed.
Be aware, overflowing tokens are not returned for the setting you have chosen, i.e. sequence pairs with the 'longest_first' truncation strategy. So the returned list will always be empty even if some tokens have been removed.
Be aware, overflowing tokens are not returned for the setting you have chosen, i.e. sequence pairs with the 'longest_first' truncation strategy. So the returned list will always be empty even if some tokens have been removed.
Be aware, overflowing tokens are not returned for the setting you have chosen, i.e. sequence pairs with the 'longest_first' truncation strategy. So the returned list will always be empty even if some tokens have been removed.
Be aware, overflowing tokens are not returned for the setting you have chosen, i.e. sequence pairs with the 'longest_first' truncation strategy. So the returned list will always be empty even if some tokens have been removed.
Be aware, overflowing tokens are not returned for the setting you have chosen, i.e. sequence pairs with the 'longest_first' truncation strategy. So the returned list will always be empty even if some tokens have been removed.
Be aware, overflowing tokens are not returned for the setting you have chosen, i.e. sequence pairs with the 'longest_first' truncation strategy. So the returned list will always be empty even if some tokens have been removed.
Be aware, overflowing tokens are not returned for the setting you have chosen, i.e. sequence pairs with the 'longest_first' truncation strategy. So the returned list will always be empty even if some tokens have been removed.
Be aware, overflowing tokens are not returned for the setting you have chosen, i.e. sequence pairs with the 'longest_first' truncation strategy. So the returned list will always be empty even if some tokens have been removed.
Be aware, overflowing tokens are not returned for the setting you have chosen, i.e. sequence pairs with the 'longest_first' truncation strategy. So the returned list will always be empty even if some tokens have been removed.
Be aware, overflowing tokens are not returned for the setting you have chosen, i.e. sequence pairs with the 'longest_first' truncation strategy. So the returned list will always be empty even if some tokens have been removed.
Be aware, overflowing tokens are not returned for the setting you have chosen, i.e. sequence pairs with the 'longest_first' truncation strategy. So the returned list will always be empty even if some tokens have been removed.
Be aware, overflowing tokens are not returned for the setting you have chosen, i.e. sequence pairs with the 'longest_first' truncation strategy. So the returned list will always be empty even if some tokens have been removed.
Be aware, overflowing tokens are not returned for the setting you have chosen, i.e. sequence pairs with the 'longest_first' truncation strategy. So the returned list will always be empty even if some tokens have been removed.
Be aware, overflowing tokens are not returned for the setting you have chosen, i.e. sequence pairs with the 'longest_first' truncation strategy. So the returned list will always be empty even if some tokens have been removed.
Be aware, overflowing tokens are not returned for the setting you have chosen, i.e. sequence pairs with the 'longest_first' truncation strategy. So the returned list will always be empty even if some tokens have been removed.
Be aware, overflowing tokens are not returned for the setting you have chosen, i.e. sequence pairs with the 'longest_first' truncation strategy. So the returned list will always be empty even if some tokens have been removed.
Be aware, overflowing tokens are not returned for the setting you have chosen, i.e. sequence pairs with the 'longest_first' truncation strategy. So the returned list will always be empty even if some tokens have been removed.
Be aware, overflowing tokens are not returned for the setting you have chosen, i.e. sequence pairs with the 'longest_first' truncation strategy. So the returned list will always be empty even if some tokens have been removed.
Be aware, overflowing tokens are not returned for the setting you have chosen, i.e. sequence pairs with the 'longest_first' truncation strategy. So the returned list will always be empty even if some tokens have been removed.
Be aware, overflowing tokens are not returned for the setting you have chosen, i.e. sequence pairs with the 'longest_first' truncation strategy. So the returned list will always be empty even if some tokens have been removed.
Be aware, overflowing tokens are not returned for the setting you have chosen, i.e. sequence pairs with the 'longest_first' truncation strategy. So the returned list will always be empty even if some tokens have been removed.
Be aware, overflowing tokens are not returned for the setting you have chosen, i.e. sequence pairs with the 'longest_first' truncation strategy. So the returned list will always be empty even if some tokens have been removed.
Be aware, overflowing tokens are not returned for the setting you have chosen, i.e. sequence pairs with the 'longest_first' truncation strategy. So the returned list will always be empty even if some tokens have been removed.
Be aware, overflowing tokens are not returned for the setting you have chosen, i.e. sequence pairs with the 'longest_first' truncation strategy. So the returned list will always be empty even if some tokens have been removed.
Be aware, overflowing tokens are not returned for the setting you have chosen, i.e. sequence pairs with the 'longest_first' truncation strategy. So the returned list will always be empty even if some tokens have been removed.
Be aware, overflowing tokens are not returned for the setting you have chosen, i.e. sequence pairs with the 'longest_first' truncation strategy. So the returned list will always be empty even if some tokens have been removed.
Be aware, overflowing tokens are not returned for the setting you have chosen, i.e. sequence pairs with the 'longest_first' truncation strategy. So the returned list will always be empty even if some tokens have been removed.
Be aware, overflowing tokens are not returned for the setting you have chosen, i.e. sequence pairs with the 'longest_first' truncation strategy. So the returned list will always be empty even if some tokens have been removed.
Be aware, overflowing tokens are not returned for the setting you have chosen, i.e. sequence pairs with the 'longest_first' truncation strategy. So the returned list will always be empty even if some tokens have been removed.
Be aware, overflowing tokens are not returned for the setting you have chosen, i.e. sequence pairs with the 'longest_first' truncation strategy. So the returned list will always be empty even if some tokens have been removed.
Be aware, overflowing tokens are not returned for the setting you have chosen, i.e. sequence pairs with the 'longest_first' truncation strategy. So the returned list will always be empty even if some tokens have been removed.
Be aware, overflowing tokens are not returned for the setting you have chosen, i.e. sequence pairs with the 'longest_first' truncation strategy. So the returned list will always be empty even if some tokens have been removed.
Be aware, overflowing tokens are not returned for the setting you have chosen, i.e. sequence pairs with the 'longest_first' truncation strategy. So the returned list will always be empty even if some tokens have been removed.
Be aware, overflowing tokens are not returned for the setting you have chosen, i.e. sequence pairs with the 'longest_first' truncation strategy. So the returned list will always be empty even if some tokens have been removed.
Be aware, overflowing tokens are not returned for the setting you have chosen, i.e. sequence pairs with the 'longest_first' truncation strategy. So the returned list will always be empty even if some tokens have been removed.
Be aware, overflowing tokens are not returned for the setting you have chosen, i.e. sequence pairs with the 'longest_first' truncation strategy. So the returned list will always be empty even if some tokens have been removed.
Be aware, overflowing tokens are not returned for the setting you have chosen, i.e. sequence pairs with the 'longest_first' truncation strategy. So the returned list will always be empty even if some tokens have been removed.
Be aware, overflowing tokens are not returned for the setting you have chosen, i.e. sequence pairs with the 'longest_first' truncation strategy. So the returned list will always be empty even if some tokens have been removed.
Be aware, overflowing tokens are not returned for the setting you have chosen, i.e. sequence pairs with the 'longest_first' truncation strategy. So the returned list will always be empty even if some tokens have been removed.
Be aware, overflowing tokens are not returned for the setting you have chosen, i.e. sequence pairs with the 'longest_first' truncation strategy. So the returned list will always be empty even if some tokens have been removed.
Be aware, overflowing tokens are not returned for the setting you have chosen, i.e. sequence pairs with the 'longest_first' truncation strategy. So the returned list will always be empty even if some tokens have been removed.
Be aware, overflowing tokens are not returned for the setting you have chosen, i.e. sequence pairs with the 'longest_first' truncation strategy. So the returned list will always be empty even if some tokens have been removed.
Be aware, overflowing tokens are not returned for the setting you have chosen, i.e. sequence pairs with the 'longest_first' truncation strategy. So the returned list will always be empty even if some tokens have been removed.
Be aware, overflowing tokens are not returned for the setting you have chosen, i.e. sequence pairs with the 'longest_first' truncation strategy. So the returned list will always be empty even if some tokens have been removed.
Be aware, overflowing tokens are not returned for the setting you have chosen, i.e. sequence pairs with the 'longest_first' truncation strategy. So the returned list will always be empty even if some tokens have been removed.
Be aware, overflowing tokens are not returned for the setting you have chosen, i.e. sequence pairs with the 'longest_first' truncation strategy. So the returned list will always be empty even if some tokens have been removed.
Be aware, overflowing tokens are not returned for the setting you have chosen, i.e. sequence pairs with the 'longest_first' truncation strategy. So the returned list will always be empty even if some tokens have been removed.
Be aware, overflowing tokens are not returned for the setting you have chosen, i.e. sequence pairs with the 'longest_first' truncation strategy. So the returned list will always be empty even if some tokens have been removed.
Be aware, overflowing tokens are not returned for the setting you have chosen, i.e. sequence pairs with the 'longest_first' truncation strategy. So the returned list will always be empty even if some tokens have been removed.
Be aware, overflowing tokens are not returned for the setting you have chosen, i.e. sequence pairs with the 'longest_first' truncation strategy. So the returned list will always be empty even if some tokens have been removed.
Be aware, overflowing tokens are not returned for the setting you have chosen, i.e. sequence pairs with the 'longest_first' truncation strategy. So the returned list will always be empty even if some tokens have been removed.
Be aware, overflowing tokens are not returned for the setting you have chosen, i.e. sequence pairs with the 'longest_first' truncation strategy. So the returned list will always be empty even if some tokens have been removed.
Be aware, overflowing tokens are not returned for the setting you have chosen, i.e. sequence pairs with the 'longest_first' truncation strategy. So the returned list will always be empty even if some tokens have been removed.
Be aware, overflowing tokens are not returned for the setting you have chosen, i.e. sequence pairs with the 'longest_first' truncation strategy. So the returned list will always be empty even if some tokens have been removed.
Be aware, overflowing tokens are not returned for the setting you have chosen, i.e. sequence pairs with the 'longest_first' truncation strategy. So the returned list will always be empty even if some tokens have been removed.
Be aware, overflowing tokens are not returned for the setting you have chosen, i.e. sequence pairs with the 'longest_first' truncation strategy. So the returned list will always be empty even if some tokens have been removed.
Be aware, overflowing tokens are not returned for the setting you have chosen, i.e. sequence pairs with the 'longest_first' truncation strategy. So the returned list will always be empty even if some tokens have been removed.
Be aware, overflowing tokens are not returned for the setting you have chosen, i.e. sequence pairs with the 'longest_first' truncation strategy. So the returned list will always be empty even if some tokens have been removed.
Be aware, overflowing tokens are not returned for the setting you have chosen, i.e. sequence pairs with the 'longest_first' truncation strategy. So the returned list will always be empty even if some tokens have been removed.
Be aware, overflowing tokens are not returned for the setting you have chosen, i.e. sequence pairs with the 'longest_first' truncation strategy. So the returned list will always be empty even if some tokens have been removed.
Be aware, overflowing tokens are not returned for the setting you have chosen, i.e. sequence pairs with the 'longest_first' truncation strategy. So the returned list will always be empty even if some tokens have been removed.
Be aware, overflowing tokens are not returned for the setting you have chosen, i.e. sequence pairs with the 'longest_first' truncation strategy. So the returned list will always be empty even if some tokens have been removed.
Be aware, overflowing tokens are not returned for the setting you have chosen, i.e. sequence pairs with the 'longest_first' truncation strategy. So the returned list will always be empty even if some tokens have been removed.
Be aware, overflowing tokens are not returned for the setting you have chosen, i.e. sequence pairs with the 'longest_first' truncation strategy. So the returned list will always be empty even if some tokens have been removed.
Be aware, overflowing tokens are not returned for the setting you have chosen, i.e. sequence pairs with the 'longest_first' truncation strategy. So the returned list will always be empty even if some tokens have been removed.
Be aware, overflowing tokens are not returned for the setting you have chosen, i.e. sequence pairs with the 'longest_first' truncation strategy. So the returned list will always be empty even if some tokens have been removed.
Be aware, overflowing tokens are not returned for the setting you have chosen, i.e. sequence pairs with the 'longest_first' truncation strategy. So the returned list will always be empty even if some tokens have been removed.
Be aware, overflowing tokens are not returned for the setting you have chosen, i.e. sequence pairs with the 'longest_first' truncation strategy. So the returned list will always be empty even if some tokens have been removed.
Be aware, overflowing tokens are not returned for the setting you have chosen, i.e. sequence pairs with the 'longest_first' truncation strategy. So the returned list will always be empty even if some tokens have been removed.
Be aware, overflowing tokens are not returned for the setting you have chosen, i.e. sequence pairs with the 'longest_first' truncation strategy. So the returned list will always be empty even if some tokens have been removed.
Be aware, overflowing tokens are not returned for the setting you have chosen, i.e. sequence pairs with the 'longest_first' truncation strategy. So the returned list will always be empty even if some tokens have been removed.
Be aware, overflowing tokens are not returned for the setting you have chosen, i.e. sequence pairs with the 'longest_first' truncation strategy. So the returned list will always be empty even if some tokens have been removed.
Be aware, overflowing tokens are not returned for the setting you have chosen, i.e. sequence pairs with the 'longest_first' truncation strategy. So the returned list will always be empty even if some tokens have been removed.
Be aware, overflowing tokens are not returned for the setting you have chosen, i.e. sequence pairs with the 'longest_first' truncation strategy. So the returned list will always be empty even if some tokens have been removed.
Be aware, overflowing tokens are not returned for the setting you have chosen, i.e. sequence pairs with the 'longest_first' truncation strategy. So the returned list will always be empty even if some tokens have been removed.
Be aware, overflowing tokens are not returned for the setting you have chosen, i.e. sequence pairs with the 'longest_first' truncation strategy. So the returned list will always be empty even if some tokens have been removed.
Be aware, overflowing tokens are not returned for the setting you have chosen, i.e. sequence pairs with the 'longest_first' truncation strategy. So the returned list will always be empty even if some tokens have been removed.
Be aware, overflowing tokens are not returned for the setting you have chosen, i.e. sequence pairs with the 'longest_first' truncation strategy. So the returned list will always be empty even if some tokens have been removed.
Be aware, overflowing tokens are not returned for the setting you have chosen, i.e. sequence pairs with the 'longest_first' truncation strategy. So the returned list will always be empty even if some tokens have been removed.
Be aware, overflowing tokens are not returned for the setting you have chosen, i.e. sequence pairs with the 'longest_first' truncation strategy. So the returned list will always be empty even if some tokens have been removed.
Be aware, overflowing tokens are not returned for the setting you have chosen, i.e. sequence pairs with the 'longest_first' truncation strategy. So the returned list will always be empty even if some tokens have been removed.
Be aware, overflowing tokens are not returned for the setting you have chosen, i.e. sequence pairs with the 'longest_first' truncation strategy. So the returned list will always be empty even if some tokens have been removed.
Be aware, overflowing tokens are not returned for the setting you have chosen, i.e. sequence pairs with the 'longest_first' truncation strategy. So the returned list will always be empty even if some tokens have been removed.
Be aware, overflowing tokens are not returned for the setting you have chosen, i.e. sequence pairs with the 'longest_first' truncation strategy. So the returned list will always be empty even if some tokens have been removed.
Be aware, overflowing tokens are not returned for the setting you have chosen, i.e. sequence pairs with the 'longest_first' truncation strategy. So the returned list will always be empty even if some tokens have been removed.
Be aware, overflowing tokens are not returned for the setting you have chosen, i.e. sequence pairs with the 'longest_first' truncation strategy. So the returned list will always be empty even if some tokens have been removed.
Be aware, overflowing tokens are not returned for the setting you have chosen, i.e. sequence pairs with the 'longest_first' truncation strategy. So the returned list will always be empty even if some tokens have been removed.
Be aware, overflowing tokens are not returned for the setting you have chosen, i.e. sequence pairs with the 'longest_first' truncation strategy. So the returned list will always be empty even if some tokens have been removed.
Be aware, overflowing tokens are not returned for the setting you have chosen, i.e. sequence pairs with the 'longest_first' truncation strategy. So the returned list will always be empty even if some tokens have been removed.
Be aware, overflowing tokens are not returned for the setting you have chosen, i.e. sequence pairs with the 'longest_first' truncation strategy. So the returned list will always be empty even if some tokens have been removed.
Be aware, overflowing tokens are not returned for the setting you have chosen, i.e. sequence pairs with the 'longest_first' truncation strategy. So the returned list will always be empty even if some tokens have been removed.
Be aware, overflowing tokens are not returned for the setting you have chosen, i.e. sequence pairs with the 'longest_first' truncation strategy. So the returned list will always be empty even if some tokens have been removed.
Be aware, overflowing tokens are not returned for the setting you have chosen, i.e. sequence pairs with the 'longest_first' truncation strategy. So the returned list will always be empty even if some tokens have been removed.
Be aware, overflowing tokens are not returned for the setting you have chosen, i.e. sequence pairs with the 'longest_first' truncation strategy. So the returned list will always be empty even if some tokens have been removed.
Be aware, overflowing tokens are not returned for the setting you have chosen, i.e. sequence pairs with the 'longest_first' truncation strategy. So the returned list will always be empty even if some tokens have been removed.
Be aware, overflowing tokens are not returned for the setting you have chosen, i.e. sequence pairs with the 'longest_first' truncation strategy. So the returned list will always be empty even if some tokens have been removed.
Be aware, overflowing tokens are not returned for the setting you have chosen, i.e. sequence pairs with the 'longest_first' truncation strategy. So the returned list will always be empty even if some tokens have been removed.
Be aware, overflowing tokens are not returned for the setting you have chosen, i.e. sequence pairs with the 'longest_first' truncation strategy. So the returned list will always be empty even if some tokens have been removed.
Be aware, overflowing tokens are not returned for the setting you have chosen, i.e. sequence pairs with the 'longest_first' truncation strategy. So the returned list will always be empty even if some tokens have been removed.
Be aware, overflowing tokens are not returned for the setting you have chosen, i.e. sequence pairs with the 'longest_first' truncation strategy. So the returned list will always be empty even if some tokens have been removed.
Be aware, overflowing tokens are not returned for the setting you have chosen, i.e. sequence pairs with the 'longest_first' truncation strategy. So the returned list will always be empty even if some tokens have been removed.
Be aware, overflowing tokens are not returned for the setting you have chosen, i.e. sequence pairs with the 'longest_first' truncation strategy. So the returned list will always be empty even if some tokens have been removed.
Be aware, overflowing tokens are not returned for the setting you have chosen, i.e. sequence pairs with the 'longest_first' truncation strategy. So the returned list will always be empty even if some tokens have been removed.
Be aware, overflowing tokens are not returned for the setting you have chosen, i.e. sequence pairs with the 'longest_first' truncation strategy. So the returned list will always be empty even if some tokens have been removed.
Be aware, overflowing tokens are not returned for the setting you have chosen, i.e. sequence pairs with the 'longest_first' truncation strategy. So the returned list will always be empty even if some tokens have been removed.
Be aware, overflowing tokens are not returned for the setting you have chosen, i.e. sequence pairs with the 'longest_first' truncation strategy. So the returned list will always be empty even if some tokens have been removed.
Be aware, overflowing tokens are not returned for the setting you have chosen, i.e. sequence pairs with the 'longest_first' truncation strategy. So the returned list will always be empty even if some tokens have been removed.
Be aware, overflowing tokens are not returned for the setting you have chosen, i.e. sequence pairs with the 'longest_first' truncation strategy. So the returned list will always be empty even if some tokens have been removed.
Be aware, overflowing tokens are not returned for the setting you have chosen, i.e. sequence pairs with the 'longest_first' truncation strategy. So the returned list will always be empty even if some tokens have been removed.
Be aware, overflowing tokens are not returned for the setting you have chosen, i.e. sequence pairs with the 'longest_first' truncation strategy. So the returned list will always be empty even if some tokens have been removed.
Be aware, overflowing tokens are not returned for the setting you have chosen, i.e. sequence pairs with the 'longest_first' truncation strategy. So the returned list will always be empty even if some tokens have been removed.
Be aware, overflowing tokens are not returned for the setting you have chosen, i.e. sequence pairs with the 'longest_first' truncation strategy. So the returned list will always be empty even if some tokens have been removed.
Be aware, overflowing tokens are not returned for the setting you have chosen, i.e. sequence pairs with the 'longest_first' truncation strategy. So the returned list will always be empty even if some tokens have been removed.
Be aware, overflowing tokens are not returned for the setting you have chosen, i.e. sequence pairs with the 'longest_first' truncation strategy. So the returned list will always be empty even if some tokens have been removed.
Be aware, overflowing tokens are not returned for the setting you have chosen, i.e. sequence pairs with the 'longest_first' truncation strategy. So the returned list will always be empty even if some tokens have been removed.
Be aware, overflowing tokens are not returned for the setting you have chosen, i.e. sequence pairs with the 'longest_first' truncation strategy. So the returned list will always be empty even if some tokens have been removed.
Be aware, overflowing tokens are not returned for the setting you have chosen, i.e. sequence pairs with the 'longest_first' truncation strategy. So the returned list will always be empty even if some tokens have been removed.
Be aware, overflowing tokens are not returned for the setting you have chosen, i.e. sequence pairs with the 'longest_first' truncation strategy. So the returned list will always be empty even if some tokens have been removed.
Be aware, overflowing tokens are not returned for the setting you have chosen, i.e. sequence pairs with the 'longest_first' truncation strategy. So the returned list will always be empty even if some tokens have been removed.
Be aware, overflowing tokens are not returned for the setting you have chosen, i.e. sequence pairs with the 'longest_first' truncation strategy. So the returned list will always be empty even if some tokens have been removed.
[33;20m2026-06-15 19:13:02,492 (base_translator:144) WARNING: Cannot access train label distribution for splitter, split dataset without considering train label.[0m
/Users/vliftode/personal/scalable-learning/code/harness/rolora-supplement/RoLoRA-code/.venv-supplement/lib/python3.9/site-packages/huggingface_hub/file_download.py:949: FutureWarning: `resume_download` is deprecated and will be removed in version 1.0.0. Downloads always resume when possible. If you want to force a new download, use `force_download=True`.
  warnings.warn(
[33;20m2026-06-15 19:13:29,726 (cfg_fl_setting:180) WARNING: Users specify both valid sample_client_rate as 1.0 and sample_client_num as 50.
		We will use the sample_client_rate value to calculate the actual number of participated clients as 50.[0m
[33;20m2026-06-15 19:13:29,726 (cfg_fl_setting:180) WARNING: Users specify both valid sample_client_rate as 1.0 and sample_client_num as 50.
		We will use the sample_client_rate value to calculate the actual number of participated clients as 50.[0m
[38;5;39m2026-06-15 19:13:29,741 (config:243) INFO: the used configs are: 
adapter:
  use: False
aggregator:
  BFT_args:
    
  byzantine_node_num: 0
  inside_weight: 1.0
  num_agg_groups: 1
  num_agg_topk: []
  outside_weight: 0.0
  robust_rule: fedavg
asyn:
  use: False
attack:
  alpha_TV: 0.001
  alpha_prop_loss: 0
  attack_method: 
  attacker_id: -1
  classifier_PIA: randomforest
  edge_num: 100
  edge_path: edge_data/
  freq: 10
  info_diff_type: l2
  inject_round: 0
  insert_round: 100000
  label_type: dirty
  max_ite: 400
  mean: [0.9637]
  mia_is_simulate_in: False
  mia_simulate_in_round: 20
  pgd_eps: 2
  pgd_lr: 0.1
  pgd_poisoning: False
  poison_ratio: 0.5
  reconstruct_lr: 0.01
  reconstruct_optim: Adam
  scale_para: 1.0
  scale_poisoning: False
  self_epoch: 6
  self_lr: 0.05
  self_opt: False
  setting: fix
  std: [0.1592]
  target_label_ind: -1
  trigger_path: trigger/
  trigger_type: edge
backend: torch
cfg_file: 
check_completeness: False
criterion:
  type: CrossEntropyLoss
data:
  args: []
  batch_size: 64
  cSBM_phi: [0.5, 0.5, 0.5]
  cache_dir: 
  consistent_label_distribution: True
  drop_last: False
  file_path: 
  hetero_data_name: []
  hetero_synth_batch_size: 32
  hetero_synth_feat_dim: 128
  hetero_synth_prim_weight: 0.5
  is_debug: False
  loader: 
  max_query_len: 128
  max_seq_len: 384
  max_tgt_len: 128
  num_contrast: 0
  num_of_client_for_data: []
  num_steps: 30
  num_workers: 0
  pre_transform: []
  quadratic:
    dim: 1
    max_curv: 12.5
    min_curv: 0.02
  root: code/harness/rolora-supplement/RoLoRA-code/sst2/
  save_data: False
  server_holds_all: False
  shuffle: True
  sizes: [10, 5]
  splits: [0.89, 0.1, 0.01]
  splitter: lda_label
  splitter_args: [{'alpha': 0.5}]
  subsample: 1.0
  target_transform: []
  test_pre_transform: []
  test_target_transform: []
  test_transform: []
  transform: []
  trunc_stride: 128
  type: qnli.json@llm
  val_pre_transform: []
  val_target_transform: []
  val_transform: []
  walk_length: 2
dataloader:
  batch_size: 32
  drop_last: False
  num_steps: 30
  num_workers: 0
  pin_memory: False
  shuffle: True
  sizes: [10, 5]
  theta: -1
  type: base
  walk_length: 2
device: 0
distribute:
  use: False
early_stop:
  delta: 0.0
  improve_indicator_mode: best
  patience: 0
eval:
  best_res_update_round_wise_key: val_loss
  count_flops: False
  freq: 1
  metrics: ['loss', 'acc']
  monitoring: []
  report: ['weighted_avg', 'avg', 'fairness', 'raw']
  split: ['test', 'val']
expname: FedAvg_roberta-base@huggingface_llm_on_qnli.json@llm_lr0.01_lstep20
expname_tag: 
feat_engr:
  num_bins: 5
  scenario: hfl
  secure:
    dp:
      
    encrypt:
      type: dummy
    key_size: 3072
    type: encrypt
  selec_threshold: 0.05
  selec_woe_binning: quantile
  type: 
federate:
  atc_load_from: 
  atc_vanilla: False
  client_idx_for_local_train: 0
  client_num: 50
  data_weighted_aggr: False
  ignore_weight: False
  join_in_info: []
  make_global_eval: True
  master_addr: 127.0.0.1
  master_port: 29500
  merge_test_data: False
  merge_val_data: False
  method: FedAvg
  mode: standalone
  online_aggr: False
  process_num: 0
  resource_info_file: 
  restore_from: 
  sample_client_num: 50
  sample_client_rate: 1.0
  sampler: uniform
  save_client_model: False
  save_freq: -1
  save_to: proxy-qnli-roberta-base-c50-r4-lr1e-2-pp.ckpt
  share_local_model: True
  total_round_num: 20
  unseen_clients_rate: 0.0
  use_diff: False
  use_ss: False
fedopt:
  use: False
fedprox:
  use: False
fedsageplus:
  a: 1.0
  b: 1.0
  c: 1.0
  fedgen_epoch: 200
  gen_hidden: 128
  hide_portion: 0.5
  loc_epoch: 1
  num_pred: 5
fedswa:
  use: False
finetune:
  batch_or_epoch: epoch
  before_eval: False
  epoch_linear: 10
  freeze_param: 
  local_param: []
  local_update_steps: 1
  lr_linear: 0.005
  optimizer:
    lr: 0.1
    type: SGD
  scheduler:
    type: 
    warmup_ratio: 0.0
  simple_tuning: False
  weight_decay: 0.0
flitplus:
  factor_ema: 0.8
  lambdavat: 0.5
  tmpFed: 0.5
  weightReg: 1.0
gcflplus:
  EPS_1: 0.05
  EPS_2: 0.1
  seq_length: 5
  standardize: False
grad:
  grad_accum_count: 1
  grad_clip: -1.0
hpo:
  fedex:
    cutoff: 0.0
    diff: False
    eta0: -1.0
    flatten_ss: True
    gamma: 0.0
    pi_lr: 0.01
    psn: False
    sched: auto
    ss: 
    use: False
  fts:
    M: 100
    M_target: 200
    allow_load_existing_info: True
    diff: False
    fed_bo_max_iter: 50
    g_var: 1e-06
    gp_opt_schedule: 1
    local_bo_epochs: 50
    local_bo_max_iter: 50
    ls: 1.0
    obs_noise: 1e-06
    ss: 
    target_clients: []
    use: False
    v_kernel: 1.0
    var: 0.1
  init_cand_num: 16
  larger_better: False
  metric: client_summarized_weighted_avg.val_loss
  num_workers: 0
  pbt:
    max_stage: 5
    perf_threshold: 0.1
  pfedhpo:
    discrete: False
    ss: 
    target_fl_total_round: 1000
    train_anchor: False
    train_fl: False
    use: False
  scheduler: rs
  sha:
    budgets: []
    elim_rate: 3
    iter: 0
  ss: 
  table:
    eps: 0.1
    idx: 0
    num: 27
  trial_index: 0
  working_folder: hpo
llm:
  adapter:
    args: [{'adapter_package': 'peft', 'adapter_method': 'lora', 'r': 4, 'lora_alpha': 32, 'lora_dropout': 0.1}]
    mv_to_cpu: False
    use: True
  cache:
    model: 
  chat:
    max_history_len: 10
    max_len: 1000
  deepspeed:
    ds_config: 
    use: False
  offsite_tuning:
    emu_align:
      data:
        root: data
        splits: [0.8, 0.1, 0.1]
        type: alpaca@llm
      exit_after_align: False
      restore_from: 
      save_to: 
      train:
        batch_or_epoch: batch
        kd_loss_weight: 0.9
        lm_loss_weight: 0.1
        local_update_steps: 10
        optimizer:
          lr: 0.01
          type: SGD
      use: False
    emu_l: 1
    emu_r: 10
    eval_type: emu
    kwargs: [{}]
    strategy: drop_layer
    use: False
  retry_on_nan_loss: False
  tok_len: 128
model:
  contrast_temp: 1.0
  contrast_topk: 100
  downstream_tasks: []
  dropout: 0.5
  embed_size: 8
  gamma: 0
  graph_pooling: mean
  hidden: 256
  in_channels: 0
  input_shape: ()
  label_smoothing: 0.1
  lambda_: 0.1
  layer: 2
  length_penalty: 2.0
  max_answer_len: 30
  max_length: 200
  max_tree_depth: 3
  min_length: 1
  model_num_per_trainer: 1
  model_type: google/bert_uncased_L-2_H-128_A-2
  n_best_size: 20
  no_repeat_ngram_size: 3
  null_score_diff_threshold: 0.0
  num_beams: 5
  num_item: 0
  num_labels: 1
  num_of_trees: 10
  num_user: 0
  out_channels: 1
  pretrain_tasks: []
  stage: 
  task: node
  type: roberta-base@huggingface_llm
  use_bias: True
  use_contrastive_loss: False
nbafl:
  use: False
outdir: exp/pp_a1_faithful_p1.0_a0.5_seed0_94213_1781543563342960000/FedAvg_roberta-base@huggingface_llm_on_qnli.json@llm_lr0.01_lstep20
personalization:
  K: 5
  beta: 1.0
  epoch_feature: 1
  epoch_linear: 2
  local_param: []
  local_update_steps: 20
  lr: 0.01
  lr_feature: 0.1
  lr_linear: 0.1
  regular_weight: 0.1
  share_non_trainable_para: False
  weight_decay: 0.0
print_decimal_digits: 6
quantization:
  method: none
  nbits: 8
regularizer:
  mu: 0.0
  type: 
seed: 0
sgdmf:
  use: False
train:
  batch_or_epoch: batch
  data_para_dids: []
  is_enable_half: False
  local_update_steps: 20
  optimizer:
    lr: 0.01
    type: SGD
    weight_decay: 0.0002
  scheduler:
    type: 
    warmup_ratio: 0.0
trainer:
  disp_freq: 50
  local_entropy:
    alpha: 0.75
    eps: 0.0001
    gamma: 0.03
    inc_factor: 1.0
  sam:
    adaptive: False
    eta: 0.0
    rho: 1.0
  type: llmtrainer
  val_freq: 100000000
use_gpu: True
verbose: 1
vertical:
  use: False
wandb:
  use: False[0m
/bin/sh: nvidia-smi: command not found
[38;5;39m2026-06-15 19:13:29,786 (utils:167) INFO: The device information file is not provided[0m
[33;20m2026-06-15 19:13:29,786 (model_builder:137) WARNING: The input shape is None. Please specify the `data.input_shape`(a tuple) or give the representative data to `get_model` if necessary[0m
/Users/vliftode/personal/scalable-learning/code/harness/rolora-supplement/RoLoRA-code/.venv-supplement/lib/python3.9/site-packages/huggingface_hub/file_download.py:949: FutureWarning: `resume_download` is deprecated and will be removed in version 1.0.0. Downloads always resume when possible. If you want to force a new download, use `force_download=True`.
  warnings.warn(
Some weights of the model checkpoint at roberta-base were not used when initializing RobertaForSequenceClassification: ['lm_head.layer_norm.weight', 'lm_head.layer_norm.bias', 'lm_head.dense.weight', 'lm_head.dense.bias', 'lm_head.decoder.weight', 'roberta.pooler.dense.weight', 'roberta.pooler.dense.bias', 'lm_head.bias']
- This IS expected if you are initializing RobertaForSequenceClassification from the checkpoint of a model trained on another task or with another architecture (e.g. initializing a BertForSequenceClassification model from a BertForPreTraining model).
- This IS NOT expected if you are initializing RobertaForSequenceClassification from the checkpoint of a model that you expect to be exactly identical (initializing a BertForSequenceClassification model from a BertForSequenceClassification model).
Some weights of RobertaForSequenceClassification were not initialized from the model checkpoint at roberta-base and are newly initialized: ['classifier.out_proj.bias', 'classifier.dense.bias', 'classifier.dense.weight', 'classifier.out_proj.weight']
You should probably TRAIN this model on a down-stream task to be able to use it for predictions and inference.
wandb: [wandb.login()] Loaded credentials for https://api.wandb.ai from /Users/vliftode/.netrc.
wandb: Currently logged in as: viftode4 (scalable-learning-7) to https://api.wandb.ai. Use `wandb login --relogin` to force relogin
wandb: setting up run 0jnw143k
wandb: Tracking run with wandb version 0.25.0
wandb: Run data is saved locally in /Users/vliftode/personal/scalable-learning/results/wandb/run-20260615_191332-0jnw143k
wandb: Run `wandb offline` to turn off syncing.
wandb: Syncing run pp_a1_faithful_p1.0_a0.5_seed0
wandb: ⭐️ View project at https://wandb.ai/scalable-learning-7/sls-rolora-repro
wandb: 🚀 View run at https://wandb.ai/scalable-learning-7/sls-rolora-repro/runs/0jnw143k
[38;5;39m2026-06-15 19:13:33,579 (trainer:142) INFO: [sls-rolora] wandb run started: project=sls-rolora-repro group=qnli_c50_r4_partial_participation name=pp_a1_faithful_p1.0_a0.5_seed0[0m
[38;5;39m2026-06-15 19:13:33,579 (fed_runner:178) INFO: Server has been set up ... [0m
[38;5;39m2026-06-15 19:13:33,709 (fed_runner:228) INFO: Client 1 has been set up ... [0m
[38;5;39m2026-06-15 19:13:33,801 (fed_runner:228) INFO: Client 2 has been set up ... [0m
[38;5;39m2026-06-15 19:13:33,887 (fed_runner:228) INFO: Client 3 has been set up ... [0m
[38;5;39m2026-06-15 19:13:33,969 (fed_runner:228) INFO: Client 4 has been set up ... [0m
[38;5;39m2026-06-15 19:13:34,054 (fed_runner:228) INFO: Client 5 has been set up ... [0m
[38;5;39m2026-06-15 19:13:34,139 (fed_runner:228) INFO: Client 6 has been set up ... [0m
[38;5;39m2026-06-15 19:13:34,224 (fed_runner:228) INFO: Client 7 has been set up ... [0m
[38;5;39m2026-06-15 19:13:34,307 (fed_runner:228) INFO: Client 8 has been set up ... [0m
[38;5;39m2026-06-15 19:13:34,393 (fed_runner:228) INFO: Client 9 has been set up ... [0m
[38;5;39m2026-06-15 19:13:34,482 (fed_runner:228) INFO: Client 10 has been set up ... [0m
[38;5;39m2026-06-15 19:13:34,567 (fed_runner:228) INFO: Client 11 has been set up ... [0m
[38;5;39m2026-06-15 19:13:34,653 (fed_runner:228) INFO: Client 12 has been set up ... [0m
[38;5;39m2026-06-15 19:13:34,740 (fed_runner:228) INFO: Client 13 has been set up ... [0m
[38;5;39m2026-06-15 19:13:34,824 (fed_runner:228) INFO: Client 14 has been set up ... [0m
[38;5;39m2026-06-15 19:13:34,906 (fed_runner:228) INFO: Client 15 has been set up ... [0m
[38;5;39m2026-06-15 19:13:34,987 (fed_runner:228) INFO: Client 16 has been set up ... [0m
[38;5;39m2026-06-15 19:13:35,072 (fed_runner:228) INFO: Client 17 has been set up ... [0m
[38;5;39m2026-06-15 19:13:35,161 (fed_runner:228) INFO: Client 18 has been set up ... [0m
[38;5;39m2026-06-15 19:13:35,246 (fed_runner:228) INFO: Client 19 has been set up ... [0m
[38;5;39m2026-06-15 19:13:35,332 (fed_runner:228) INFO: Client 20 has been set up ... [0m
[38;5;39m2026-06-15 19:13:35,415 (fed_runner:228) INFO: Client 21 has been set up ... [0m
[38;5;39m2026-06-15 19:13:35,499 (fed_runner:228) INFO: Client 22 has been set up ... [0m
[38;5;39m2026-06-15 19:13:35,583 (fed_runner:228) INFO: Client 23 has been set up ... [0m
[38;5;39m2026-06-15 19:13:35,668 (fed_runner:228) INFO: Client 24 has been set up ... [0m
[38;5;39m2026-06-15 19:13:35,750 (fed_runner:228) INFO: Client 25 has been set up ... [0m
[38;5;39m2026-06-15 19:13:35,834 (fed_runner:228) INFO: Client 26 has been set up ... [0m
[38;5;39m2026-06-15 19:13:35,920 (fed_runner:228) INFO: Client 27 has been set up ... [0m
[38;5;39m2026-06-15 19:13:36,003 (fed_runner:228) INFO: Client 28 has been set up ... [0m
[38;5;39m2026-06-15 19:13:36,086 (fed_runner:228) INFO: Client 29 has been set up ... [0m
[38;5;39m2026-06-15 19:13:36,171 (fed_runner:228) INFO: Client 30 has been set up ... [0m
[38;5;39m2026-06-15 19:13:36,257 (fed_runner:228) INFO: Client 31 has been set up ... [0m
[38;5;39m2026-06-15 19:13:36,341 (fed_runner:228) INFO: Client 32 has been set up ... [0m
[38;5;39m2026-06-15 19:13:36,425 (fed_runner:228) INFO: Client 33 has been set up ... [0m
[38;5;39m2026-06-15 19:13:36,510 (fed_runner:228) INFO: Client 34 has been set up ... [0m
[38;5;39m2026-06-15 19:13:36,592 (fed_runner:228) INFO: Client 35 has been set up ... [0m
[38;5;39m2026-06-15 19:13:36,678 (fed_runner:228) INFO: Client 36 has been set up ... [0m
[38;5;39m2026-06-15 19:13:36,761 (fed_runner:228) INFO: Client 37 has been set up ... [0m
[38;5;39m2026-06-15 19:13:36,848 (fed_runner:228) INFO: Client 38 has been set up ... [0m
[38;5;39m2026-06-15 19:13:36,933 (fed_runner:228) INFO: Client 39 has been set up ... [0m
[38;5;39m2026-06-15 19:13:37,017 (fed_runner:228) INFO: Client 40 has been set up ... [0m
[38;5;39m2026-06-15 19:13:37,101 (fed_runner:228) INFO: Client 41 has been set up ... [0m
[38;5;39m2026-06-15 19:13:37,185 (fed_runner:228) INFO: Client 42 has been set up ... [0m
[38;5;39m2026-06-15 19:13:37,274 (fed_runner:228) INFO: Client 43 has been set up ... [0m
[38;5;39m2026-06-15 19:13:37,362 (fed_runner:228) INFO: Client 44 has been set up ... [0m
[38;5;39m2026-06-15 19:13:37,452 (fed_runner:228) INFO: Client 45 has been set up ... [0m
[38;5;39m2026-06-15 19:13:37,540 (fed_runner:228) INFO: Client 46 has been set up ... [0m
[38;5;39m2026-06-15 19:13:37,628 (fed_runner:228) INFO: Client 47 has been set up ... [0m
[38;5;39m2026-06-15 19:13:37,714 (fed_runner:228) INFO: Client 48 has been set up ... [0m
[38;5;39m2026-06-15 19:13:37,801 (fed_runner:228) INFO: Client 49 has been set up ... [0m
[38;5;39m2026-06-15 19:13:37,887 (fed_runner:228) INFO: Client 50 has been set up ... [0m
[38;5;39m2026-06-15 19:13:37,887 (trainer:343) INFO: Model meta-info: <class 'federatedscope.llm.model.adapter_builder.AdapterModel'>.[0m
[38;5;39m2026-06-15 19:13:37,890 (trainer:351) INFO: Num of original para names: 56.[0m
[38;5;39m2026-06-15 19:13:37,890 (trainer:352) INFO: Num of original trainable para names: 253.[0m
[38;5;39m2026-06-15 19:13:37,891 (trainer:354) INFO: Num of preserved para names in local update: 56. 
Preserved para names in local update: {'base_model.model.classifier.original_module.dense.bias', 'base_model.model.roberta.encoder.layer.9.attention.self.query.lora_A.default.weight', 'base_model.model.roberta.encoder.layer.10.attention.self.query.lora_B.default.weight', 'base_model.model.roberta.encoder.layer.4.attention.self.value.lora_A.default.weight', 'base_model.model.classifier.modules_to_save.default.dense.bias', 'base_model.model.roberta.encoder.layer.10.attention.self.value.lora_B.default.weight', 'base_model.model.roberta.encoder.layer.11.attention.self.query.lora_A.default.weight', 'base_model.model.roberta.encoder.layer.0.attention.self.value.lora_B.default.weight', 'base_model.model.roberta.encoder.layer.1.attention.self.query.lora_B.default.weight', 'base_model.model.roberta.encoder.layer.2.attention.self.value.lora_A.default.weight', 'base_model.model.roberta.encoder.layer.5.attention.self.value.lora_A.default.weight', 'base_model.model.roberta.encoder.layer.6.attention.self.query.lora_A.default.weight', 'base_model.model.roberta.encoder.layer.8.attention.self.query.lora_B.default.weight', 'base_model.model.roberta.encoder.layer.10.attention.self.value.lora_A.default.weight', 'base_model.model.roberta.encoder.layer.1.attention.self.value.lora_A.default.weight', 'base_model.model.roberta.encoder.layer.7.attention.self.value.lora_A.default.weight', 'base_model.model.roberta.encoder.layer.7.attention.self.query.lora_B.default.weight', 'base_model.model.roberta.encoder.layer.8.attention.self.query.lora_A.default.weight', 'base_model.model.roberta.encoder.layer.9.attention.self.value.lora_B.default.weight', 'base_model.model.roberta.encoder.layer.8.attention.self.value.lora_B.default.weight', 'base_model.model.roberta.encoder.layer.3.attention.self.query.lora_B.default.weight', 'base_model.model.roberta.encoder.layer.11.attention.self.value.lora_A.default.weight', 'base_model.model.roberta.encoder.layer.5.attention.self.value.lora_B.default.weight', 'base_model.model.roberta.encoder.layer.5.attention.self.query.lora_A.default.weight', 'base_model.model.classifier.original_module.out_proj.bias', 'base_model.model.roberta.encoder.layer.4.attention.self.value.lora_B.default.weight', 'base_model.model.roberta.encoder.layer.9.attention.self.query.lora_B.default.weight', 'base_model.model.roberta.encoder.layer.5.attention.self.query.lora_B.default.weight', 'base_model.model.roberta.encoder.layer.3.attention.self.query.lora_A.default.weight', 'base_model.model.roberta.encoder.layer.4.attention.self.query.lora_B.default.weight', 'base_model.model.roberta.encoder.layer.11.attention.self.query.lora_B.default.weight', 'base_model.model.roberta.encoder.layer.1.attention.self.query.lora_A.default.weight', 'base_model.model.roberta.encoder.layer.0.attention.self.query.lora_A.default.weight', 'base_model.model.classifier.original_module.out_proj.weight', 'base_model.model.classifier.original_module.dense.weight', 'base_model.model.classifier.modules_to_save.default.dense.weight', 'base_model.model.roberta.encoder.layer.2.attention.self.query.lora_B.default.weight', 'base_model.model.roberta.encoder.layer.10.attention.self.query.lora_A.default.weight', 'base_model.model.roberta.encoder.layer.0.attention.self.query.lora_B.default.weight', 'base_model.model.roberta.encoder.layer.3.attention.self.value.lora_A.default.weight', 'base_model.model.roberta.encoder.layer.3.attention.self.value.lora_B.default.weight', 'base_model.model.roberta.encoder.layer.1.attention.self.value.lora_B.default.weight', 'base_model.model.roberta.encoder.layer.2.attention.self.query.lora_A.default.weight', 'base_model.model.classifier.modules_to_save.default.out_proj.weight', 'base_model.model.classifier.modules_to_save.default.out_proj.bias', 'base_model.model.roberta.encoder.layer.7.attention.self.value.lora_B.default.weight', 'base_model.model.roberta.encoder.layer.0.attention.self.value.lora_A.default.weight', 'base_model.model.roberta.encoder.layer.9.attention.self.value.lora_A.default.weight', 'base_model.model.roberta.encoder.layer.2.attention.self.value.lora_B.default.weight', 'base_model.model.roberta.encoder.layer.11.attention.self.value.lora_B.default.weight', 'base_model.model.roberta.encoder.layer.7.attention.self.query.lora_A.default.weight', 'base_model.model.roberta.encoder.layer.6.attention.self.query.lora_B.default.weight', 'base_model.model.roberta.encoder.layer.8.attention.self.value.lora_A.default.weight', 'base_model.model.roberta.encoder.layer.4.attention.self.query.lora_A.default.weight', 'base_model.model.roberta.encoder.layer.6.attention.self.value.lora_A.default.weight', 'base_model.model.roberta.encoder.layer.6.attention.self.value.lora_B.default.weight'}.[0m
[38;5;39m2026-06-15 19:13:37,891 (trainer:358) INFO: Num of filtered para names in local update: 0. 
Filtered para names in local update: set().[0m
[38;5;39m2026-06-15 19:13:37,891 (trainer:363) INFO: After register default hooks,
	the hooks_in_train is:
	{
	  "on_fit_start": [
	    "_hook_on_fit_start_numerical_precision",
	    "_hook_on_data_parallel_init",
	    "_hook_on_fit_start_init",
	    "_hook_on_fit_start_calculate_model_size"
	  ],
	  "on_epoch_start": [
	    "_hook_on_epoch_start"
	  ],
	  "on_batch_start": [
	    "_hook_on_batch_start_init"
	  ],
	  "on_batch_forward": [
	    "_hook_on_batch_forward",
	    "_hook_on_batch_forward_regularizer",
	    "_hook_on_batch_forward_flop_count"
	  ],
	  "on_batch_backward": [
	    "_hook_on_batch_backward"
	  ],
	  "on_batch_end": [
	    "_hook_on_batch_end"
	  ],
	  "on_fit_end": [
	    "_hook_on_fit_end"
	  ]
	};
	the hooks_in_eval is:
            t{
	  "on_fit_start": [
	    "_hook_on_fit_start_numerical_precision",
	    "_hook_on_data_parallel_init",
	    "_hook_on_fit_start_init"
	  ],
	  "on_epoch_start": [
	    "_hook_on_epoch_start"
	  ],
	  "on_batch_start": [
	    "_hook_on_batch_start_init"
	  ],
	  "on_batch_forward": [
	    "_hook_on_batch_forward"
	  ],
	  "on_batch_end": [
	    "_hook_on_batch_end"
	  ],
	  "on_fit_end": [
	    "_hook_on_fit_end"
	  ]
	}[0m
[38;5;39m2026-06-15 19:13:37,986 (server:926) INFO: ----------- Starting training (Round #0) -------------[0m
'nvidia-smi' tool not found.
trainable params: 1331716 || all params: 125386756 || trainable%: 1.0620866529157194
[sls-rolora] SLS_DEVICE=mps: using Apple MPS
Load CustomSeq2SeqTrainer...
Load CustomSeq2SeqTrainer...
Load CustomSeq2SeqTrainer...
Load CustomSeq2SeqTrainer...
Load CustomSeq2SeqTrainer...
Load CustomSeq2SeqTrainer...
Load CustomSeq2SeqTrainer...
Load CustomSeq2SeqTrainer...
Load CustomSeq2SeqTrainer...
Load CustomSeq2SeqTrainer...
Load CustomSeq2SeqTrainer...
Load CustomSeq2SeqTrainer...
Load CustomSeq2SeqTrainer...
Load CustomSeq2SeqTrainer...
Load CustomSeq2SeqTrainer...
Load CustomSeq2SeqTrainer...
Load CustomSeq2SeqTrainer...
Load CustomSeq2SeqTrainer...
Load CustomSeq2SeqTrainer...
Load CustomSeq2SeqTrainer...
Load CustomSeq2SeqTrainer...
Load CustomSeq2SeqTrainer...
Load CustomSeq2SeqTrainer...
Load CustomSeq2SeqTrainer...
Load CustomSeq2SeqTrainer...
Load CustomSeq2SeqTrainer...
Load CustomSeq2SeqTrainer...
Load CustomSeq2SeqTrainer...
Load CustomSeq2SeqTrainer...
Load CustomSeq2SeqTrainer...
Load CustomSeq2SeqTrainer...
Load CustomSeq2SeqTrainer...
Load CustomSeq2SeqTrainer...
Load CustomSeq2SeqTrainer...
Load CustomSeq2SeqTrainer...
Load CustomSeq2SeqTrainer...
Load CustomSeq2SeqTrainer...
Load CustomSeq2SeqTrainer...
Load CustomSeq2SeqTrainer...
Load CustomSeq2SeqTrainer...
Load CustomSeq2SeqTrainer...
Load CustomSeq2SeqTrainer...
Load CustomSeq2SeqTrainer...
Load CustomSeq2SeqTrainer...
Load CustomSeq2SeqTrainer...
Load CustomSeq2SeqTrainer...
Load CustomSeq2SeqTrainer...
Load CustomSeq2SeqTrainer...
Load CustomSeq2SeqTrainer...
Load CustomSeq2SeqTrainer...
Load CustomSeq2SeqTrainer...
[sls-rolora] RoLoRA round 0 (step=0): train B (default_BA)
[sls-monitor] {'kind': 'fit_start', 'total_param_count': 1331716, 'total_trainable_params': 1257988, 'lora_product_norm': 0.0, 'lora_A_norm': 5.64872089, 'lora_A_params': 73728, 'lora_A_trainable_params': 0, 'lora_B_norm': 0.0, 'lora_B_params': 73728, 'lora_B_trainable_params': 73728, 'classifier_norm': 21.77341507, 'classifier_params': 1184260, 'classifier_trainable_params': 1184260, 'round': 0, 'phase': 'B', 'mode': 'rolora'}
[sls-monitor] {'kind': 'fit_end', 'total_param_count': 1331716, 'total_trainable_params': 1257988, 'lora_product_norm': 0.02515995, 'lora_A_norm': 5.64872089, 'lora_A_params': 73728, 'lora_A_trainable_params': 0, 'lora_B_norm': 0.04392553, 'lora_B_params': 73728, 'lora_B_trainable_params': 73728, 'classifier_norm': 21.77529146, 'classifier_params': 1184260, 'classifier_trainable_params': 1184260, 'update_lora_A_norm': 0.0, 'update_lora_A_params': 0, 'update_lora_B_norm': 0.04392553, 'update_lora_B_params': 73728, 'update_classifier_norm': 0.24397252, 'update_classifier_params': 1184260, 'round': 0, 'phase': 'B', 'mode': 'rolora'}
[38;5;39m2026-06-15 19:13:42,465 (client:431) INFO: {'Role': 'Client #29', 'Round': 0, 'Results_raw': {'train_loss': 139.290348, 'train_total': 640, 'train_avg_loss': 0.217641, 'train_acc': 0.942187}}[0m
[sls-rolora] RoLoRA round 0 (step=0): train B (default_BA)
[sls-monitor] {'kind': 'fit_start', 'total_param_count': 1331716, 'total_trainable_params': 1257988, 'lora_product_norm': 0.0, 'lora_A_norm': 5.64872089, 'lora_A_params': 73728, 'lora_A_trainable_params': 0, 'lora_B_norm': 0.0, 'lora_B_params': 73728, 'lora_B_trainable_params': 73728, 'classifier_norm': 21.77341507, 'classifier_params': 1184260, 'classifier_trainable_params': 1184260, 'round': 0, 'phase': 'B', 'mode': 'rolora'}
[sls-monitor] {'kind': 'fit_end', 'total_param_count': 1331716, 'total_trainable_params': 1257988, 'lora_product_norm': 0.0277769, 'lora_A_norm': 5.64872089, 'lora_A_params': 73728, 'lora_A_trainable_params': 0, 'lora_B_norm': 0.0484986, 'lora_B_params': 73728, 'lora_B_trainable_params': 73728, 'classifier_norm': 21.77568307, 'classifier_params': 1184260, 'classifier_trainable_params': 1184260, 'update_lora_A_norm': 0.0, 'update_lora_A_params': 0, 'update_lora_B_norm': 0.0484986, 'update_lora_B_params': 73728, 'update_classifier_norm': 0.26317384, 'update_classifier_params': 1184260, 'round': 0, 'phase': 'B', 'mode': 'rolora'}
[38;5;39m2026-06-15 19:13:46,158 (client:431) INFO: {'Role': 'Client #12', 'Round': 0, 'Results_raw': {'train_loss': 109.964748, 'train_total': 622, 'train_avg_loss': 0.176792, 'train_acc': 0.953376}}[0m
[sls-rolora] RoLoRA round 0 (step=0): train B (default_BA)
[sls-monitor] {'kind': 'fit_start', 'total_param_count': 1331716, 'total_trainable_params': 1257988, 'lora_product_norm': 0.0, 'lora_A_norm': 5.64872089, 'lora_A_params': 73728, 'lora_A_trainable_params': 0, 'lora_B_norm': 0.0, 'lora_B_params': 73728, 'lora_B_trainable_params': 73728, 'classifier_norm': 21.77341507, 'classifier_params': 1184260, 'classifier_trainable_params': 1184260, 'round': 0, 'phase': 'B', 'mode': 'rolora'}
[sls-monitor] {'kind': 'fit_end', 'total_param_count': 1331716, 'total_trainable_params': 1257988, 'lora_product_norm': 0.02746281, 'lora_A_norm': 5.64872089, 'lora_A_params': 73728, 'lora_A_trainable_params': 0, 'lora_B_norm': 0.04794844, 'lora_B_params': 73728, 'lora_B_trainable_params': 73728, 'classifier_norm': 21.77552303, 'classifier_params': 1184260, 'classifier_trainable_params': 1184260, 'update_lora_A_norm': 0.0, 'update_lora_A_params': 0, 'update_lora_B_norm': 0.04794844, 'update_lora_B_params': 73728, 'update_classifier_norm': 0.25480336, 'update_classifier_params': 1184260, 'round': 0, 'phase': 'B', 'mode': 'rolora'}
[38;5;39m2026-06-15 19:13:49,622 (client:431) INFO: {'Role': 'Client #11', 'Round': 0, 'Results_raw': {'train_loss': 124.128724, 'train_total': 640, 'train_avg_loss': 0.193951, 'train_acc': 0.953125}}[0m
[sls-rolora] RoLoRA round 0 (step=0): train B (default_BA)
[sls-monitor] {'kind': 'fit_start', 'total_param_count': 1331716, 'total_trainable_params': 1257988, 'lora_product_norm': 0.0, 'lora_A_norm': 5.64872089, 'lora_A_params': 73728, 'lora_A_trainable_params': 0, 'lora_B_norm': 0.0, 'lora_B_params': 73728, 'lora_B_trainable_params': 73728, 'classifier_norm': 21.77341507, 'classifier_params': 1184260, 'classifier_trainable_params': 1184260, 'round': 0, 'phase': 'B', 'mode': 'rolora'}
[sls-monitor] {'kind': 'fit_end', 'total_param_count': 1331716, 'total_trainable_params': 1257988, 'lora_product_norm': 0.0240486, 'lora_A_norm': 5.64872089, 'lora_A_params': 73728, 'lora_A_trainable_params': 0, 'lora_B_norm': 0.04199283, 'lora_B_params': 73728, 'lora_B_trainable_params': 73728, 'classifier_norm': 21.77498231, 'classifier_params': 1184260, 'classifier_trainable_params': 1184260, 'update_lora_A_norm': 0.0, 'update_lora_A_params': 0, 'update_lora_B_norm': 0.04199283, 'update_lora_B_params': 73728, 'update_classifier_norm': 0.22709551, 'update_classifier_params': 1184260, 'round': 0, 'phase': 'B', 'mode': 'rolora'}
[38;5;39m2026-06-15 19:13:52,964 (client:431) INFO: {'Role': 'Client #42', 'Round': 0, 'Results_raw': {'train_loss': 156.750986, 'train_total': 616, 'train_avg_loss': 0.254466, 'train_acc': 0.931818}}[0m
[sls-rolora] RoLoRA round 0 (step=0): train B (default_BA)
[sls-monitor] {'kind': 'fit_start', 'total_param_count': 1331716, 'total_trainable_params': 1257988, 'lora_product_norm': 0.0, 'lora_A_norm': 5.64872089, 'lora_A_params': 73728, 'lora_A_trainable_params': 0, 'lora_B_norm': 0.0, 'lora_B_params': 73728, 'lora_B_trainable_params': 73728, 'classifier_norm': 21.77341507, 'classifier_params': 1184260, 'classifier_trainable_params': 1184260, 'round': 0, 'phase': 'B', 'mode': 'rolora'}
[sls-monitor] {'kind': 'fit_end', 'total_param_count': 1331716, 'total_trainable_params': 1257988, 'lora_product_norm': 0.01751031, 'lora_A_norm': 5.64872089, 'lora_A_params': 73728, 'lora_A_trainable_params': 0, 'lora_B_norm': 0.03055055, 'lora_B_params': 73728, 'lora_B_trainable_params': 73728, 'classifier_norm': 21.7744231, 'classifier_params': 1184260, 'classifier_trainable_params': 1184260, 'update_lora_A_norm': 0.0, 'update_lora_A_params': 0, 'update_lora_B_norm': 0.03055056, 'update_lora_B_params': 73728, 'update_classifier_norm': 0.19429856, 'update_classifier_params': 1184260, 'round': 0, 'phase': 'B', 'mode': 'rolora'}
[38;5;39m2026-06-15 19:13:56,155 (client:431) INFO: {'Role': 'Client #3', 'Round': 0, 'Results_raw': {'train_loss': 219.539748, 'train_total': 606, 'train_avg_loss': 0.362277, 'train_acc': 0.881188}}[0m
[sls-rolora] RoLoRA round 0 (step=0): train B (default_BA)
[sls-monitor] {'kind': 'fit_start', 'total_param_count': 1331716, 'total_trainable_params': 1257988, 'lora_product_norm': 0.0, 'lora_A_norm': 5.64872089, 'lora_A_params': 73728, 'lora_A_trainable_params': 0, 'lora_B_norm': 0.0, 'lora_B_params': 73728, 'lora_B_trainable_params': 73728, 'classifier_norm': 21.77341507, 'classifier_params': 1184260, 'classifier_trainable_params': 1184260, 'round': 0, 'phase': 'B', 'mode': 'rolora'}
[sls-monitor] {'kind': 'fit_end', 'total_param_count': 1331716, 'total_trainable_params': 1257988, 'lora_product_norm': 0.02935006, 'lora_A_norm': 5.64872089, 'lora_A_params': 73728, 'lora_A_trainable_params': 0, 'lora_B_norm': 0.05117368, 'lora_B_params': 73728, 'lora_B_trainable_params': 73728, 'classifier_norm': 21.77527586, 'classifier_params': 1184260, 'classifier_trainable_params': 1184260, 'update_lora_A_norm': 0.0, 'update_lora_A_params': 0, 'update_lora_B_norm': 0.05117368, 'update_lora_B_params': 73728, 'update_classifier_norm': 0.23384586, 'update_classifier_params': 1184260, 'round': 0, 'phase': 'B', 'mode': 'rolora'}
[38;5;39m2026-06-15 19:13:59,228 (client:431) INFO: {'Role': 'Client #28', 'Round': 0, 'Results_raw': {'train_loss': 144.05776, 'train_total': 640, 'train_avg_loss': 0.22509, 'train_acc': 0.973437}}[0m
[sls-rolora] RoLoRA round 0 (step=0): train B (default_BA)
[sls-monitor] {'kind': 'fit_start', 'total_param_count': 1331716, 'total_trainable_params': 1257988, 'lora_product_norm': 0.0, 'lora_A_norm': 5.64872089, 'lora_A_params': 73728, 'lora_A_trainable_params': 0, 'lora_B_norm': 0.0, 'lora_B_params': 73728, 'lora_B_trainable_params': 73728, 'classifier_norm': 21.77341507, 'classifier_params': 1184260, 'classifier_trainable_params': 1184260, 'round': 0, 'phase': 'B', 'mode': 'rolora'}
[sls-monitor] {'kind': 'fit_end', 'total_param_count': 1331716, 'total_trainable_params': 1257988, 'lora_product_norm': 0.00420715, 'lora_A_norm': 5.64872089, 'lora_A_params': 73728, 'lora_A_trainable_params': 0, 'lora_B_norm': 0.00729344, 'lora_B_params': 73728, 'lora_B_trainable_params': 73728, 'classifier_norm': 21.77289422, 'classifier_params': 1184260, 'classifier_trainable_params': 1184260, 'update_lora_A_norm': 0.0, 'update_lora_A_params': 0, 'update_lora_B_norm': 0.00729344, 'update_lora_B_params': 73728, 'update_classifier_norm': 0.02617349, 'update_classifier_params': 1184260, 'round': 0, 'phase': 'B', 'mode': 'rolora'}
[38;5;39m2026-06-15 19:14:02,314 (client:431) INFO: {'Role': 'Client #39', 'Round': 0, 'Results_raw': {'train_loss': 441.726398, 'train_total': 640, 'train_avg_loss': 0.690197, 'train_acc': 0.542188}}[0m
[sls-rolora] RoLoRA round 0 (step=0): train B (default_BA)
[sls-monitor] {'kind': 'fit_start', 'total_param_count': 1331716, 'total_trainable_params': 1257988, 'lora_product_norm': 0.0, 'lora_A_norm': 5.64872089, 'lora_A_params': 73728, 'lora_A_trainable_params': 0, 'lora_B_norm': 0.0, 'lora_B_params': 73728, 'lora_B_trainable_params': 73728, 'classifier_norm': 21.77341507, 'classifier_params': 1184260, 'classifier_trainable_params': 1184260, 'round': 0, 'phase': 'B', 'mode': 'rolora'}
[sls-monitor] {'kind': 'fit_end', 'total_param_count': 1331716, 'total_trainable_params': 1257988, 'lora_product_norm': 0.0076984, 'lora_A_norm': 5.64872089, 'lora_A_params': 73728, 'lora_A_trainable_params': 0, 'lora_B_norm': 0.013383, 'lora_B_params': 73728, 'lora_B_trainable_params': 73728, 'classifier_norm': 21.77308426, 'classifier_params': 1184260, 'classifier_trainable_params': 1184260, 'update_lora_A_norm': 0.0, 'update_lora_A_params': 0, 'update_lora_B_norm': 0.013383, 'update_lora_B_params': 73728, 'update_classifier_norm': 0.07840399, 'update_classifier_params': 1184260, 'round': 0, 'phase': 'B', 'mode': 'rolora'}
[38;5;39m2026-06-15 19:14:05,425 (client:431) INFO: {'Role': 'Client #32', 'Round': 0, 'Results_raw': {'train_loss': 408.297848, 'train_total': 640, 'train_avg_loss': 0.637965, 'train_acc': 0.68125}}[0m
[sls-rolora] RoLoRA round 0 (step=0): train B (default_BA)
[sls-monitor] {'kind': 'fit_start', 'total_param_count': 1331716, 'total_trainable_params': 1257988, 'lora_product_norm': 0.0, 'lora_A_norm': 5.64872089, 'lora_A_params': 73728, 'lora_A_trainable_params': 0, 'lora_B_norm': 0.0, 'lora_B_params': 73728, 'lora_B_trainable_params': 73728, 'classifier_norm': 21.77341507, 'classifier_params': 1184260, 'classifier_trainable_params': 1184260, 'round': 0, 'phase': 'B', 'mode': 'rolora'}
[sls-monitor] {'kind': 'fit_end', 'total_param_count': 1331716, 'total_trainable_params': 1257988, 'lora_product_norm': 0.01151016, 'lora_A_norm': 5.64872089, 'lora_A_params': 73728, 'lora_A_trainable_params': 0, 'lora_B_norm': 0.01993291, 'lora_B_params': 73728, 'lora_B_trainable_params': 73728, 'classifier_norm': 21.77307467, 'classifier_params': 1184260, 'classifier_trainable_params': 1184260, 'update_lora_A_norm': 0.0, 'update_lora_A_params': 0, 'update_lora_B_norm': 0.01993291, 'update_lora_B_params': 73728, 'update_classifier_norm': 0.05964113, 'update_classifier_params': 1184260, 'round': 0, 'phase': 'B', 'mode': 'rolora'}
[38;5;39m2026-06-15 19:14:08,715 (client:431) INFO: {'Role': 'Client #23', 'Round': 0, 'Results_raw': {'train_loss': 388.214546, 'train_total': 640, 'train_avg_loss': 0.606585, 'train_acc': 0.726562}}[0m
[sls-rolora] RoLoRA round 0 (step=0): train B (default_BA)
[sls-monitor] {'kind': 'fit_start', 'total_param_count': 1331716, 'total_trainable_params': 1257988, 'lora_product_norm': 0.0, 'lora_A_norm': 5.64872089, 'lora_A_params': 73728, 'lora_A_trainable_params': 0, 'lora_B_norm': 0.0, 'lora_B_params': 73728, 'lora_B_trainable_params': 73728, 'classifier_norm': 21.77341507, 'classifier_params': 1184260, 'classifier_trainable_params': 1184260, 'round': 0, 'phase': 'B', 'mode': 'rolora'}
[sls-monitor] {'kind': 'fit_end', 'total_param_count': 1331716, 'total_trainable_params': 1257988, 'lora_product_norm': 0.02917599, 'lora_A_norm': 5.64872089, 'lora_A_params': 73728, 'lora_A_trainable_params': 0, 'lora_B_norm': 0.05087374, 'lora_B_params': 73728, 'lora_B_trainable_params': 73728, 'classifier_norm': 21.77568959, 'classifier_params': 1184260, 'classifier_trainable_params': 1184260, 'update_lora_A_norm': 0.0, 'update_lora_A_params': 0, 'update_lora_B_norm': 0.05087374, 'update_lora_B_params': 73728, 'update_classifier_norm': 0.25419781, 'update_classifier_params': 1184260, 'round': 0, 'phase': 'B', 'mode': 'rolora'}
[38;5;39m2026-06-15 19:14:11,958 (client:431) INFO: {'Role': 'Client #5', 'Round': 0, 'Results_raw': {'train_loss': 104.382765, 'train_total': 640, 'train_avg_loss': 0.163098, 'train_acc': 0.99375}}[0m
[sls-rolora] RoLoRA round 0 (step=0): train B (default_BA)
[sls-monitor] {'kind': 'fit_start', 'total_param_count': 1331716, 'total_trainable_params': 1257988, 'lora_product_norm': 0.0, 'lora_A_norm': 5.64872089, 'lora_A_params': 73728, 'lora_A_trainable_params': 0, 'lora_B_norm': 0.0, 'lora_B_params': 73728, 'lora_B_trainable_params': 73728, 'classifier_norm': 21.77341507, 'classifier_params': 1184260, 'classifier_trainable_params': 1184260, 'round': 0, 'phase': 'B', 'mode': 'rolora'}
[sls-monitor] {'kind': 'fit_end', 'total_param_count': 1331716, 'total_trainable_params': 1257988, 'lora_product_norm': 0.02843248, 'lora_A_norm': 5.64872089, 'lora_A_params': 73728, 'lora_A_trainable_params': 0, 'lora_B_norm': 0.04958007, 'lora_B_params': 73728, 'lora_B_trainable_params': 73728, 'classifier_norm': 21.77554415, 'classifier_params': 1184260, 'classifier_trainable_params': 1184260, 'update_lora_A_norm': 0.0, 'update_lora_A_params': 0, 'update_lora_B_norm': 0.04958008, 'update_lora_B_params': 73728, 'update_classifier_norm': 0.24628651, 'update_classifier_params': 1184260, 'round': 0, 'phase': 'B', 'mode': 'rolora'}
[38;5;39m2026-06-15 19:14:15,286 (client:431) INFO: {'Role': 'Client #34', 'Round': 0, 'Results_raw': {'train_loss': 117.313287, 'train_total': 640, 'train_avg_loss': 0.183302, 'train_acc': 0.98125}}[0m
[sls-rolora] RoLoRA round 0 (step=0): train B (default_BA)
[sls-monitor] {'kind': 'fit_start', 'total_param_count': 1331716, 'total_trainable_params': 1257988, 'lora_product_norm': 0.0, 'lora_A_norm': 5.64872089, 'lora_A_params': 73728, 'lora_A_trainable_params': 0, 'lora_B_norm': 0.0, 'lora_B_params': 73728, 'lora_B_trainable_params': 73728, 'classifier_norm': 21.77341507, 'classifier_params': 1184260, 'classifier_trainable_params': 1184260, 'round': 0, 'phase': 'B', 'mode': 'rolora'}
[sls-monitor] {'kind': 'fit_end', 'total_param_count': 1331716, 'total_trainable_params': 1257988, 'lora_product_norm': 0.01300575, 'lora_A_norm': 5.64872089, 'lora_A_params': 73728, 'lora_A_trainable_params': 0, 'lora_B_norm': 0.02234561, 'lora_B_params': 73728, 'lora_B_trainable_params': 73728, 'classifier_norm': 21.77290144, 'classifier_params': 1184260, 'classifier_trainable_params': 1184260, 'update_lora_A_norm': 0.0, 'update_lora_A_params': 0, 'update_lora_B_norm': 0.02234561, 'update_lora_B_params': 73728, 'update_classifier_norm': 0.04909599, 'update_classifier_params': 1184260, 'round': 0, 'phase': 'B', 'mode': 'rolora'}
[38;5;39m2026-06-15 19:14:18,558 (client:431) INFO: {'Role': 'Client #36', 'Round': 0, 'Results_raw': {'train_loss': 431.430862, 'train_total': 620, 'train_avg_loss': 0.695856, 'train_acc': 0.535484}}[0m
[sls-rolora] RoLoRA round 0 (step=0): train B (default_BA)
[sls-monitor] {'kind': 'fit_start', 'total_param_count': 1331716, 'total_trainable_params': 1257988, 'lora_product_norm': 0.0, 'lora_A_norm': 5.64872089, 'lora_A_params': 73728, 'lora_A_trainable_params': 0, 'lora_B_norm': 0.0, 'lora_B_params': 73728, 'lora_B_trainable_params': 73728, 'classifier_norm': 21.77341507, 'classifier_params': 1184260, 'classifier_trainable_params': 1184260, 'round': 0, 'phase': 'B', 'mode': 'rolora'}
[sls-monitor] {'kind': 'fit_end', 'total_param_count': 1331716, 'total_trainable_params': 1257988, 'lora_product_norm': 0.00599278, 'lora_A_norm': 5.64872089, 'lora_A_params': 73728, 'lora_A_trainable_params': 0, 'lora_B_norm': 0.01037982, 'lora_B_params': 73728, 'lora_B_trainable_params': 73728, 'classifier_norm': 21.77287827, 'classifier_params': 1184260, 'classifier_trainable_params': 1184260, 'update_lora_A_norm': 0.0, 'update_lora_A_params': 0, 'update_lora_B_norm': 0.01037982, 'update_lora_B_params': 73728, 'update_classifier_norm': 0.05194211, 'update_classifier_params': 1184260, 'round': 0, 'phase': 'B', 'mode': 'rolora'}
[38;5;39m2026-06-15 19:14:21,790 (client:431) INFO: {'Role': 'Client #27', 'Round': 0, 'Results_raw': {'train_loss': 430.174877, 'train_total': 640, 'train_avg_loss': 0.672148, 'train_acc': 0.61875}}[0m
[sls-rolora] RoLoRA round 0 (step=0): train B (default_BA)
[sls-monitor] {'kind': 'fit_start', 'total_param_count': 1331716, 'total_trainable_params': 1257988, 'lora_product_norm': 0.0, 'lora_A_norm': 5.64872089, 'lora_A_params': 73728, 'lora_A_trainable_params': 0, 'lora_B_norm': 0.0, 'lora_B_params': 73728, 'lora_B_trainable_params': 73728, 'classifier_norm': 21.77341507, 'classifier_params': 1184260, 'classifier_trainable_params': 1184260, 'round': 0, 'phase': 'B', 'mode': 'rolora'}
[sls-monitor] {'kind': 'fit_end', 'total_param_count': 1331716, 'total_trainable_params': 1257988, 'lora_product_norm': 0.02148174, 'lora_A_norm': 5.64872089, 'lora_A_params': 73728, 'lora_A_trainable_params': 0, 'lora_B_norm': 0.03741711, 'lora_B_params': 73728, 'lora_B_trainable_params': 73728, 'classifier_norm': 21.77470951, 'classifier_params': 1184260, 'classifier_trainable_params': 1184260, 'update_lora_A_norm': 0.0, 'update_lora_A_params': 0, 'update_lora_B_norm': 0.03741711, 'update_lora_B_params': 73728, 'update_classifier_norm': 0.20423822, 'update_classifier_params': 1184260, 'round': 0, 'phase': 'B', 'mode': 'rolora'}
[38;5;39m2026-06-15 19:14:24,901 (client:431) INFO: {'Role': 'Client #35', 'Round': 0, 'Results_raw': {'train_loss': 168.893973, 'train_total': 640, 'train_avg_loss': 0.263897, 'train_acc': 0.951562}}[0m
[sls-rolora] RoLoRA round 0 (step=0): train B (default_BA)
[sls-monitor] {'kind': 'fit_start', 'total_param_count': 1331716, 'total_trainable_params': 1257988, 'lora_product_norm': 0.0, 'lora_A_norm': 5.64872089, 'lora_A_params': 73728, 'lora_A_trainable_params': 0, 'lora_B_norm': 0.0, 'lora_B_params': 73728, 'lora_B_trainable_params': 73728, 'classifier_norm': 21.77341507, 'classifier_params': 1184260, 'classifier_trainable_params': 1184260, 'round': 0, 'phase': 'B', 'mode': 'rolora'}
[sls-monitor] {'kind': 'fit_end', 'total_param_count': 1331716, 'total_trainable_params': 1257988, 'lora_product_norm': 0.02522504, 'lora_A_norm': 5.64872089, 'lora_A_params': 73728, 'lora_A_trainable_params': 0, 'lora_B_norm': 0.04391043, 'lora_B_params': 73728, 'lora_B_trainable_params': 73728, 'classifier_norm': 21.7748203, 'classifier_params': 1184260, 'classifier_trainable_params': 1184260, 'update_lora_A_norm': 0.0, 'update_lora_A_params': 0, 'update_lora_B_norm': 0.04391043, 'update_lora_B_params': 73728, 'update_classifier_norm': 0.21093433, 'update_classifier_params': 1184260, 'round': 0, 'phase': 'B', 'mode': 'rolora'}
[38;5;39m2026-06-15 19:14:28,017 (client:431) INFO: {'Role': 'Client #19', 'Round': 0, 'Results_raw': {'train_loss': 167.707544, 'train_total': 624, 'train_avg_loss': 0.268762, 'train_acc': 0.94391}}[0m
[sls-rolora] RoLoRA round 0 (step=0): train B (default_BA)
[sls-monitor] {'kind': 'fit_start', 'total_param_count': 1331716, 'total_trainable_params': 1257988, 'lora_product_norm': 0.0, 'lora_A_norm': 5.64872089, 'lora_A_params': 73728, 'lora_A_trainable_params': 0, 'lora_B_norm': 0.0, 'lora_B_params': 73728, 'lora_B_trainable_params': 73728, 'classifier_norm': 21.77341507, 'classifier_params': 1184260, 'classifier_trainable_params': 1184260, 'round': 0, 'phase': 'B', 'mode': 'rolora'}
[sls-monitor] {'kind': 'fit_end', 'total_param_count': 1331716, 'total_trainable_params': 1257988, 'lora_product_norm': 0.01081443, 'lora_A_norm': 5.64872089, 'lora_A_params': 73728, 'lora_A_trainable_params': 0, 'lora_B_norm': 0.01872732, 'lora_B_params': 73728, 'lora_B_trainable_params': 73728, 'classifier_norm': 21.77308397, 'classifier_params': 1184260, 'classifier_trainable_params': 1184260, 'update_lora_A_norm': 0.0, 'update_lora_A_params': 0, 'update_lora_B_norm': 0.01872732, 'update_lora_B_params': 73728, 'update_classifier_norm': 0.06948823, 'update_classifier_params': 1184260, 'round': 0, 'phase': 'B', 'mode': 'rolora'}
[38;5;39m2026-06-15 19:14:31,299 (client:431) INFO: {'Role': 'Client #8', 'Round': 0, 'Results_raw': {'train_loss': 412.313837, 'train_total': 640, 'train_avg_loss': 0.64424, 'train_acc': 0.665625}}[0m
[sls-rolora] RoLoRA round 0 (step=0): train B (default_BA)
[sls-monitor] {'kind': 'fit_start', 'total_param_count': 1331716, 'total_trainable_params': 1257988, 'lora_product_norm': 0.0, 'lora_A_norm': 5.64872089, 'lora_A_params': 73728, 'lora_A_trainable_params': 0, 'lora_B_norm': 0.0, 'lora_B_params': 73728, 'lora_B_trainable_params': 73728, 'classifier_norm': 21.77341507, 'classifier_params': 1184260, 'classifier_trainable_params': 1184260, 'round': 0, 'phase': 'B', 'mode': 'rolora'}
[sls-monitor] {'kind': 'fit_end', 'total_param_count': 1331716, 'total_trainable_params': 1257988, 'lora_product_norm': 0.00566281, 'lora_A_norm': 5.64872089, 'lora_A_params': 73728, 'lora_A_trainable_params': 0, 'lora_B_norm': 0.00981903, 'lora_B_params': 73728, 'lora_B_trainable_params': 73728, 'classifier_norm': 21.77293317, 'classifier_params': 1184260, 'classifier_trainable_params': 1184260, 'update_lora_A_norm': 0.0, 'update_lora_A_params': 0, 'update_lora_B_norm': 0.00981903, 'update_lora_B_params': 73728, 'update_classifier_norm': 0.05054822, 'update_classifier_params': 1184260, 'round': 0, 'phase': 'B', 'mode': 'rolora'}
[38;5;39m2026-06-15 19:14:35,111 (client:431) INFO: {'Role': 'Client #15', 'Round': 0, 'Results_raw': {'train_loss': 422.082827, 'train_total': 616, 'train_avg_loss': 0.685199, 'train_acc': 0.590909}}[0m
[sls-rolora] RoLoRA round 0 (step=0): train B (default_BA)
[sls-monitor] {'kind': 'fit_start', 'total_param_count': 1331716, 'total_trainable_params': 1257988, 'lora_product_norm': 0.0, 'lora_A_norm': 5.64872089, 'lora_A_params': 73728, 'lora_A_trainable_params': 0, 'lora_B_norm': 0.0, 'lora_B_params': 73728, 'lora_B_trainable_params': 73728, 'classifier_norm': 21.77341507, 'classifier_params': 1184260, 'classifier_trainable_params': 1184260, 'round': 0, 'phase': 'B', 'mode': 'rolora'}
[sls-monitor] {'kind': 'fit_end', 'total_param_count': 1331716, 'total_trainable_params': 1257988, 'lora_product_norm': 0.02316529, 'lora_A_norm': 5.64872089, 'lora_A_params': 73728, 'lora_A_trainable_params': 0, 'lora_B_norm': 0.04041353, 'lora_B_params': 73728, 'lora_B_trainable_params': 73728, 'classifier_norm': 21.77484224, 'classifier_params': 1184260, 'classifier_trainable_params': 1184260, 'update_lora_A_norm': 0.0, 'update_lora_A_params': 0, 'update_lora_B_norm': 0.04041353, 'update_lora_B_params': 73728, 'update_classifier_norm': 0.2164179, 'update_classifier_params': 1184260, 'round': 0, 'phase': 'B', 'mode': 'rolora'}
[38;5;39m2026-06-15 19:14:38,691 (client:431) INFO: {'Role': 'Client #46', 'Round': 0, 'Results_raw': {'train_loss': 184.137213, 'train_total': 640, 'train_avg_loss': 0.287714, 'train_acc': 0.921875}}[0m
[sls-rolora] RoLoRA round 0 (step=0): train B (default_BA)
[sls-monitor] {'kind': 'fit_start', 'total_param_count': 1331716, 'total_trainable_params': 1257988, 'lora_product_norm': 0.0, 'lora_A_norm': 5.64872089, 'lora_A_params': 73728, 'lora_A_trainable_params': 0, 'lora_B_norm': 0.0, 'lora_B_params': 73728, 'lora_B_trainable_params': 73728, 'classifier_norm': 21.77341507, 'classifier_params': 1184260, 'classifier_trainable_params': 1184260, 'round': 0, 'phase': 'B', 'mode': 'rolora'}
[sls-monitor] {'kind': 'fit_end', 'total_param_count': 1331716, 'total_trainable_params': 1257988, 'lora_product_norm': 0.02778071, 'lora_A_norm': 5.64872089, 'lora_A_params': 73728, 'lora_A_trainable_params': 0, 'lora_B_norm': 0.04844986, 'lora_B_params': 73728, 'lora_B_trainable_params': 73728, 'classifier_norm': 21.77554348, 'classifier_params': 1184260, 'classifier_trainable_params': 1184260, 'update_lora_A_norm': 0.0, 'update_lora_A_params': 0, 'update_lora_B_norm': 0.04844986, 'update_lora_B_params': 73728, 'update_classifier_norm': 0.25650171, 'update_classifier_params': 1184260, 'round': 0, 'phase': 'B', 'mode': 'rolora'}
[38;5;39m2026-06-15 19:14:42,249 (client:431) INFO: {'Role': 'Client #49', 'Round': 0, 'Results_raw': {'train_loss': 113.353334, 'train_total': 640, 'train_avg_loss': 0.177115, 'train_acc': 0.954688}}[0m
[sls-rolora] RoLoRA round 0 (step=0): train B (default_BA)
[sls-monitor] {'kind': 'fit_start', 'total_param_count': 1331716, 'total_trainable_params': 1257988, 'lora_product_norm': 0.0, 'lora_A_norm': 5.64872089, 'lora_A_params': 73728, 'lora_A_trainable_params': 0, 'lora_B_norm': 0.0, 'lora_B_params': 73728, 'lora_B_trainable_params': 73728, 'classifier_norm': 21.77341507, 'classifier_params': 1184260, 'classifier_trainable_params': 1184260, 'round': 0, 'phase': 'B', 'mode': 'rolora'}
[sls-monitor] {'kind': 'fit_end', 'total_param_count': 1331716, 'total_trainable_params': 1257988, 'lora_product_norm': 0.01180016, 'lora_A_norm': 5.64872089, 'lora_A_params': 73728, 'lora_A_trainable_params': 0, 'lora_B_norm': 0.02031997, 'lora_B_params': 73728, 'lora_B_trainable_params': 73728, 'classifier_norm': 21.77296526, 'classifier_params': 1184260, 'classifier_trainable_params': 1184260, 'update_lora_A_norm': 0.0, 'update_lora_A_params': 0, 'update_lora_B_norm': 0.02031997, 'update_lora_B_params': 73728, 'update_classifier_norm': 0.04240394, 'update_classifier_params': 1184260, 'round': 0, 'phase': 'B', 'mode': 'rolora'}
[38;5;39m2026-06-15 19:14:45,602 (client:431) INFO: {'Role': 'Client #30', 'Round': 0, 'Results_raw': {'train_loss': 415.281153, 'train_total': 640, 'train_avg_loss': 0.648877, 'train_acc': 0.6625}}[0m
[sls-rolora] RoLoRA round 0 (step=0): train B (default_BA)
[sls-monitor] {'kind': 'fit_start', 'total_param_count': 1331716, 'total_trainable_params': 1257988, 'lora_product_norm': 0.0, 'lora_A_norm': 5.64872089, 'lora_A_params': 73728, 'lora_A_trainable_params': 0, 'lora_B_norm': 0.0, 'lora_B_params': 73728, 'lora_B_trainable_params': 73728, 'classifier_norm': 21.77341507, 'classifier_params': 1184260, 'classifier_trainable_params': 1184260, 'round': 0, 'phase': 'B', 'mode': 'rolora'}
[sls-monitor] {'kind': 'fit_end', 'total_param_count': 1331716, 'total_trainable_params': 1257988, 'lora_product_norm': 0.00924051, 'lora_A_norm': 5.64872089, 'lora_A_params': 73728, 'lora_A_trainable_params': 0, 'lora_B_norm': 0.01607742, 'lora_B_params': 73728, 'lora_B_trainable_params': 73728, 'classifier_norm': 21.77315051, 'classifier_params': 1184260, 'classifier_trainable_params': 1184260, 'update_lora_A_norm': 0.0, 'update_lora_A_params': 0, 'update_lora_B_norm': 0.01607741, 'update_lora_B_params': 73728, 'update_classifier_norm': 0.0755949, 'update_classifier_params': 1184260, 'round': 0, 'phase': 'B', 'mode': 'rolora'}
[38;5;39m2026-06-15 19:14:49,170 (client:431) INFO: {'Role': 'Client #16', 'Round': 0, 'Results_raw': {'train_loss': 369.651722, 'train_total': 640, 'train_avg_loss': 0.577581, 'train_acc': 0.75}}[0m
[sls-rolora] RoLoRA round 0 (step=0): train B (default_BA)
[sls-monitor] {'kind': 'fit_start', 'total_param_count': 1331716, 'total_trainable_params': 1257988, 'lora_product_norm': 0.0, 'lora_A_norm': 5.64872089, 'lora_A_params': 73728, 'lora_A_trainable_params': 0, 'lora_B_norm': 0.0, 'lora_B_params': 73728, 'lora_B_trainable_params': 73728, 'classifier_norm': 21.77341507, 'classifier_params': 1184260, 'classifier_trainable_params': 1184260, 'round': 0, 'phase': 'B', 'mode': 'rolora'}
[sls-monitor] {'kind': 'fit_end', 'total_param_count': 1331716, 'total_trainable_params': 1257988, 'lora_product_norm': 0.00527913, 'lora_A_norm': 5.64872089, 'lora_A_params': 73728, 'lora_A_trainable_params': 0, 'lora_B_norm': 0.00912376, 'lora_B_params': 73728, 'lora_B_trainable_params': 73728, 'classifier_norm': 21.77293517, 'classifier_params': 1184260, 'classifier_trainable_params': 1184260, 'update_lora_A_norm': 0.0, 'update_lora_A_params': 0, 'update_lora_B_norm': 0.00912376, 'update_lora_B_params': 73728, 'update_classifier_norm': 0.05614756, 'update_classifier_params': 1184260, 'round': 0, 'phase': 'B', 'mode': 'rolora'}
[38;5;39m2026-06-15 19:14:52,371 (client:431) INFO: {'Role': 'Client #31', 'Round': 0, 'Results_raw': {'train_loss': 440.492796, 'train_total': 640, 'train_avg_loss': 0.68827, 'train_acc': 0.55}}[0m
[sls-rolora] RoLoRA round 0 (step=0): train B (default_BA)
[sls-monitor] {'kind': 'fit_start', 'total_param_count': 1331716, 'total_trainable_params': 1257988, 'lora_product_norm': 0.0, 'lora_A_norm': 5.64872089, 'lora_A_params': 73728, 'lora_A_trainable_params': 0, 'lora_B_norm': 0.0, 'lora_B_params': 73728, 'lora_B_trainable_params': 73728, 'classifier_norm': 21.77341507, 'classifier_params': 1184260, 'classifier_trainable_params': 1184260, 'round': 0, 'phase': 'B', 'mode': 'rolora'}
[sls-monitor] {'kind': 'fit_end', 'total_param_count': 1331716, 'total_trainable_params': 1257988, 'lora_product_norm': 0.02183308, 'lora_A_norm': 5.64872089, 'lora_A_params': 73728, 'lora_A_trainable_params': 0, 'lora_B_norm': 0.03811503, 'lora_B_params': 73728, 'lora_B_trainable_params': 73728, 'classifier_norm': 21.77499951, 'classifier_params': 1184260, 'classifier_trainable_params': 1184260, 'update_lora_A_norm': 0.0, 'update_lora_A_params': 0, 'update_lora_B_norm': 0.03811503, 'update_lora_B_params': 73728, 'update_classifier_norm': 0.22773569, 'update_classifier_params': 1184260, 'round': 0, 'phase': 'B', 'mode': 'rolora'}
[38;5;39m2026-06-15 19:14:55,887 (client:431) INFO: {'Role': 'Client #33', 'Round': 0, 'Results_raw': {'train_loss': 151.010623, 'train_total': 640, 'train_avg_loss': 0.235954, 'train_acc': 0.929688}}[0m
[sls-rolora] RoLoRA round 0 (step=0): train B (default_BA)
[sls-monitor] {'kind': 'fit_start', 'total_param_count': 1331716, 'total_trainable_params': 1257988, 'lora_product_norm': 0.0, 'lora_A_norm': 5.64872089, 'lora_A_params': 73728, 'lora_A_trainable_params': 0, 'lora_B_norm': 0.0, 'lora_B_params': 73728, 'lora_B_trainable_params': 73728, 'classifier_norm': 21.77341507, 'classifier_params': 1184260, 'classifier_trainable_params': 1184260, 'round': 0, 'phase': 'B', 'mode': 'rolora'}
[sls-monitor] {'kind': 'fit_end', 'total_param_count': 1331716, 'total_trainable_params': 1257988, 'lora_product_norm': 0.02930152, 'lora_A_norm': 5.64872089, 'lora_A_params': 73728, 'lora_A_trainable_params': 0, 'lora_B_norm': 0.05112189, 'lora_B_params': 73728, 'lora_B_trainable_params': 73728, 'classifier_norm': 21.77579788, 'classifier_params': 1184260, 'classifier_trainable_params': 1184260, 'update_lora_A_norm': 0.0, 'update_lora_A_params': 0, 'update_lora_B_norm': 0.05112189, 'update_lora_B_params': 73728, 'update_classifier_norm': 0.26649335, 'update_classifier_params': 1184260, 'round': 0, 'phase': 'B', 'mode': 'rolora'}
[38;5;39m2026-06-15 19:14:59,369 (client:431) INFO: {'Role': 'Client #17', 'Round': 0, 'Results_raw': {'train_loss': 106.692042, 'train_total': 640, 'train_avg_loss': 0.166706, 'train_acc': 0.96875}}[0m
[sls-rolora] RoLoRA round 0 (step=0): train B (default_BA)
[sls-monitor] {'kind': 'fit_start', 'total_param_count': 1331716, 'total_trainable_params': 1257988, 'lora_product_norm': 0.0, 'lora_A_norm': 5.64872089, 'lora_A_params': 73728, 'lora_A_trainable_params': 0, 'lora_B_norm': 0.0, 'lora_B_params': 73728, 'lora_B_trainable_params': 73728, 'classifier_norm': 21.77341507, 'classifier_params': 1184260, 'classifier_trainable_params': 1184260, 'round': 0, 'phase': 'B', 'mode': 'rolora'}
[sls-monitor] {'kind': 'fit_end', 'total_param_count': 1331716, 'total_trainable_params': 1257988, 'lora_product_norm': 0.00500045, 'lora_A_norm': 5.64872089, 'lora_A_params': 73728, 'lora_A_trainable_params': 0, 'lora_B_norm': 0.00868287, 'lora_B_params': 73728, 'lora_B_trainable_params': 73728, 'classifier_norm': 21.77293621, 'classifier_params': 1184260, 'classifier_trainable_params': 1184260, 'update_lora_A_norm': 0.0, 'update_lora_A_params': 0, 'update_lora_B_norm': 0.00868287, 'update_lora_B_params': 73728, 'update_classifier_norm': 0.04284755, 'update_classifier_params': 1184260, 'round': 0, 'phase': 'B', 'mode': 'rolora'}
[38;5;39m2026-06-15 19:15:03,265 (client:431) INFO: {'Role': 'Client #43', 'Round': 0, 'Results_raw': {'train_loss': 423.927255, 'train_total': 625, 'train_avg_loss': 0.678284, 'train_acc': 0.5904}}[0m
[sls-rolora] RoLoRA round 0 (step=0): train B (default_BA)
[sls-monitor] {'kind': 'fit_start', 'total_param_count': 1331716, 'total_trainable_params': 1257988, 'lora_product_norm': 0.0, 'lora_A_norm': 5.64872089, 'lora_A_params': 73728, 'lora_A_trainable_params': 0, 'lora_B_norm': 0.0, 'lora_B_params': 73728, 'lora_B_trainable_params': 73728, 'classifier_norm': 21.77341507, 'classifier_params': 1184260, 'classifier_trainable_params': 1184260, 'round': 0, 'phase': 'B', 'mode': 'rolora'}
[sls-monitor] {'kind': 'fit_end', 'total_param_count': 1331716, 'total_trainable_params': 1257988, 'lora_product_norm': 0.02331549, 'lora_A_norm': 5.64872089, 'lora_A_params': 73728, 'lora_A_trainable_params': 0, 'lora_B_norm': 0.04063509, 'lora_B_params': 73728, 'lora_B_trainable_params': 73728, 'classifier_norm': 21.77481636, 'classifier_params': 1184260, 'classifier_trainable_params': 1184260, 'update_lora_A_norm': 0.0, 'update_lora_A_params': 0, 'update_lora_B_norm': 0.04063509, 'update_lora_B_params': 73728, 'update_classifier_norm': 0.2169013, 'update_classifier_params': 1184260, 'round': 0, 'phase': 'B', 'mode': 'rolora'}
[38;5;39m2026-06-15 19:15:06,645 (client:431) INFO: {'Role': 'Client #21', 'Round': 0, 'Results_raw': {'train_loss': 164.900291, 'train_total': 640, 'train_avg_loss': 0.257657, 'train_acc': 0.926562}}[0m
[sls-rolora] RoLoRA round 0 (step=0): train B (default_BA)
[sls-monitor] {'kind': 'fit_start', 'total_param_count': 1331716, 'total_trainable_params': 1257988, 'lora_product_norm': 0.0, 'lora_A_norm': 5.64872089, 'lora_A_params': 73728, 'lora_A_trainable_params': 0, 'lora_B_norm': 0.0, 'lora_B_params': 73728, 'lora_B_trainable_params': 73728, 'classifier_norm': 21.77341507, 'classifier_params': 1184260, 'classifier_trainable_params': 1184260, 'round': 0, 'phase': 'B', 'mode': 'rolora'}
[sls-monitor] {'kind': 'fit_end', 'total_param_count': 1331716, 'total_trainable_params': 1257988, 'lora_product_norm': 0.02769978, 'lora_A_norm': 5.64872089, 'lora_A_params': 73728, 'lora_A_trainable_params': 0, 'lora_B_norm': 0.04829412, 'lora_B_params': 73728, 'lora_B_trainable_params': 73728, 'classifier_norm': 21.77555397, 'classifier_params': 1184260, 'classifier_trainable_params': 1184260, 'update_lora_A_norm': 0.0, 'update_lora_A_params': 0, 'update_lora_B_norm': 0.04829412, 'update_lora_B_params': 73728, 'update_classifier_norm': 0.24741475, 'update_classifier_params': 1184260, 'round': 0, 'phase': 'B', 'mode': 'rolora'}
[38;5;39m2026-06-15 19:15:09,908 (client:431) INFO: {'Role': 'Client #44', 'Round': 0, 'Results_raw': {'train_loss': 106.068761, 'train_total': 640, 'train_avg_loss': 0.165732, 'train_acc': 0.9875}}[0m
[sls-rolora] RoLoRA round 0 (step=0): train B (default_BA)
[sls-monitor] {'kind': 'fit_start', 'total_param_count': 1331716, 'total_trainable_params': 1257988, 'lora_product_norm': 0.0, 'lora_A_norm': 5.64872089, 'lora_A_params': 73728, 'lora_A_trainable_params': 0, 'lora_B_norm': 0.0, 'lora_B_params': 73728, 'lora_B_trainable_params': 73728, 'classifier_norm': 21.77341507, 'classifier_params': 1184260, 'classifier_trainable_params': 1184260, 'round': 0, 'phase': 'B', 'mode': 'rolora'}
[sls-monitor] {'kind': 'fit_end', 'total_param_count': 1331716, 'total_trainable_params': 1257988, 'lora_product_norm': 0.03116673, 'lora_A_norm': 5.64872089, 'lora_A_params': 73728, 'lora_A_trainable_params': 0, 'lora_B_norm': 0.0543447, 'lora_B_params': 73728, 'lora_B_trainable_params': 73728, 'classifier_norm': 21.7756478, 'classifier_params': 1184260, 'classifier_trainable_params': 1184260, 'update_lora_A_norm': 0.0, 'update_lora_A_params': 0, 'update_lora_B_norm': 0.0543447, 'update_lora_B_params': 73728, 'update_classifier_norm': 0.25291924, 'update_classifier_params': 1184260, 'round': 0, 'phase': 'B', 'mode': 'rolora'}
[38;5;39m2026-06-15 19:15:12,957 (client:431) INFO: {'Role': 'Client #9', 'Round': 0, 'Results_raw': {'train_loss': 114.432748, 'train_total': 640, 'train_avg_loss': 0.178801, 'train_acc': 0.982812}}[0m
[sls-rolora] RoLoRA round 0 (step=0): train B (default_BA)
[sls-monitor] {'kind': 'fit_start', 'total_param_count': 1331716, 'total_trainable_params': 1257988, 'lora_product_norm': 0.0, 'lora_A_norm': 5.64872089, 'lora_A_params': 73728, 'lora_A_trainable_params': 0, 'lora_B_norm': 0.0, 'lora_B_params': 73728, 'lora_B_trainable_params': 73728, 'classifier_norm': 21.77341507, 'classifier_params': 1184260, 'classifier_trainable_params': 1184260, 'round': 0, 'phase': 'B', 'mode': 'rolora'}
[sls-monitor] {'kind': 'fit_end', 'total_param_count': 1331716, 'total_trainable_params': 1257988, 'lora_product_norm': 0.00711778, 'lora_A_norm': 5.64872089, 'lora_A_params': 73728, 'lora_A_trainable_params': 0, 'lora_B_norm': 0.0123928, 'lora_B_params': 73728, 'lora_B_trainable_params': 73728, 'classifier_norm': 21.77307983, 'classifier_params': 1184260, 'classifier_trainable_params': 1184260, 'update_lora_A_norm': 0.0, 'update_lora_A_params': 0, 'update_lora_B_norm': 0.0123928, 'update_lora_B_params': 73728, 'update_classifier_norm': 0.07670911, 'update_classifier_params': 1184260, 'round': 0, 'phase': 'B', 'mode': 'rolora'}
[38;5;39m2026-06-15 19:15:16,124 (client:431) INFO: {'Role': 'Client #14', 'Round': 0, 'Results_raw': {'train_loss': 419.593592, 'train_total': 640, 'train_avg_loss': 0.655615, 'train_acc': 0.65625}}[0m
[sls-rolora] RoLoRA round 0 (step=0): train B (default_BA)
[sls-monitor] {'kind': 'fit_start', 'total_param_count': 1331716, 'total_trainable_params': 1257988, 'lora_product_norm': 0.0, 'lora_A_norm': 5.64872089, 'lora_A_params': 73728, 'lora_A_trainable_params': 0, 'lora_B_norm': 0.0, 'lora_B_params': 73728, 'lora_B_trainable_params': 73728, 'classifier_norm': 21.77341507, 'classifier_params': 1184260, 'classifier_trainable_params': 1184260, 'round': 0, 'phase': 'B', 'mode': 'rolora'}
[sls-monitor] {'kind': 'fit_end', 'total_param_count': 1331716, 'total_trainable_params': 1257988, 'lora_product_norm': 0.00941688, 'lora_A_norm': 5.64872089, 'lora_A_params': 73728, 'lora_A_trainable_params': 0, 'lora_B_norm': 0.01637235, 'lora_B_params': 73728, 'lora_B_trainable_params': 73728, 'classifier_norm': 21.773188, 'classifier_params': 1184260, 'classifier_trainable_params': 1184260, 'update_lora_A_norm': 0.0, 'update_lora_A_params': 0, 'update_lora_B_norm': 0.01637235, 'update_lora_B_params': 73728, 'update_classifier_norm': 0.0928287, 'update_classifier_params': 1184260, 'round': 0, 'phase': 'B', 'mode': 'rolora'}
[38;5;39m2026-06-15 19:15:19,347 (client:431) INFO: {'Role': 'Client #26', 'Round': 0, 'Results_raw': {'train_loss': 381.291883, 'train_total': 640, 'train_avg_loss': 0.595769, 'train_acc': 0.742188}}[0m
[sls-rolora] RoLoRA round 0 (step=0): train B (default_BA)
[sls-monitor] {'kind': 'fit_start', 'total_param_count': 1331716, 'total_trainable_params': 1257988, 'lora_product_norm': 0.0, 'lora_A_norm': 5.64872089, 'lora_A_params': 73728, 'lora_A_trainable_params': 0, 'lora_B_norm': 0.0, 'lora_B_params': 73728, 'lora_B_trainable_params': 73728, 'classifier_norm': 21.77341507, 'classifier_params': 1184260, 'classifier_trainable_params': 1184260, 'round': 0, 'phase': 'B', 'mode': 'rolora'}
[sls-monitor] {'kind': 'fit_end', 'total_param_count': 1331716, 'total_trainable_params': 1257988, 'lora_product_norm': 0.02260249, 'lora_A_norm': 5.64872089, 'lora_A_params': 73728, 'lora_A_trainable_params': 0, 'lora_B_norm': 0.03947303, 'lora_B_params': 73728, 'lora_B_trainable_params': 73728, 'classifier_norm': 21.77486356, 'classifier_params': 1184260, 'classifier_trainable_params': 1184260, 'update_lora_A_norm': 0.0, 'update_lora_A_params': 0, 'update_lora_B_norm': 0.03947303, 'update_lora_B_params': 73728, 'update_classifier_norm': 0.22200672, 'update_classifier_params': 1184260, 'round': 0, 'phase': 'B', 'mode': 'rolora'}
[38;5;39m2026-06-15 19:15:23,244 (client:431) INFO: {'Role': 'Client #6', 'Round': 0, 'Results_raw': {'train_loss': 168.375755, 'train_total': 640, 'train_avg_loss': 0.263087, 'train_acc': 0.926562}}[0m
[sls-rolora] RoLoRA round 0 (step=0): train B (default_BA)
[sls-monitor] {'kind': 'fit_start', 'total_param_count': 1331716, 'total_trainable_params': 1257988, 'lora_product_norm': 0.0, 'lora_A_norm': 5.64872089, 'lora_A_params': 73728, 'lora_A_trainable_params': 0, 'lora_B_norm': 0.0, 'lora_B_params': 73728, 'lora_B_trainable_params': 73728, 'classifier_norm': 21.77341507, 'classifier_params': 1184260, 'classifier_trainable_params': 1184260, 'round': 0, 'phase': 'B', 'mode': 'rolora'}
[sls-monitor] {'kind': 'fit_end', 'total_param_count': 1331716, 'total_trainable_params': 1257988, 'lora_product_norm': 0.01841333, 'lora_A_norm': 5.64872089, 'lora_A_params': 73728, 'lora_A_trainable_params': 0, 'lora_B_norm': 0.03200288, 'lora_B_params': 73728, 'lora_B_trainable_params': 73728, 'classifier_norm': 21.77334403, 'classifier_params': 1184260, 'classifier_trainable_params': 1184260, 'update_lora_A_norm': 0.0, 'update_lora_A_params': 0, 'update_lora_B_norm': 0.03200288, 'update_lora_B_params': 73728, 'update_classifier_norm': 0.09967774, 'update_classifier_params': 1184260, 'round': 0, 'phase': 'B', 'mode': 'rolora'}
[38;5;39m2026-06-15 19:15:27,155 (client:431) INFO: {'Role': 'Client #18', 'Round': 0, 'Results_raw': {'train_loss': 355.180607, 'train_total': 640, 'train_avg_loss': 0.55497, 'train_acc': 0.759375}}[0m
[sls-rolora] RoLoRA round 0 (step=0): train B (default_BA)
[sls-monitor] {'kind': 'fit_start', 'total_param_count': 1331716, 'total_trainable_params': 1257988, 'lora_product_norm': 0.0, 'lora_A_norm': 5.64872089, 'lora_A_params': 73728, 'lora_A_trainable_params': 0, 'lora_B_norm': 0.0, 'lora_B_params': 73728, 'lora_B_trainable_params': 73728, 'classifier_norm': 21.77341507, 'classifier_params': 1184260, 'classifier_trainable_params': 1184260, 'round': 0, 'phase': 'B', 'mode': 'rolora'}
[sls-monitor] {'kind': 'fit_end', 'total_param_count': 1331716, 'total_trainable_params': 1257988, 'lora_product_norm': 0.02665286, 'lora_A_norm': 5.64872089, 'lora_A_params': 73728, 'lora_A_trainable_params': 0, 'lora_B_norm': 0.04609684, 'lora_B_params': 73728, 'lora_B_trainable_params': 73728, 'classifier_norm': 21.77301417, 'classifier_params': 1184260, 'classifier_trainable_params': 1184260, 'update_lora_A_norm': 0.0, 'update_lora_A_params': 0, 'update_lora_B_norm': 0.04609685, 'update_lora_B_params': 73728, 'update_classifier_norm': 0.07218186, 'update_classifier_params': 1184260, 'round': 0, 'phase': 'B', 'mode': 'rolora'}
[38;5;39m2026-06-15 19:15:30,970 (client:431) INFO: {'Role': 'Client #41', 'Round': 0, 'Results_raw': {'train_loss': 436.900969, 'train_total': 640, 'train_avg_loss': 0.682658, 'train_acc': 0.6}}[0m
[sls-rolora] RoLoRA round 0 (step=0): train B (default_BA)
[sls-monitor] {'kind': 'fit_start', 'total_param_count': 1331716, 'total_trainable_params': 1257988, 'lora_product_norm': 0.0, 'lora_A_norm': 5.64872089, 'lora_A_params': 73728, 'lora_A_trainable_params': 0, 'lora_B_norm': 0.0, 'lora_B_params': 73728, 'lora_B_trainable_params': 73728, 'classifier_norm': 21.77341507, 'classifier_params': 1184260, 'classifier_trainable_params': 1184260, 'round': 0, 'phase': 'B', 'mode': 'rolora'}
[sls-monitor] {'kind': 'fit_end', 'total_param_count': 1331716, 'total_trainable_params': 1257988, 'lora_product_norm': 0.02099255, 'lora_A_norm': 5.64872089, 'lora_A_params': 73728, 'lora_A_trainable_params': 0, 'lora_B_norm': 0.03659811, 'lora_B_params': 73728, 'lora_B_trainable_params': 73728, 'classifier_norm': 21.77449272, 'classifier_params': 1184260, 'classifier_trainable_params': 1184260, 'update_lora_A_norm': 0.0, 'update_lora_A_params': 0, 'update_lora_B_norm': 0.03659811, 'update_lora_B_params': 73728, 'update_classifier_norm': 0.18872638, 'update_classifier_params': 1184260, 'round': 0, 'phase': 'B', 'mode': 'rolora'}
[38;5;39m2026-06-15 19:15:34,294 (client:431) INFO: {'Role': 'Client #50', 'Round': 0, 'Results_raw': {'train_loss': 186.185099, 'train_total': 640, 'train_avg_loss': 0.290914, 'train_acc': 0.939063}}[0m
[sls-rolora] RoLoRA round 0 (step=0): train B (default_BA)
[sls-monitor] {'kind': 'fit_start', 'total_param_count': 1331716, 'total_trainable_params': 1257988, 'lora_product_norm': 0.0, 'lora_A_norm': 5.64872089, 'lora_A_params': 73728, 'lora_A_trainable_params': 0, 'lora_B_norm': 0.0, 'lora_B_params': 73728, 'lora_B_trainable_params': 73728, 'classifier_norm': 21.77341507, 'classifier_params': 1184260, 'classifier_trainable_params': 1184260, 'round': 0, 'phase': 'B', 'mode': 'rolora'}
[sls-monitor] {'kind': 'fit_end', 'total_param_count': 1331716, 'total_trainable_params': 1257988, 'lora_product_norm': 0.03087966, 'lora_A_norm': 5.64872089, 'lora_A_params': 73728, 'lora_A_trainable_params': 0, 'lora_B_norm': 0.05384032, 'lora_B_params': 73728, 'lora_B_trainable_params': 73728, 'classifier_norm': 21.7757078, 'classifier_params': 1184260, 'classifier_trainable_params': 1184260, 'update_lora_A_norm': 0.0, 'update_lora_A_params': 0, 'update_lora_B_norm': 0.05384031, 'update_lora_B_params': 73728, 'update_classifier_norm': 0.25556619, 'update_classifier_params': 1184260, 'round': 0, 'phase': 'B', 'mode': 'rolora'}
[38;5;39m2026-06-15 19:15:37,715 (client:431) INFO: {'Role': 'Client #2', 'Round': 0, 'Results_raw': {'train_loss': 111.576751, 'train_total': 640, 'train_avg_loss': 0.174339, 'train_acc': 0.985938}}[0m
[sls-rolora] RoLoRA round 0 (step=0): train B (default_BA)
[sls-monitor] {'kind': 'fit_start', 'total_param_count': 1331716, 'total_trainable_params': 1257988, 'lora_product_norm': 0.0, 'lora_A_norm': 5.64872089, 'lora_A_params': 73728, 'lora_A_trainable_params': 0, 'lora_B_norm': 0.0, 'lora_B_params': 73728, 'lora_B_trainable_params': 73728, 'classifier_norm': 21.77341507, 'classifier_params': 1184260, 'classifier_trainable_params': 1184260, 'round': 0, 'phase': 'B', 'mode': 'rolora'}
[sls-monitor] {'kind': 'fit_end', 'total_param_count': 1331716, 'total_trainable_params': 1257988, 'lora_product_norm': 0.02681946, 'lora_A_norm': 5.64872089, 'lora_A_params': 73728, 'lora_A_trainable_params': 0, 'lora_B_norm': 0.04663329, 'lora_B_params': 73728, 'lora_B_trainable_params': 73728, 'classifier_norm': 21.7750358, 'classifier_params': 1184260, 'classifier_trainable_params': 1184260, 'update_lora_A_norm': 0.0, 'update_lora_A_params': 0, 'update_lora_B_norm': 0.04663329, 'update_lora_B_params': 73728, 'update_classifier_norm': 0.22271637, 'update_classifier_params': 1184260, 'round': 0, 'phase': 'B', 'mode': 'rolora'}
[38;5;39m2026-06-15 19:15:41,283 (client:431) INFO: {'Role': 'Client #13', 'Round': 0, 'Results_raw': {'train_loss': 142.176223, 'train_total': 624, 'train_avg_loss': 0.227847, 'train_acc': 0.956731}}[0m
[sls-rolora] RoLoRA round 0 (step=0): train B (default_BA)
[sls-monitor] {'kind': 'fit_start', 'total_param_count': 1331716, 'total_trainable_params': 1257988, 'lora_product_norm': 0.0, 'lora_A_norm': 5.64872089, 'lora_A_params': 73728, 'lora_A_trainable_params': 0, 'lora_B_norm': 0.0, 'lora_B_params': 73728, 'lora_B_trainable_params': 73728, 'classifier_norm': 21.77341507, 'classifier_params': 1184260, 'classifier_trainable_params': 1184260, 'round': 0, 'phase': 'B', 'mode': 'rolora'}
[sls-monitor] {'kind': 'fit_end', 'total_param_count': 1331716, 'total_trainable_params': 1257988, 'lora_product_norm': 0.02103574, 'lora_A_norm': 5.64872089, 'lora_A_params': 73728, 'lora_A_trainable_params': 0, 'lora_B_norm': 0.03668113, 'lora_B_params': 73728, 'lora_B_trainable_params': 73728, 'classifier_norm': 21.77479906, 'classifier_params': 1184260, 'classifier_trainable_params': 1184260, 'update_lora_A_norm': 0.0, 'update_lora_A_params': 0, 'update_lora_B_norm': 0.03668113, 'update_lora_B_params': 73728, 'update_classifier_norm': 0.21906178, 'update_classifier_params': 1184260, 'round': 0, 'phase': 'B', 'mode': 'rolora'}
[38;5;39m2026-06-15 19:15:45,687 (client:431) INFO: {'Role': 'Client #38', 'Round': 0, 'Results_raw': {'train_loss': 174.717811, 'train_total': 640, 'train_avg_loss': 0.272997, 'train_acc': 0.921875}}[0m
[sls-rolora] RoLoRA round 0 (step=0): train B (default_BA)
[sls-monitor] {'kind': 'fit_start', 'total_param_count': 1331716, 'total_trainable_params': 1257988, 'lora_product_norm': 0.0, 'lora_A_norm': 5.64872089, 'lora_A_params': 73728, 'lora_A_trainable_params': 0, 'lora_B_norm': 0.0, 'lora_B_params': 73728, 'lora_B_trainable_params': 73728, 'classifier_norm': 21.77341507, 'classifier_params': 1184260, 'classifier_trainable_params': 1184260, 'round': 0, 'phase': 'B', 'mode': 'rolora'}
[sls-monitor] {'kind': 'fit_end', 'total_param_count': 1331716, 'total_trainable_params': 1257988, 'lora_product_norm': 0.01812079, 'lora_A_norm': 5.64872089, 'lora_A_params': 73728, 'lora_A_trainable_params': 0, 'lora_B_norm': 0.0315661, 'lora_B_params': 73728, 'lora_B_trainable_params': 73728, 'classifier_norm': 21.77413819, 'classifier_params': 1184260, 'classifier_trainable_params': 1184260, 'update_lora_A_norm': 0.0, 'update_lora_A_params': 0, 'update_lora_B_norm': 0.0315661, 'update_lora_B_params': 73728, 'update_classifier_norm': 0.16402169, 'update_classifier_params': 1184260, 'round': 0, 'phase': 'B', 'mode': 'rolora'}
[38;5;39m2026-06-15 19:15:49,732 (client:431) INFO: {'Role': 'Client #25', 'Round': 0, 'Results_raw': {'train_loss': 228.003695, 'train_total': 640, 'train_avg_loss': 0.356256, 'train_acc': 0.903125}}[0m
[sls-rolora] RoLoRA round 0 (step=0): train B (default_BA)
[sls-monitor] {'kind': 'fit_start', 'total_param_count': 1331716, 'total_trainable_params': 1257988, 'lora_product_norm': 0.0, 'lora_A_norm': 5.64872089, 'lora_A_params': 73728, 'lora_A_trainable_params': 0, 'lora_B_norm': 0.0, 'lora_B_params': 73728, 'lora_B_trainable_params': 73728, 'classifier_norm': 21.77341507, 'classifier_params': 1184260, 'classifier_trainable_params': 1184260, 'round': 0, 'phase': 'B', 'mode': 'rolora'}
[sls-monitor] {'kind': 'fit_end', 'total_param_count': 1331716, 'total_trainable_params': 1257988, 'lora_product_norm': 0.01264528, 'lora_A_norm': 5.64872089, 'lora_A_params': 73728, 'lora_A_trainable_params': 0, 'lora_B_norm': 0.02185079, 'lora_B_params': 73728, 'lora_B_trainable_params': 73728, 'classifier_norm': 21.77301283, 'classifier_params': 1184260, 'classifier_trainable_params': 1184260, 'update_lora_A_norm': 0.0, 'update_lora_A_params': 0, 'update_lora_B_norm': 0.02185079, 'update_lora_B_params': 73728, 'update_classifier_norm': 0.05942835, 'update_classifier_params': 1184260, 'round': 0, 'phase': 'B', 'mode': 'rolora'}
[38;5;39m2026-06-15 19:15:53,746 (client:431) INFO: {'Role': 'Client #7', 'Round': 0, 'Results_raw': {'train_loss': 408.500753, 'train_total': 640, 'train_avg_loss': 0.638282, 'train_acc': 0.676562}}[0m
[sls-rolora] RoLoRA round 0 (step=0): train B (default_BA)
[sls-monitor] {'kind': 'fit_start', 'total_param_count': 1331716, 'total_trainable_params': 1257988, 'lora_product_norm': 0.0, 'lora_A_norm': 5.64872089, 'lora_A_params': 73728, 'lora_A_trainable_params': 0, 'lora_B_norm': 0.0, 'lora_B_params': 73728, 'lora_B_trainable_params': 73728, 'classifier_norm': 21.77341507, 'classifier_params': 1184260, 'classifier_trainable_params': 1184260, 'round': 0, 'phase': 'B', 'mode': 'rolora'}
[sls-monitor] {'kind': 'fit_end', 'total_param_count': 1331716, 'total_trainable_params': 1257988, 'lora_product_norm': 0.02234074, 'lora_A_norm': 5.64872089, 'lora_A_params': 73728, 'lora_A_trainable_params': 0, 'lora_B_norm': 0.03885798, 'lora_B_params': 73728, 'lora_B_trainable_params': 73728, 'classifier_norm': 21.77444102, 'classifier_params': 1184260, 'classifier_trainable_params': 1184260, 'update_lora_A_norm': 0.0, 'update_lora_A_params': 0, 'update_lora_B_norm': 0.03885798, 'update_lora_B_params': 73728, 'update_classifier_norm': 0.18943015, 'update_classifier_params': 1184260, 'round': 0, 'phase': 'B', 'mode': 'rolora'}
[38;5;39m2026-06-15 19:15:57,428 (client:431) INFO: {'Role': 'Client #24', 'Round': 0, 'Results_raw': {'train_loss': 135.615101, 'train_total': 478, 'train_avg_loss': 0.283714, 'train_acc': 0.933054}}[0m
[sls-rolora] RoLoRA round 0 (step=0): train B (default_BA)
[sls-monitor] {'kind': 'fit_start', 'total_param_count': 1331716, 'total_trainable_params': 1257988, 'lora_product_norm': 0.0, 'lora_A_norm': 5.64872089, 'lora_A_params': 73728, 'lora_A_trainable_params': 0, 'lora_B_norm': 0.0, 'lora_B_params': 73728, 'lora_B_trainable_params': 73728, 'classifier_norm': 21.77341507, 'classifier_params': 1184260, 'classifier_trainable_params': 1184260, 'round': 0, 'phase': 'B', 'mode': 'rolora'}
[sls-monitor] {'kind': 'fit_end', 'total_param_count': 1331716, 'total_trainable_params': 1257988, 'lora_product_norm': 0.01063866, 'lora_A_norm': 5.64872089, 'lora_A_params': 73728, 'lora_A_trainable_params': 0, 'lora_B_norm': 0.01845695, 'lora_B_params': 73728, 'lora_B_trainable_params': 73728, 'classifier_norm': 21.77318738, 'classifier_params': 1184260, 'classifier_trainable_params': 1184260, 'update_lora_A_norm': 0.0, 'update_lora_A_params': 0, 'update_lora_B_norm': 0.01845695, 'update_lora_B_params': 73728, 'update_classifier_norm': 0.0906493, 'update_classifier_params': 1184260, 'round': 0, 'phase': 'B', 'mode': 'rolora'}
[38;5;39m2026-06-15 19:16:02,330 (client:431) INFO: {'Role': 'Client #37', 'Round': 0, 'Results_raw': {'train_loss': 368.48576, 'train_total': 640, 'train_avg_loss': 0.575759, 'train_acc': 0.753125}}[0m
[sls-rolora] RoLoRA round 0 (step=0): train B (default_BA)
[sls-monitor] {'kind': 'fit_start', 'total_param_count': 1331716, 'total_trainable_params': 1257988, 'lora_product_norm': 0.0, 'lora_A_norm': 5.64872089, 'lora_A_params': 73728, 'lora_A_trainable_params': 0, 'lora_B_norm': 0.0, 'lora_B_params': 73728, 'lora_B_trainable_params': 73728, 'classifier_norm': 21.77341507, 'classifier_params': 1184260, 'classifier_trainable_params': 1184260, 'round': 0, 'phase': 'B', 'mode': 'rolora'}
[sls-monitor] {'kind': 'fit_end', 'total_param_count': 1331716, 'total_trainable_params': 1257988, 'lora_product_norm': 0.01909289, 'lora_A_norm': 5.64872089, 'lora_A_params': 73728, 'lora_A_trainable_params': 0, 'lora_B_norm': 0.03323157, 'lora_B_params': 73728, 'lora_B_trainable_params': 73728, 'classifier_norm': 21.77390392, 'classifier_params': 1184260, 'classifier_trainable_params': 1184260, 'update_lora_A_norm': 0.0, 'update_lora_A_params': 0, 'update_lora_B_norm': 0.03323157, 'update_lora_B_params': 73728, 'update_classifier_norm': 0.15650364, 'update_classifier_params': 1184260, 'round': 0, 'phase': 'B', 'mode': 'rolora'}
[38;5;39m2026-06-15 19:16:07,446 (client:431) INFO: {'Role': 'Client #22', 'Round': 0, 'Results_raw': {'train_loss': 277.590254, 'train_total': 631, 'train_avg_loss': 0.439921, 'train_acc': 0.847861}}[0m
[sls-rolora] RoLoRA round 0 (step=0): train B (default_BA)
[sls-monitor] {'kind': 'fit_start', 'total_param_count': 1331716, 'total_trainable_params': 1257988, 'lora_product_norm': 0.0, 'lora_A_norm': 5.64872089, 'lora_A_params': 73728, 'lora_A_trainable_params': 0, 'lora_B_norm': 0.0, 'lora_B_params': 73728, 'lora_B_trainable_params': 73728, 'classifier_norm': 21.77341507, 'classifier_params': 1184260, 'classifier_trainable_params': 1184260, 'round': 0, 'phase': 'B', 'mode': 'rolora'}
[sls-monitor] {'kind': 'fit_end', 'total_param_count': 1331716, 'total_trainable_params': 1257988, 'lora_product_norm': 0.0278789, 'lora_A_norm': 5.64872089, 'lora_A_params': 73728, 'lora_A_trainable_params': 0, 'lora_B_norm': 0.04868744, 'lora_B_params': 73728, 'lora_B_trainable_params': 73728, 'classifier_norm': 21.7757698, 'classifier_params': 1184260, 'classifier_trainable_params': 1184260, 'update_lora_A_norm': 0.0, 'update_lora_A_params': 0, 'update_lora_B_norm': 0.04868745, 'update_lora_B_params': 73728, 'update_classifier_norm': 0.26580033, 'update_classifier_params': 1184260, 'round': 0, 'phase': 'B', 'mode': 'rolora'}
[38;5;39m2026-06-15 19:16:13,241 (client:431) INFO: {'Role': 'Client #20', 'Round': 0, 'Results_raw': {'train_loss': 106.000284, 'train_total': 640, 'train_avg_loss': 0.165625, 'train_acc': 0.965625}}[0m
[sls-rolora] RoLoRA round 0 (step=0): train B (default_BA)
[sls-monitor] {'kind': 'fit_start', 'total_param_count': 1331716, 'total_trainable_params': 1257988, 'lora_product_norm': 0.0, 'lora_A_norm': 5.64872089, 'lora_A_params': 73728, 'lora_A_trainable_params': 0, 'lora_B_norm': 0.0, 'lora_B_params': 73728, 'lora_B_trainable_params': 73728, 'classifier_norm': 21.77341507, 'classifier_params': 1184260, 'classifier_trainable_params': 1184260, 'round': 0, 'phase': 'B', 'mode': 'rolora'}
[sls-monitor] {'kind': 'fit_end', 'total_param_count': 1331716, 'total_trainable_params': 1257988, 'lora_product_norm': 0.01557894, 'lora_A_norm': 5.64872089, 'lora_A_params': 73728, 'lora_A_trainable_params': 0, 'lora_B_norm': 0.02703062, 'lora_B_params': 73728, 'lora_B_trainable_params': 73728, 'classifier_norm': 21.77337906, 'classifier_params': 1184260, 'classifier_trainable_params': 1184260, 'update_lora_A_norm': 0.0, 'update_lora_A_params': 0, 'update_lora_B_norm': 0.02703062, 'update_lora_B_params': 73728, 'update_classifier_norm': 0.10698653, 'update_classifier_params': 1184260, 'round': 0, 'phase': 'B', 'mode': 'rolora'}
[38;5;39m2026-06-15 19:16:19,249 (client:431) INFO: {'Role': 'Client #10', 'Round': 0, 'Results_raw': {'train_loss': 294.579083, 'train_total': 640, 'train_avg_loss': 0.46028, 'train_acc': 0.840625}}[0m
[sls-rolora] RoLoRA round 0 (step=0): train B (default_BA)
[sls-monitor] {'kind': 'fit_start', 'total_param_count': 1331716, 'total_trainable_params': 1257988, 'lora_product_norm': 0.0, 'lora_A_norm': 5.64872089, 'lora_A_params': 73728, 'lora_A_trainable_params': 0, 'lora_B_norm': 0.0, 'lora_B_params': 73728, 'lora_B_trainable_params': 73728, 'classifier_norm': 21.77341507, 'classifier_params': 1184260, 'classifier_trainable_params': 1184260, 'round': 0, 'phase': 'B', 'mode': 'rolora'}
[sls-monitor] {'kind': 'fit_end', 'total_param_count': 1331716, 'total_trainable_params': 1257988, 'lora_product_norm': 0.00665059, 'lora_A_norm': 5.64872089, 'lora_A_params': 73728, 'lora_A_trainable_params': 0, 'lora_B_norm': 0.01150084, 'lora_B_params': 73728, 'lora_B_trainable_params': 73728, 'classifier_norm': 21.77296376, 'classifier_params': 1184260, 'classifier_trainable_params': 1184260, 'update_lora_A_norm': 0.0, 'update_lora_A_params': 0, 'update_lora_B_norm': 0.01150084, 'update_lora_B_params': 73728, 'update_classifier_norm': 0.03087788, 'update_classifier_params': 1184260, 'round': 0, 'phase': 'B', 'mode': 'rolora'}
[38;5;39m2026-06-15 19:16:25,096 (client:431) INFO: {'Role': 'Client #40', 'Round': 0, 'Results_raw': {'train_loss': 398.797056, 'train_total': 606, 'train_avg_loss': 0.658081, 'train_acc': 0.630363}}[0m
[sls-rolora] RoLoRA round 0 (step=0): train B (default_BA)
[sls-monitor] {'kind': 'fit_start', 'total_param_count': 1331716, 'total_trainable_params': 1257988, 'lora_product_norm': 0.0, 'lora_A_norm': 5.64872089, 'lora_A_params': 73728, 'lora_A_trainable_params': 0, 'lora_B_norm': 0.0, 'lora_B_params': 73728, 'lora_B_trainable_params': 73728, 'classifier_norm': 21.77341507, 'classifier_params': 1184260, 'classifier_trainable_params': 1184260, 'round': 0, 'phase': 'B', 'mode': 'rolora'}
[sls-monitor] {'kind': 'fit_end', 'total_param_count': 1331716, 'total_trainable_params': 1257988, 'lora_product_norm': 0.01378564, 'lora_A_norm': 5.64872089, 'lora_A_params': 73728, 'lora_A_trainable_params': 0, 'lora_B_norm': 0.02399653, 'lora_B_params': 73728, 'lora_B_trainable_params': 73728, 'classifier_norm': 21.77347816, 'classifier_params': 1184260, 'classifier_trainable_params': 1184260, 'update_lora_A_norm': 0.0, 'update_lora_A_params': 0, 'update_lora_B_norm': 0.02399653, 'update_lora_B_params': 73728, 'update_classifier_norm': 0.11232243, 'update_classifier_params': 1184260, 'round': 0, 'phase': 'B', 'mode': 'rolora'}
[38;5;39m2026-06-15 19:16:31,568 (client:431) INFO: {'Role': 'Client #47', 'Round': 0, 'Results_raw': {'train_loss': 339.162935, 'train_total': 640, 'train_avg_loss': 0.529942, 'train_acc': 0.790625}}[0m
[sls-rolora] RoLoRA round 0 (step=0): train B (default_BA)
[sls-monitor] {'kind': 'fit_start', 'total_param_count': 1331716, 'total_trainable_params': 1257988, 'lora_product_norm': 0.0, 'lora_A_norm': 5.64872089, 'lora_A_params': 73728, 'lora_A_trainable_params': 0, 'lora_B_norm': 0.0, 'lora_B_params': 73728, 'lora_B_trainable_params': 73728, 'classifier_norm': 21.77341507, 'classifier_params': 1184260, 'classifier_trainable_params': 1184260, 'round': 0, 'phase': 'B', 'mode': 'rolora'}
[sls-monitor] {'kind': 'fit_end', 'total_param_count': 1331716, 'total_trainable_params': 1257988, 'lora_product_norm': 0.02969201, 'lora_A_norm': 5.64872089, 'lora_A_params': 73728, 'lora_A_trainable_params': 0, 'lora_B_norm': 0.05175778, 'lora_B_params': 73728, 'lora_B_trainable_params': 73728, 'classifier_norm': 21.77572169, 'classifier_params': 1184260, 'classifier_trainable_params': 1184260, 'update_lora_A_norm': 0.0, 'update_lora_A_params': 0, 'update_lora_B_norm': 0.05175778, 'update_lora_B_params': 73728, 'update_classifier_norm': 0.25524275, 'update_classifier_params': 1184260, 'round': 0, 'phase': 'B', 'mode': 'rolora'}
[38;5;39m2026-06-15 19:16:37,979 (client:431) INFO: {'Role': 'Client #4', 'Round': 0, 'Results_raw': {'train_loss': 103.795343, 'train_total': 640, 'train_avg_loss': 0.16218, 'train_acc': 0.985938}}[0m
[sls-monitor] {'kind': 'global_pre_train', 'total_param_count': 1331716, 'total_trainable_params': 1257988, 'lora_product_norm': 0.0, 'lora_A_norm': 5.64872089, 'lora_A_params': 73728, 'lora_A_trainable_params': 0, 'lora_B_norm': 0.0, 'lora_B_params': 73728, 'lora_B_trainable_params': 73728, 'classifier_norm': 21.77341507, 'classifier_params': 1184260, 'classifier_trainable_params': 1184260, 'round': 0, 'client': 1, 'phase': 'B'}
[sls-rolora] RoLoRA round 0 (step=0): train B (default_BA)
[sls-monitor] {'kind': 'fit_start', 'total_param_count': 1331716, 'total_trainable_params': 1257988, 'lora_product_norm': 0.0, 'lora_A_norm': 5.64872089, 'lora_A_params': 73728, 'lora_A_trainable_params': 0, 'lora_B_norm': 0.0, 'lora_B_params': 73728, 'lora_B_trainable_params': 73728, 'classifier_norm': 21.77341507, 'classifier_params': 1184260, 'classifier_trainable_params': 1184260, 'round': 0, 'phase': 'B', 'mode': 'rolora'}
[sls-monitor] {'kind': 'fit_end', 'total_param_count': 1331716, 'total_trainable_params': 1257988, 'lora_product_norm': 0.00917854, 'lora_A_norm': 5.64872089, 'lora_A_params': 73728, 'lora_A_trainable_params': 0, 'lora_B_norm': 0.01596799, 'lora_B_params': 73728, 'lora_B_trainable_params': 73728, 'classifier_norm': 21.7732053, 'classifier_params': 1184260, 'classifier_trainable_params': 1184260, 'update_lora_A_norm': 0.0, 'update_lora_A_params': 0, 'update_lora_B_norm': 0.01596799, 'update_lora_B_params': 73728, 'update_classifier_norm': 0.07990134, 'update_classifier_params': 1184260, 'round': 0, 'phase': 'B', 'mode': 'rolora'}
[sls-monitor] {'kind': 'client_post_train', 'update_lora_A_norm': 0.0, 'update_lora_A_params': 0, 'update_lora_B_norm': 0.01596799, 'update_lora_B_params': 73728, 'update_classifier_norm': 0.07990134, 'update_classifier_params': 1184260, 'round': 0, 'client': 1, 'sample_size': 640}
[38;5;39m2026-06-15 19:16:44,340 (client:431) INFO: {'Role': 'Client #1', 'Round': 0, 'Results_raw': {'train_loss': 369.661041, 'train_total': 640, 'train_avg_loss': 0.577595, 'train_acc': 0.751563}}[0m
[sls-rolora] RoLoRA round 0 (step=0): train B (default_BA)
[sls-monitor] {'kind': 'fit_start', 'total_param_count': 1331716, 'total_trainable_params': 1257988, 'lora_product_norm': 0.0, 'lora_A_norm': 5.64872089, 'lora_A_params': 73728, 'lora_A_trainable_params': 0, 'lora_B_norm': 0.0, 'lora_B_params': 73728, 'lora_B_trainable_params': 73728, 'classifier_norm': 21.77341507, 'classifier_params': 1184260, 'classifier_trainable_params': 1184260, 'round': 0, 'phase': 'B', 'mode': 'rolora'}
[sls-monitor] {'kind': 'fit_end', 'total_param_count': 1331716, 'total_trainable_params': 1257988, 'lora_product_norm': 0.02238481, 'lora_A_norm': 5.64872089, 'lora_A_params': 73728, 'lora_A_trainable_params': 0, 'lora_B_norm': 0.03889855, 'lora_B_params': 73728, 'lora_B_trainable_params': 73728, 'classifier_norm': 21.77406375, 'classifier_params': 1184260, 'classifier_trainable_params': 1184260, 'update_lora_A_norm': 0.0, 'update_lora_A_params': 0, 'update_lora_B_norm': 0.03889855, 'update_lora_B_params': 73728, 'update_classifier_norm': 0.16346251, 'update_classifier_params': 1184260, 'round': 0, 'phase': 'B', 'mode': 'rolora'}
[38;5;39m2026-06-15 19:16:50,620 (client:431) INFO: {'Role': 'Client #48', 'Round': 0, 'Results_raw': {'train_loss': 253.061282, 'train_total': 640, 'train_avg_loss': 0.395408, 'train_acc': 0.8875}}[0m
[sls-rolora] RoLoRA round 0 (step=0): train B (default_BA)
[sls-monitor] {'kind': 'fit_start', 'total_param_count': 1331716, 'total_trainable_params': 1257988, 'lora_product_norm': 0.0, 'lora_A_norm': 5.64872089, 'lora_A_params': 73728, 'lora_A_trainable_params': 0, 'lora_B_norm': 0.0, 'lora_B_params': 73728, 'lora_B_trainable_params': 73728, 'classifier_norm': 21.77341507, 'classifier_params': 1184260, 'classifier_trainable_params': 1184260, 'round': 0, 'phase': 'B', 'mode': 'rolora'}
[sls-monitor] {'kind': 'fit_end', 'total_param_count': 1331716, 'total_trainable_params': 1257988, 'lora_product_norm': 0.02602916, 'lora_A_norm': 5.64872089, 'lora_A_params': 73728, 'lora_A_trainable_params': 0, 'lora_B_norm': 0.04540772, 'lora_B_params': 73728, 'lora_B_trainable_params': 73728, 'classifier_norm': 21.7753848, 'classifier_params': 1184260, 'classifier_trainable_params': 1184260, 'update_lora_A_norm': 0.0, 'update_lora_A_params': 0, 'update_lora_B_norm': 0.04540772, 'update_lora_B_params': 73728, 'update_classifier_norm': 0.24706206, 'update_classifier_params': 1184260, 'round': 0, 'phase': 'B', 'mode': 'rolora'}
[38;5;39m2026-06-15 19:16:57,629 (client:431) INFO: {'Role': 'Client #45', 'Round': 0, 'Results_raw': {'train_loss': 131.819578, 'train_total': 625, 'train_avg_loss': 0.210911, 'train_acc': 0.9488}}[0m
[sls-agg] {'kind': 'aggregate_client_drift', 'client_count': 50, 'sample_size_total': 31613, 'client_delta_lora_A_mean': 0.0, 'client_delta_lora_A_std': 0.0, 'client_delta_lora_A_max': 0.0, 'client_delta_lora_A_min': 0.0, 'client_delta_lora_B_mean': 0.04260614, 'client_delta_lora_B_std': 0.02140566, 'client_delta_lora_B_max': 0.07085052, 'client_delta_lora_B_min': 0.0, 'client_delta_classifier_mean': 0.23963791, 'client_delta_classifier_std': 0.17102319, 'client_delta_classifier_max': 0.4982573, 'client_delta_classifier_min': 0.0, 'round': 0, 'aggregator': 'ClientsAvgAggregator'}
[sls-agg] {'kind': 'aggregate_result', 'aggregate_update_lora_A_norm': 0.0, 'aggregate_update_lora_A_params': 0, 'aggregate_update_lora_B_norm': 0.03575058, 'aggregate_update_lora_B_params': 73728, 'aggregate_update_classifier_norm': 0.23328505, 'aggregate_update_classifier_params': 1184260, 'aggregate_lora_A_norm': 0.0, 'aggregate_lora_A_params': 0, 'aggregate_lora_B_norm': 0.01790664, 'aggregate_lora_B_params': 73728, 'aggregate_classifier_norm': 21.77351041, 'aggregate_classifier_params': 1184260, 'aggregate_lora_product_norm': 0.0, 'round': 0, 'aggregator': 'ClientsAvgAggregator'}
[38;5;39m2026-06-15 19:16:57,968 (server:354) INFO: Server: Starting evaluation at the end of round 0.[0m
[33;20m2026-06-15 19:17:23,049 (context:226) WARNING: cur_mode `test` mismatch mode `val`, will use `val` to calculate `ctx.var`.[0m
[33;20m2026-06-15 19:17:23,050 (context:226) WARNING: cur_mode `test` mismatch mode `val`, will use `val` to calculate `ctx.var`.[0m
[38;5;39m2026-06-15 19:17:27,264 (server:1005) INFO: {'Role': 'Server #', 'Round': 1, 'Results_raw': {'test_loss': 3793.569881, 'test_total': 5463, 'test_avg_loss': 0.694411, 'test_acc': 0.4946, 'val_loss': 725.872477, 'val_total': 1048, 'val_avg_loss': 0.692626, 'val_acc': 0.513359}}[0m
[38;5;39m2026-06-15 19:17:27,265 (server:360) INFO: ----------- Starting a new training round (Round #1) -------------[0m
[sls-rolora] RoLoRA round 1 (step=1): train A (default_BA)
[sls-monitor] {'kind': 'fit_start', 'total_param_count': 1331716, 'total_trainable_params': 1257988, 'lora_product_norm': 0.01027387, 'lora_A_norm': 5.64872089, 'lora_A_params': 73728, 'lora_A_trainable_params': 73728, 'lora_B_norm': 0.01790664, 'lora_B_params': 73728, 'lora_B_trainable_params': 0, 'classifier_norm': 21.77351041, 'classifier_params': 1184260, 'classifier_trainable_params': 1184260, 'round': 1, 'phase': 'A', 'mode': 'rolora'}
[sls-monitor] {'kind': 'fit_end', 'total_param_count': 1331716, 'total_trainable_params': 1257988, 'lora_product_norm': 0.01027601, 'lora_A_norm': 5.64853583, 'lora_A_params': 73728, 'lora_A_trainable_params': 73728, 'lora_B_norm': 0.01790664, 'lora_B_params': 73728, 'lora_B_trainable_params': 0, 'classifier_norm': 21.77398901, 'classifier_params': 1184260, 'classifier_trainable_params': 1184260, 'update_lora_A_norm': 0.00392107, 'update_lora_A_params': 73728, 'update_lora_B_norm': 0.0, 'update_lora_B_params': 0, 'update_classifier_norm': 0.14746352, 'update_classifier_params': 1184260, 'round': 1, 'phase': 'A', 'mode': 'rolora'}
[38;5;39m2026-06-15 19:17:32,627 (client:431) INFO: {'Role': 'Client #3', 'Round': 1, 'Results_raw': {'train_loss': 230.254526, 'train_total': 606, 'train_avg_loss': 0.379958, 'train_acc': 0.905941}}[0m
[sls-rolora] RoLoRA round 1 (step=1): train A (default_BA)
[sls-monitor] {'kind': 'fit_start', 'total_param_count': 1331716, 'total_trainable_params': 1257988, 'lora_product_norm': 0.01027601, 'lora_A_norm': 5.64853583, 'lora_A_params': 73728, 'lora_A_trainable_params': 73728, 'lora_B_norm': 0.01790664, 'lora_B_params': 73728, 'lora_B_trainable_params': 0, 'classifier_norm': 21.77351041, 'classifier_params': 1184260, 'classifier_trainable_params': 1184260, 'round': 1, 'phase': 'A', 'mode': 'rolora'}
[sls-monitor] {'kind': 'fit_end', 'total_param_count': 1331716, 'total_trainable_params': 1257988, 'lora_product_norm': 0.01027564, 'lora_A_norm': 5.64831677, 'lora_A_params': 73728, 'lora_A_trainable_params': 73728, 'lora_B_norm': 0.01790664, 'lora_B_params': 73728, 'lora_B_trainable_params': 0, 'classifier_norm': 21.77301583, 'classifier_params': 1184260, 'classifier_trainable_params': 1184260, 'update_lora_A_norm': 0.00060771, 'update_lora_A_params': 73728, 'update_lora_B_norm': 0.0, 'update_lora_B_params': 0, 'update_classifier_norm': 0.04122024, 'update_classifier_params': 1184260, 'round': 1, 'phase': 'A', 'mode': 'rolora'}
[38;5;39m2026-06-15 19:17:38,373 (client:431) INFO: {'Role': 'Client #31', 'Round': 1, 'Results_raw': {'train_loss': 442.293344, 'train_total': 640, 'train_avg_loss': 0.691083, 'train_acc': 0.571875}}[0m
[sls-rolora] RoLoRA round 1 (step=1): train A (default_BA)
[sls-monitor] {'kind': 'fit_start', 'total_param_count': 1331716, 'total_trainable_params': 1257988, 'lora_product_norm': 0.01027564, 'lora_A_norm': 5.64831677, 'lora_A_params': 73728, 'lora_A_trainable_params': 73728, 'lora_B_norm': 0.01790664, 'lora_B_params': 73728, 'lora_B_trainable_params': 0, 'classifier_norm': 21.77351041, 'classifier_params': 1184260, 'classifier_trainable_params': 1184260, 'round': 1, 'phase': 'A', 'mode': 'rolora'}
[sls-monitor] {'kind': 'fit_end', 'total_param_count': 1331716, 'total_trainable_params': 1257988, 'lora_product_norm': 0.01028002, 'lora_A_norm': 5.6481858, 'lora_A_params': 73728, 'lora_A_trainable_params': 73728, 'lora_B_norm': 0.01790664, 'lora_B_params': 73728, 'lora_B_trainable_params': 0, 'classifier_norm': 21.7748308, 'classifier_params': 1184260, 'classifier_trainable_params': 1184260, 'update_lora_A_norm': 0.00629721, 'update_lora_A_params': 73728, 'update_lora_B_norm': 0.0, 'update_lora_B_params': 0, 'update_classifier_norm': 0.2191019, 'update_classifier_params': 1184260, 'round': 1, 'phase': 'A', 'mode': 'rolora'}
[38;5;39m2026-06-15 19:17:42,317 (client:431) INFO: {'Role': 'Client #24', 'Round': 1, 'Results_raw': {'train_loss': 143.381106, 'train_total': 478, 'train_avg_loss': 0.29996, 'train_acc': 0.899582}}[0m
[sls-rolora] RoLoRA round 1 (step=1): train A (default_BA)
[sls-monitor] {'kind': 'fit_start', 'total_param_count': 1331716, 'total_trainable_params': 1257988, 'lora_product_norm': 0.01028002, 'lora_A_norm': 5.6481858, 'lora_A_params': 73728, 'lora_A_trainable_params': 73728, 'lora_B_norm': 0.01790664, 'lora_B_params': 73728, 'lora_B_trainable_params': 0, 'classifier_norm': 21.77351041, 'classifier_params': 1184260, 'classifier_trainable_params': 1184260, 'round': 1, 'phase': 'A', 'mode': 'rolora'}
[sls-monitor] {'kind': 'fit_end', 'total_param_count': 1331716, 'total_trainable_params': 1257988, 'lora_product_norm': 0.01028776, 'lora_A_norm': 5.64810028, 'lora_A_params': 73728, 'lora_A_trainable_params': 73728, 'lora_B_norm': 0.01790664, 'lora_B_params': 73728, 'lora_B_trainable_params': 0, 'classifier_norm': 21.77581897, 'classifier_params': 1184260, 'classifier_trainable_params': 1184260, 'update_lora_A_norm': 0.00965687, 'update_lora_A_params': 73728, 'update_lora_B_norm': 0.0, 'update_lora_B_params': 0, 'update_classifier_norm': 0.25320592, 'update_classifier_params': 1184260, 'round': 1, 'phase': 'A', 'mode': 'rolora'}
[38;5;39m2026-06-15 19:17:47,533 (client:431) INFO: {'Role': 'Client #17', 'Round': 1, 'Results_raw': {'train_loss': 108.524142, 'train_total': 640, 'train_avg_loss': 0.169569, 'train_acc': 0.996875}}[0m
[sls-rolora] RoLoRA round 1 (step=1): train A (default_BA)
[sls-monitor] {'kind': 'fit_start', 'total_param_count': 1331716, 'total_trainable_params': 1257988, 'lora_product_norm': 0.01028776, 'lora_A_norm': 5.64810028, 'lora_A_params': 73728, 'lora_A_trainable_params': 73728, 'lora_B_norm': 0.01790664, 'lora_B_params': 73728, 'lora_B_trainable_params': 0, 'classifier_norm': 21.77351041, 'classifier_params': 1184260, 'classifier_trainable_params': 1184260, 'round': 1, 'phase': 'A', 'mode': 'rolora'}
[sls-monitor] {'kind': 'fit_end', 'total_param_count': 1331716, 'total_trainable_params': 1257988, 'lora_product_norm': 0.01028799, 'lora_A_norm': 5.64788562, 'lora_A_params': 73728, 'lora_A_trainable_params': 73728, 'lora_B_norm': 0.01790664, 'lora_B_params': 73728, 'lora_B_trainable_params': 0, 'classifier_norm': 21.7732101, 'classifier_params': 1184260, 'classifier_trainable_params': 1184260, 'update_lora_A_norm': 0.00073754, 'update_lora_A_params': 73728, 'update_lora_B_norm': 0.0, 'update_lora_B_params': 0, 'update_classifier_norm': 0.06660038, 'update_classifier_params': 1184260, 'round': 1, 'phase': 'A', 'mode': 'rolora'}
[38;5;39m2026-06-15 19:17:52,361 (client:431) INFO: {'Role': 'Client #14', 'Round': 1, 'Results_raw': {'train_loss': 401.295223, 'train_total': 640, 'train_avg_loss': 0.627024, 'train_acc': 0.703125}}[0m
[sls-rolora] RoLoRA round 1 (step=1): train A (default_BA)
[sls-monitor] {'kind': 'fit_start', 'total_param_count': 1331716, 'total_trainable_params': 1257988, 'lora_product_norm': 0.01028799, 'lora_A_norm': 5.64788562, 'lora_A_params': 73728, 'lora_A_trainable_params': 73728, 'lora_B_norm': 0.01790664, 'lora_B_params': 73728, 'lora_B_trainable_params': 0, 'classifier_norm': 21.77351041, 'classifier_params': 1184260, 'classifier_trainable_params': 1184260, 'round': 1, 'phase': 'A', 'mode': 'rolora'}
[sls-monitor] {'kind': 'fit_end', 'total_param_count': 1331716, 'total_trainable_params': 1257988, 'lora_product_norm': 0.01029564, 'lora_A_norm': 5.64778922, 'lora_A_params': 73728, 'lora_A_trainable_params': 73728, 'lora_B_norm': 0.01790664, 'lora_B_params': 73728, 'lora_B_trainable_params': 0, 'classifier_norm': 21.7753612, 'classifier_params': 1184260, 'classifier_trainable_params': 1184260, 'update_lora_A_norm': 0.00825208, 'update_lora_A_params': 73728, 'update_lora_B_norm': 0.0, 'update_lora_B_params': 0, 'update_classifier_norm': 0.23002205, 'update_classifier_params': 1184260, 'round': 1, 'phase': 'A', 'mode': 'rolora'}
[38;5;39m2026-06-15 19:17:57,653 (client:431) INFO: {'Role': 'Client #29', 'Round': 1, 'Results_raw': {'train_loss': 130.622332, 'train_total': 640, 'train_avg_loss': 0.204097, 'train_acc': 0.976562}}[0m
[sls-rolora] RoLoRA round 1 (step=1): train A (default_BA)
[sls-monitor] {'kind': 'fit_start', 'total_param_count': 1331716, 'total_trainable_params': 1257988, 'lora_product_norm': 0.01029564, 'lora_A_norm': 5.64778922, 'lora_A_params': 73728, 'lora_A_trainable_params': 73728, 'lora_B_norm': 0.01790664, 'lora_B_params': 73728, 'lora_B_trainable_params': 0, 'classifier_norm': 21.77351041, 'classifier_params': 1184260, 'classifier_trainable_params': 1184260, 'round': 1, 'phase': 'A', 'mode': 'rolora'}
[sls-monitor] {'kind': 'fit_end', 'total_param_count': 1331716, 'total_trainable_params': 1257988, 'lora_product_norm': 0.01029698, 'lora_A_norm': 5.64759161, 'lora_A_params': 73728, 'lora_A_trainable_params': 73728, 'lora_B_norm': 0.01790664, 'lora_B_params': 73728, 'lora_B_trainable_params': 0, 'classifier_norm': 21.77367444, 'classifier_params': 1184260, 'classifier_trainable_params': 1184260, 'update_lora_A_norm': 0.00170054, 'update_lora_A_params': 73728, 'update_lora_B_norm': 0.0, 'update_lora_B_params': 0, 'update_classifier_norm': 0.13815582, 'update_classifier_params': 1184260, 'round': 1, 'phase': 'A', 'mode': 'rolora'}
[38;5;39m2026-06-15 19:18:02,779 (client:431) INFO: {'Role': 'Client #10', 'Round': 1, 'Results_raw': {'train_loss': 300.991205, 'train_total': 640, 'train_avg_loss': 0.470299, 'train_acc': 0.815625}}[0m
[sls-rolora] RoLoRA round 1 (step=1): train A (default_BA)
[sls-monitor] {'kind': 'fit_start', 'total_param_count': 1331716, 'total_trainable_params': 1257988, 'lora_product_norm': 0.01029698, 'lora_A_norm': 5.64759161, 'lora_A_params': 73728, 'lora_A_trainable_params': 73728, 'lora_B_norm': 0.01790664, 'lora_B_params': 73728, 'lora_B_trainable_params': 0, 'classifier_norm': 21.77351041, 'classifier_params': 1184260, 'classifier_trainable_params': 1184260, 'round': 1, 'phase': 'A', 'mode': 'rolora'}
[sls-monitor] {'kind': 'fit_end', 'total_param_count': 1331716, 'total_trainable_params': 1257988, 'lora_product_norm': 0.01030702, 'lora_A_norm': 5.64753227, 'lora_A_params': 73728, 'lora_A_trainable_params': 73728, 'lora_B_norm': 0.01790664, 'lora_B_params': 73728, 'lora_B_trainable_params': 0, 'classifier_norm': 21.77520922, 'classifier_params': 1184260, 'classifier_trainable_params': 1184260, 'update_lora_A_norm': 0.00921259, 'update_lora_A_params': 73728, 'update_lora_B_norm': 0.0, 'update_lora_B_params': 0, 'update_classifier_norm': 0.21847601, 'update_classifier_params': 1184260, 'round': 1, 'phase': 'A', 'mode': 'rolora'}
[38;5;39m2026-06-15 19:18:08,051 (client:431) INFO: {'Role': 'Client #46', 'Round': 1, 'Results_raw': {'train_loss': 158.015981, 'train_total': 640, 'train_avg_loss': 0.2469, 'train_acc': 0.964063}}[0m
[sls-rolora] RoLoRA round 1 (step=1): train A (default_BA)
[sls-monitor] {'kind': 'fit_start', 'total_param_count': 1331716, 'total_trainable_params': 1257988, 'lora_product_norm': 0.01030702, 'lora_A_norm': 5.64753227, 'lora_A_params': 73728, 'lora_A_trainable_params': 73728, 'lora_B_norm': 0.01790664, 'lora_B_params': 73728, 'lora_B_trainable_params': 0, 'classifier_norm': 21.77351041, 'classifier_params': 1184260, 'classifier_trainable_params': 1184260, 'round': 1, 'phase': 'A', 'mode': 'rolora'}
[sls-monitor] {'kind': 'fit_end', 'total_param_count': 1331716, 'total_trainable_params': 1257988, 'lora_product_norm': 0.01031685, 'lora_A_norm': 5.64748206, 'lora_A_params': 73728, 'lora_A_trainable_params': 73728, 'lora_B_norm': 0.01790664, 'lora_B_params': 73728, 'lora_B_trainable_params': 0, 'classifier_norm': 21.77553253, 'classifier_params': 1184260, 'classifier_trainable_params': 1184260, 'update_lora_A_norm': 0.00820217, 'update_lora_A_params': 73728, 'update_lora_B_norm': 0.0, 'update_lora_B_params': 0, 'update_classifier_norm': 0.25643597, 'update_classifier_params': 1184260, 'round': 1, 'phase': 'A', 'mode': 'rolora'}
[38;5;39m2026-06-15 19:18:12,851 (client:431) INFO: {'Role': 'Client #34', 'Round': 1, 'Results_raw': {'train_loss': 119.257702, 'train_total': 640, 'train_avg_loss': 0.18634, 'train_acc': 0.946875}}[0m
[sls-rolora] RoLoRA round 1 (step=1): train A (default_BA)
[sls-monitor] {'kind': 'fit_start', 'total_param_count': 1331716, 'total_trainable_params': 1257988, 'lora_product_norm': 0.01031685, 'lora_A_norm': 5.64748206, 'lora_A_params': 73728, 'lora_A_trainable_params': 73728, 'lora_B_norm': 0.01790664, 'lora_B_params': 73728, 'lora_B_trainable_params': 0, 'classifier_norm': 21.77351041, 'classifier_params': 1184260, 'classifier_trainable_params': 1184260, 'round': 1, 'phase': 'A', 'mode': 'rolora'}
[sls-monitor] {'kind': 'fit_end', 'total_param_count': 1331716, 'total_trainable_params': 1257988, 'lora_product_norm': 0.01032642, 'lora_A_norm': 5.64740585, 'lora_A_params': 73728, 'lora_A_trainable_params': 73728, 'lora_B_norm': 0.01790664, 'lora_B_params': 73728, 'lora_B_trainable_params': 0, 'classifier_norm': 21.77489107, 'classifier_params': 1184260, 'classifier_trainable_params': 1184260, 'update_lora_A_norm': 0.0073331, 'update_lora_A_params': 73728, 'update_lora_B_norm': 0.0, 'update_lora_B_params': 0, 'update_classifier_norm': 0.20486311, 'update_classifier_params': 1184260, 'round': 1, 'phase': 'A', 'mode': 'rolora'}
[38;5;39m2026-06-15 19:18:17,962 (client:431) INFO: {'Role': 'Client #38', 'Round': 1, 'Results_raw': {'train_loss': 176.167859, 'train_total': 640, 'train_avg_loss': 0.275262, 'train_acc': 0.959375}}[0m
[sls-rolora] RoLoRA round 1 (step=1): train A (default_BA)
[sls-monitor] {'kind': 'fit_start', 'total_param_count': 1331716, 'total_trainable_params': 1257988, 'lora_product_norm': 0.01032642, 'lora_A_norm': 5.64740585, 'lora_A_params': 73728, 'lora_A_trainable_params': 73728, 'lora_B_norm': 0.01790664, 'lora_B_params': 73728, 'lora_B_trainable_params': 0, 'classifier_norm': 21.77351041, 'classifier_params': 1184260, 'classifier_trainable_params': 1184260, 'round': 1, 'phase': 'A', 'mode': 'rolora'}
[sls-monitor] {'kind': 'fit_end', 'total_param_count': 1331716, 'total_trainable_params': 1257988, 'lora_product_norm': 0.01032866, 'lora_A_norm': 5.64722958, 'lora_A_params': 73728, 'lora_A_trainable_params': 73728, 'lora_B_norm': 0.01790664, 'lora_B_params': 73728, 'lora_B_trainable_params': 0, 'classifier_norm': 21.77339277, 'classifier_params': 1184260, 'classifier_trainable_params': 1184260, 'update_lora_A_norm': 0.00202953, 'update_lora_A_params': 73728, 'update_lora_B_norm': 0.0, 'update_lora_B_params': 0, 'update_classifier_norm': 0.11394576, 'update_classifier_params': 1184260, 'round': 1, 'phase': 'A', 'mode': 'rolora'}
[38;5;39m2026-06-15 19:18:22,459 (client:431) INFO: {'Role': 'Client #47', 'Round': 1, 'Results_raw': {'train_loss': 345.969055, 'train_total': 640, 'train_avg_loss': 0.540577, 'train_acc': 0.776563}}[0m
[sls-rolora] RoLoRA round 1 (step=1): train A (default_BA)
[sls-monitor] {'kind': 'fit_start', 'total_param_count': 1331716, 'total_trainable_params': 1257988, 'lora_product_norm': 0.01032866, 'lora_A_norm': 5.64722958, 'lora_A_params': 73728, 'lora_A_trainable_params': 73728, 'lora_B_norm': 0.01790664, 'lora_B_params': 73728, 'lora_B_trainable_params': 0, 'classifier_norm': 21.77351041, 'classifier_params': 1184260, 'classifier_trainable_params': 1184260, 'round': 1, 'phase': 'A', 'mode': 'rolora'}
[sls-monitor] {'kind': 'fit_end', 'total_param_count': 1331716, 'total_trainable_params': 1257988, 'lora_product_norm': 0.01032831, 'lora_A_norm': 5.64700592, 'lora_A_params': 73728, 'lora_A_trainable_params': 73728, 'lora_B_norm': 0.01790664, 'lora_B_params': 73728, 'lora_B_trainable_params': 0, 'classifier_norm': 21.77303393, 'classifier_params': 1184260, 'classifier_trainable_params': 1184260, 'update_lora_A_norm': 0.00026388, 'update_lora_A_params': 73728, 'update_lora_B_norm': 0.0, 'update_lora_B_params': 0, 'update_classifier_norm': 0.05518066, 'update_classifier_params': 1184260, 'round': 1, 'phase': 'A', 'mode': 'rolora'}
[38;5;39m2026-06-15 19:18:27,300 (client:431) INFO: {'Role': 'Client #8', 'Round': 1, 'Results_raw': {'train_loss': 440.490917, 'train_total': 640, 'train_avg_loss': 0.688267, 'train_acc': 0.573438}}[0m
[sls-rolora] RoLoRA round 1 (step=1): train A (default_BA)
[sls-monitor] {'kind': 'fit_start', 'total_param_count': 1331716, 'total_trainable_params': 1257988, 'lora_product_norm': 0.01032831, 'lora_A_norm': 5.64700592, 'lora_A_params': 73728, 'lora_A_trainable_params': 73728, 'lora_B_norm': 0.01790664, 'lora_B_params': 73728, 'lora_B_trainable_params': 0, 'classifier_norm': 21.77351041, 'classifier_params': 1184260, 'classifier_trainable_params': 1184260, 'round': 1, 'phase': 'A', 'mode': 'rolora'}
[sls-monitor] {'kind': 'fit_end', 'total_param_count': 1331716, 'total_trainable_params': 1257988, 'lora_product_norm': 0.01033674, 'lora_A_norm': 5.64691936, 'lora_A_params': 73728, 'lora_A_trainable_params': 73728, 'lora_B_norm': 0.01790664, 'lora_B_params': 73728, 'lora_B_trainable_params': 0, 'classifier_norm': 21.77453532, 'classifier_params': 1184260, 'classifier_trainable_params': 1184260, 'update_lora_A_norm': 0.00597113, 'update_lora_A_params': 73728, 'update_lora_B_norm': 0.0, 'update_lora_B_params': 0, 'update_classifier_norm': 0.20369788, 'update_classifier_params': 1184260, 'round': 1, 'phase': 'A', 'mode': 'rolora'}
[38;5;39m2026-06-15 19:18:31,679 (client:431) INFO: {'Role': 'Client #35', 'Round': 1, 'Results_raw': {'train_loss': 186.048794, 'train_total': 640, 'train_avg_loss': 0.290701, 'train_acc': 0.910937}}[0m
[sls-rolora] RoLoRA round 1 (step=1): train A (default_BA)
[sls-monitor] {'kind': 'fit_start', 'total_param_count': 1331716, 'total_trainable_params': 1257988, 'lora_product_norm': 0.01033674, 'lora_A_norm': 5.64691936, 'lora_A_params': 73728, 'lora_A_trainable_params': 73728, 'lora_B_norm': 0.01790664, 'lora_B_params': 73728, 'lora_B_trainable_params': 0, 'classifier_norm': 21.77351041, 'classifier_params': 1184260, 'classifier_trainable_params': 1184260, 'round': 1, 'phase': 'A', 'mode': 'rolora'}
[sls-monitor] {'kind': 'fit_end', 'total_param_count': 1331716, 'total_trainable_params': 1257988, 'lora_product_norm': 0.01035173, 'lora_A_norm': 5.64691952, 'lora_A_params': 73728, 'lora_A_trainable_params': 73728, 'lora_B_norm': 0.01790664, 'lora_B_params': 73728, 'lora_B_trainable_params': 0, 'classifier_norm': 21.775797, 'classifier_params': 1184260, 'classifier_trainable_params': 1184260, 'update_lora_A_norm': 0.00961046, 'update_lora_A_params': 73728, 'update_lora_B_norm': 0.0, 'update_lora_B_params': 0, 'update_classifier_norm': 0.25121198, 'update_classifier_params': 1184260, 'round': 1, 'phase': 'A', 'mode': 'rolora'}
[38;5;39m2026-06-15 19:18:36,948 (client:431) INFO: {'Role': 'Client #20', 'Round': 1, 'Results_raw': {'train_loss': 103.863075, 'train_total': 640, 'train_avg_loss': 0.162286, 'train_acc': 0.995313}}[0m
[sls-rolora] RoLoRA round 1 (step=1): train A (default_BA)
[sls-monitor] {'kind': 'fit_start', 'total_param_count': 1331716, 'total_trainable_params': 1257988, 'lora_product_norm': 0.01035173, 'lora_A_norm': 5.64691952, 'lora_A_params': 73728, 'lora_A_trainable_params': 73728, 'lora_B_norm': 0.01790664, 'lora_B_params': 73728, 'lora_B_trainable_params': 0, 'classifier_norm': 21.77351041, 'classifier_params': 1184260, 'classifier_trainable_params': 1184260, 'round': 1, 'phase': 'A', 'mode': 'rolora'}
[sls-monitor] {'kind': 'fit_end', 'total_param_count': 1331716, 'total_trainable_params': 1257988, 'lora_product_norm': 0.01036658, 'lora_A_norm': 5.64694111, 'lora_A_params': 73728, 'lora_A_trainable_params': 73728, 'lora_B_norm': 0.01790664, 'lora_B_params': 73728, 'lora_B_trainable_params': 0, 'classifier_norm': 21.77559668, 'classifier_params': 1184260, 'classifier_trainable_params': 1184260, 'update_lora_A_norm': 0.00895279, 'update_lora_A_params': 73728, 'update_lora_B_norm': 0.0, 'update_lora_B_params': 0, 'update_classifier_norm': 0.26212254, 'update_classifier_params': 1184260, 'round': 1, 'phase': 'A', 'mode': 'rolora'}
[38;5;39m2026-06-15 19:18:41,764 (client:431) INFO: {'Role': 'Client #44', 'Round': 1, 'Results_raw': {'train_loss': 117.169078, 'train_total': 640, 'train_avg_loss': 0.183077, 'train_acc': 0.95}}[0m
[sls-rolora] RoLoRA round 1 (step=1): train A (default_BA)
[sls-monitor] {'kind': 'fit_start', 'total_param_count': 1331716, 'total_trainable_params': 1257988, 'lora_product_norm': 0.01036658, 'lora_A_norm': 5.64694111, 'lora_A_params': 73728, 'lora_A_trainable_params': 73728, 'lora_B_norm': 0.01790664, 'lora_B_params': 73728, 'lora_B_trainable_params': 0, 'classifier_norm': 21.77351041, 'classifier_params': 1184260, 'classifier_trainable_params': 1184260, 'round': 1, 'phase': 'A', 'mode': 'rolora'}
[sls-monitor] {'kind': 'fit_end', 'total_param_count': 1331716, 'total_trainable_params': 1257988, 'lora_product_norm': 0.01037773, 'lora_A_norm': 5.64688129, 'lora_A_params': 73728, 'lora_A_trainable_params': 73728, 'lora_B_norm': 0.01790664, 'lora_B_params': 73728, 'lora_B_trainable_params': 0, 'classifier_norm': 21.77445946, 'classifier_params': 1184260, 'classifier_trainable_params': 1184260, 'update_lora_A_norm': 0.00630719, 'update_lora_A_params': 73728, 'update_lora_B_norm': 0.0, 'update_lora_B_params': 0, 'update_classifier_norm': 0.17670645, 'update_classifier_params': 1184260, 'round': 1, 'phase': 'A', 'mode': 'rolora'}
[38;5;39m2026-06-15 19:18:46,933 (client:431) INFO: {'Role': 'Client #33', 'Round': 1, 'Results_raw': {'train_loss': 194.351721, 'train_total': 640, 'train_avg_loss': 0.303675, 'train_acc': 0.942187}}[0m
[sls-rolora] RoLoRA round 1 (step=1): train A (default_BA)
[sls-monitor] {'kind': 'fit_start', 'total_param_count': 1331716, 'total_trainable_params': 1257988, 'lora_product_norm': 0.01037773, 'lora_A_norm': 5.64688129, 'lora_A_params': 73728, 'lora_A_trainable_params': 73728, 'lora_B_norm': 0.01790664, 'lora_B_params': 73728, 'lora_B_trainable_params': 0, 'classifier_norm': 21.77351041, 'classifier_params': 1184260, 'classifier_trainable_params': 1184260, 'round': 1, 'phase': 'A', 'mode': 'rolora'}
[sls-monitor] {'kind': 'fit_end', 'total_param_count': 1331716, 'total_trainable_params': 1257988, 'lora_product_norm': 0.01039551, 'lora_A_norm': 5.64694031, 'lora_A_params': 73728, 'lora_A_trainable_params': 73728, 'lora_B_norm': 0.01790664, 'lora_B_params': 73728, 'lora_B_trainable_params': 0, 'classifier_norm': 21.77561906, 'classifier_params': 1184260, 'classifier_trainable_params': 1184260, 'update_lora_A_norm': 0.00945545, 'update_lora_A_params': 73728, 'update_lora_B_norm': 0.0, 'update_lora_B_params': 0, 'update_classifier_norm': 0.26077118, 'update_classifier_params': 1184260, 'round': 1, 'phase': 'A', 'mode': 'rolora'}
[38;5;39m2026-06-15 19:18:51,544 (client:431) INFO: {'Role': 'Client #9', 'Round': 1, 'Results_raw': {'train_loss': 113.672942, 'train_total': 640, 'train_avg_loss': 0.177614, 'train_acc': 0.948438}}[0m
[sls-rolora] RoLoRA round 1 (step=1): train A (default_BA)
[sls-monitor] {'kind': 'fit_start', 'total_param_count': 1331716, 'total_trainable_params': 1257988, 'lora_product_norm': 0.01039551, 'lora_A_norm': 5.64694031, 'lora_A_params': 73728, 'lora_A_trainable_params': 73728, 'lora_B_norm': 0.01790664, 'lora_B_params': 73728, 'lora_B_trainable_params': 0, 'classifier_norm': 21.77351041, 'classifier_params': 1184260, 'classifier_trainable_params': 1184260, 'round': 1, 'phase': 'A', 'mode': 'rolora'}
[sls-monitor] {'kind': 'fit_end', 'total_param_count': 1331716, 'total_trainable_params': 1257988, 'lora_product_norm': 0.01039717, 'lora_A_norm': 5.64674701, 'lora_A_params': 73728, 'lora_A_trainable_params': 73728, 'lora_B_norm': 0.01790664, 'lora_B_params': 73728, 'lora_B_trainable_params': 0, 'classifier_norm': 21.77307377, 'classifier_params': 1184260, 'classifier_trainable_params': 1184260, 'update_lora_A_norm': 0.00110148, 'update_lora_A_params': 73728, 'update_lora_B_norm': 0.0, 'update_lora_B_params': 0, 'update_classifier_norm': 0.05835648, 'update_classifier_params': 1184260, 'round': 1, 'phase': 'A', 'mode': 'rolora'}
[38;5;39m2026-06-15 19:18:56,097 (client:431) INFO: {'Role': 'Client #23', 'Round': 1, 'Results_raw': {'train_loss': 402.086155, 'train_total': 640, 'train_avg_loss': 0.62826, 'train_acc': 0.701562}}[0m
[sls-rolora] RoLoRA round 1 (step=1): train A (default_BA)
[sls-monitor] {'kind': 'fit_start', 'total_param_count': 1331716, 'total_trainable_params': 1257988, 'lora_product_norm': 0.01039717, 'lora_A_norm': 5.64674701, 'lora_A_params': 73728, 'lora_A_trainable_params': 73728, 'lora_B_norm': 0.01790664, 'lora_B_params': 73728, 'lora_B_trainable_params': 0, 'classifier_norm': 21.77351041, 'classifier_params': 1184260, 'classifier_trainable_params': 1184260, 'round': 1, 'phase': 'A', 'mode': 'rolora'}
[sls-monitor] {'kind': 'fit_end', 'total_param_count': 1331716, 'total_trainable_params': 1257988, 'lora_product_norm': 0.01039799, 'lora_A_norm': 5.64653935, 'lora_A_params': 73728, 'lora_A_trainable_params': 73728, 'lora_B_norm': 0.01790664, 'lora_B_params': 73728, 'lora_B_trainable_params': 0, 'classifier_norm': 21.77303389, 'classifier_params': 1184260, 'classifier_trainable_params': 1184260, 'update_lora_A_norm': 0.0006704, 'update_lora_A_params': 73728, 'update_lora_B_norm': 0.0, 'update_lora_B_params': 0, 'update_classifier_norm': 0.03739625, 'update_classifier_params': 1184260, 'round': 1, 'phase': 'A', 'mode': 'rolora'}
[38;5;39m2026-06-15 19:19:00,548 (client:431) INFO: {'Role': 'Client #30', 'Round': 1, 'Results_raw': {'train_loss': 420.391768, 'train_total': 640, 'train_avg_loss': 0.656862, 'train_acc': 0.640625}}[0m
[sls-rolora] RoLoRA round 1 (step=1): train A (default_BA)
[sls-monitor] {'kind': 'fit_start', 'total_param_count': 1331716, 'total_trainable_params': 1257988, 'lora_product_norm': 0.01039799, 'lora_A_norm': 5.64653935, 'lora_A_params': 73728, 'lora_A_trainable_params': 73728, 'lora_B_norm': 0.01790664, 'lora_B_params': 73728, 'lora_B_trainable_params': 0, 'classifier_norm': 21.77351041, 'classifier_params': 1184260, 'classifier_trainable_params': 1184260, 'round': 1, 'phase': 'A', 'mode': 'rolora'}
[sls-monitor] {'kind': 'fit_end', 'total_param_count': 1331716, 'total_trainable_params': 1257988, 'lora_product_norm': 0.010416, 'lora_A_norm': 5.64657636, 'lora_A_params': 73728, 'lora_A_trainable_params': 73728, 'lora_B_norm': 0.01790664, 'lora_B_params': 73728, 'lora_B_trainable_params': 0, 'classifier_norm': 21.77543089, 'classifier_params': 1184260, 'classifier_trainable_params': 1184260, 'update_lora_A_norm': 0.00877521, 'update_lora_A_params': 73728, 'update_lora_B_norm': 0.0, 'update_lora_B_params': 0, 'update_classifier_norm': 0.23380059, 'update_classifier_params': 1184260, 'round': 1, 'phase': 'A', 'mode': 'rolora'}
[38;5;39m2026-06-15 19:19:05,411 (client:431) INFO: {'Role': 'Client #45', 'Round': 1, 'Results_raw': {'train_loss': 124.239455, 'train_total': 625, 'train_avg_loss': 0.198783, 'train_acc': 0.9824}}[0m
[sls-rolora] RoLoRA round 1 (step=1): train A (default_BA)
[sls-monitor] {'kind': 'fit_start', 'total_param_count': 1331716, 'total_trainable_params': 1257988, 'lora_product_norm': 0.010416, 'lora_A_norm': 5.64657636, 'lora_A_params': 73728, 'lora_A_trainable_params': 73728, 'lora_B_norm': 0.01790664, 'lora_B_params': 73728, 'lora_B_trainable_params': 0, 'classifier_norm': 21.77351041, 'classifier_params': 1184260, 'classifier_trainable_params': 1184260, 'round': 1, 'phase': 'A', 'mode': 'rolora'}
[sls-monitor] {'kind': 'fit_end', 'total_param_count': 1331716, 'total_trainable_params': 1257988, 'lora_product_norm': 0.01041572, 'lora_A_norm': 5.64635534, 'lora_A_params': 73728, 'lora_A_trainable_params': 73728, 'lora_B_norm': 0.01790664, 'lora_B_params': 73728, 'lora_B_trainable_params': 0, 'classifier_norm': 21.77307637, 'classifier_params': 1184260, 'classifier_trainable_params': 1184260, 'update_lora_A_norm': 0.00040921, 'update_lora_A_params': 73728, 'update_lora_B_norm': 0.0, 'update_lora_B_params': 0, 'update_classifier_norm': 0.05174292, 'update_classifier_params': 1184260, 'round': 1, 'phase': 'A', 'mode': 'rolora'}
[38;5;39m2026-06-15 19:19:10,237 (client:431) INFO: {'Role': 'Client #27', 'Round': 1, 'Results_raw': {'train_loss': 420.015585, 'train_total': 640, 'train_avg_loss': 0.656274, 'train_acc': 0.657813}}[0m
[sls-rolora] RoLoRA round 1 (step=1): train A (default_BA)
[sls-monitor] {'kind': 'fit_start', 'total_param_count': 1331716, 'total_trainable_params': 1257988, 'lora_product_norm': 0.01041572, 'lora_A_norm': 5.64635534, 'lora_A_params': 73728, 'lora_A_trainable_params': 73728, 'lora_B_norm': 0.01790664, 'lora_B_params': 73728, 'lora_B_trainable_params': 0, 'classifier_norm': 21.77351041, 'classifier_params': 1184260, 'classifier_trainable_params': 1184260, 'round': 1, 'phase': 'A', 'mode': 'rolora'}
[sls-monitor] {'kind': 'fit_end', 'total_param_count': 1331716, 'total_trainable_params': 1257988, 'lora_product_norm': 0.01041476, 'lora_A_norm': 5.64611828, 'lora_A_params': 73728, 'lora_A_trainable_params': 73728, 'lora_B_norm': 0.01790664, 'lora_B_params': 73728, 'lora_B_trainable_params': 0, 'classifier_norm': 21.77303675, 'classifier_params': 1184260, 'classifier_trainable_params': 1184260, 'update_lora_A_norm': 0.00042007, 'update_lora_A_params': 73728, 'update_lora_B_norm': 0.0, 'update_lora_B_params': 0, 'update_classifier_norm': 0.04051182, 'update_classifier_params': 1184260, 'round': 1, 'phase': 'A', 'mode': 'rolora'}
[38;5;39m2026-06-15 19:19:15,397 (client:431) INFO: {'Role': 'Client #43', 'Round': 1, 'Results_raw': {'train_loss': 428.503244, 'train_total': 625, 'train_avg_loss': 0.685605, 'train_acc': 0.5856}}[0m
[sls-rolora] RoLoRA round 1 (step=1): train A (default_BA)
[sls-monitor] {'kind': 'fit_start', 'total_param_count': 1331716, 'total_trainable_params': 1257988, 'lora_product_norm': 0.01041476, 'lora_A_norm': 5.64611828, 'lora_A_params': 73728, 'lora_A_trainable_params': 73728, 'lora_B_norm': 0.01790664, 'lora_B_params': 73728, 'lora_B_trainable_params': 0, 'classifier_norm': 21.77351041, 'classifier_params': 1184260, 'classifier_trainable_params': 1184260, 'round': 1, 'phase': 'A', 'mode': 'rolora'}
[sls-monitor] {'kind': 'fit_end', 'total_param_count': 1331716, 'total_trainable_params': 1257988, 'lora_product_norm': 0.01042983, 'lora_A_norm': 5.64612784, 'lora_A_params': 73728, 'lora_A_trainable_params': 73728, 'lora_B_norm': 0.01790664, 'lora_B_params': 73728, 'lora_B_trainable_params': 0, 'classifier_norm': 21.77436568, 'classifier_params': 1184260, 'classifier_trainable_params': 1184260, 'update_lora_A_norm': 0.00710502, 'update_lora_A_params': 73728, 'update_lora_B_norm': 0.0, 'update_lora_B_params': 0, 'update_classifier_norm': 0.18851764, 'update_classifier_params': 1184260, 'round': 1, 'phase': 'A', 'mode': 'rolora'}
[38;5;39m2026-06-15 19:19:19,765 (client:431) INFO: {'Role': 'Client #25', 'Round': 1, 'Results_raw': {'train_loss': 217.829083, 'train_total': 640, 'train_avg_loss': 0.340358, 'train_acc': 0.903125}}[0m
[sls-rolora] RoLoRA round 1 (step=1): train A (default_BA)
[sls-monitor] {'kind': 'fit_start', 'total_param_count': 1331716, 'total_trainable_params': 1257988, 'lora_product_norm': 0.01042983, 'lora_A_norm': 5.64612784, 'lora_A_params': 73728, 'lora_A_trainable_params': 73728, 'lora_B_norm': 0.01790664, 'lora_B_params': 73728, 'lora_B_trainable_params': 0, 'classifier_norm': 21.77351041, 'classifier_params': 1184260, 'classifier_trainable_params': 1184260, 'round': 1, 'phase': 'A', 'mode': 'rolora'}
[sls-monitor] {'kind': 'fit_end', 'total_param_count': 1331716, 'total_trainable_params': 1257988, 'lora_product_norm': 0.01042971, 'lora_A_norm': 5.64590965, 'lora_A_params': 73728, 'lora_A_trainable_params': 73728, 'lora_B_norm': 0.01790664, 'lora_B_params': 73728, 'lora_B_trainable_params': 0, 'classifier_norm': 21.77300277, 'classifier_params': 1184260, 'classifier_trainable_params': 1184260, 'update_lora_A_norm': 0.00032927, 'update_lora_A_params': 73728, 'update_lora_B_norm': 0.0, 'update_lora_B_params': 0, 'update_classifier_norm': 0.03802342, 'update_classifier_params': 1184260, 'round': 1, 'phase': 'A', 'mode': 'rolora'}
[38;5;39m2026-06-15 19:19:24,415 (client:431) INFO: {'Role': 'Client #7', 'Round': 1, 'Results_raw': {'train_loss': 420.847755, 'train_total': 640, 'train_avg_loss': 0.657575, 'train_acc': 0.645312}}[0m
[sls-rolora] RoLoRA round 1 (step=1): train A (default_BA)
[sls-monitor] {'kind': 'fit_start', 'total_param_count': 1331716, 'total_trainable_params': 1257988, 'lora_product_norm': 0.01042971, 'lora_A_norm': 5.64590965, 'lora_A_params': 73728, 'lora_A_trainable_params': 73728, 'lora_B_norm': 0.01790664, 'lora_B_params': 73728, 'lora_B_trainable_params': 0, 'classifier_norm': 21.77351041, 'classifier_params': 1184260, 'classifier_trainable_params': 1184260, 'round': 1, 'phase': 'A', 'mode': 'rolora'}
[sls-monitor] {'kind': 'fit_end', 'total_param_count': 1331716, 'total_trainable_params': 1257988, 'lora_product_norm': 0.01045027, 'lora_A_norm': 5.64598821, 'lora_A_params': 73728, 'lora_A_trainable_params': 73728, 'lora_B_norm': 0.01790664, 'lora_B_params': 73728, 'lora_B_trainable_params': 0, 'classifier_norm': 21.77484133, 'classifier_params': 1184260, 'classifier_trainable_params': 1184260, 'update_lora_A_norm': 0.00913341, 'update_lora_A_params': 73728, 'update_lora_B_norm': 0.0, 'update_lora_B_params': 0, 'update_classifier_norm': 0.2022364, 'update_classifier_params': 1184260, 'round': 1, 'phase': 'A', 'mode': 'rolora'}
[38;5;39m2026-06-15 19:19:28,836 (client:431) INFO: {'Role': 'Client #42', 'Round': 1, 'Results_raw': {'train_loss': 156.001623, 'train_total': 616, 'train_avg_loss': 0.253249, 'train_acc': 0.957792}}[0m
[sls-rolora] RoLoRA round 1 (step=1): train A (default_BA)
[sls-monitor] {'kind': 'fit_start', 'total_param_count': 1331716, 'total_trainable_params': 1257988, 'lora_product_norm': 0.01045027, 'lora_A_norm': 5.64598821, 'lora_A_params': 73728, 'lora_A_trainable_params': 73728, 'lora_B_norm': 0.01790664, 'lora_B_params': 73728, 'lora_B_trainable_params': 0, 'classifier_norm': 21.77351041, 'classifier_params': 1184260, 'classifier_trainable_params': 1184260, 'round': 1, 'phase': 'A', 'mode': 'rolora'}
[sls-monitor] {'kind': 'fit_end', 'total_param_count': 1331716, 'total_trainable_params': 1257988, 'lora_product_norm': 0.01045771, 'lora_A_norm': 5.64588753, 'lora_A_params': 73728, 'lora_A_trainable_params': 73728, 'lora_B_norm': 0.01790664, 'lora_B_params': 73728, 'lora_B_trainable_params': 0, 'classifier_norm': 21.77388451, 'classifier_params': 1184260, 'classifier_trainable_params': 1184260, 'update_lora_A_norm': 0.00339303, 'update_lora_A_params': 73728, 'update_lora_B_norm': 0.0, 'update_lora_B_params': 0, 'update_classifier_norm': 0.15800434, 'update_classifier_params': 1184260, 'round': 1, 'phase': 'A', 'mode': 'rolora'}
[38;5;39m2026-06-15 19:19:33,074 (client:431) INFO: {'Role': 'Client #48', 'Round': 1, 'Results_raw': {'train_loss': 241.852263, 'train_total': 640, 'train_avg_loss': 0.377894, 'train_acc': 0.873437}}[0m
[sls-rolora] RoLoRA round 1 (step=1): train A (default_BA)
[sls-monitor] {'kind': 'fit_start', 'total_param_count': 1331716, 'total_trainable_params': 1257988, 'lora_product_norm': 0.01045771, 'lora_A_norm': 5.64588753, 'lora_A_params': 73728, 'lora_A_trainable_params': 73728, 'lora_B_norm': 0.01790664, 'lora_B_params': 73728, 'lora_B_trainable_params': 0, 'classifier_norm': 21.77351041, 'classifier_params': 1184260, 'classifier_trainable_params': 1184260, 'round': 1, 'phase': 'A', 'mode': 'rolora'}
[sls-monitor] {'kind': 'fit_end', 'total_param_count': 1331716, 'total_trainable_params': 1257988, 'lora_product_norm': 0.01047633, 'lora_A_norm': 5.64592157, 'lora_A_params': 73728, 'lora_A_trainable_params': 73728, 'lora_B_norm': 0.01790664, 'lora_B_params': 73728, 'lora_B_trainable_params': 0, 'classifier_norm': 21.77511613, 'classifier_params': 1184260, 'classifier_trainable_params': 1184260, 'update_lora_A_norm': 0.00764687, 'update_lora_A_params': 73728, 'update_lora_B_norm': 0.0, 'update_lora_B_params': 0, 'update_classifier_norm': 0.21830374, 'update_classifier_params': 1184260, 'round': 1, 'phase': 'A', 'mode': 'rolora'}
[38;5;39m2026-06-15 19:19:37,582 (client:431) INFO: {'Role': 'Client #21', 'Round': 1, 'Results_raw': {'train_loss': 147.799811, 'train_total': 640, 'train_avg_loss': 0.230937, 'train_acc': 0.973437}}[0m
[sls-rolora] RoLoRA round 1 (step=1): train A (default_BA)
[sls-monitor] {'kind': 'fit_start', 'total_param_count': 1331716, 'total_trainable_params': 1257988, 'lora_product_norm': 0.01047633, 'lora_A_norm': 5.64592157, 'lora_A_params': 73728, 'lora_A_trainable_params': 73728, 'lora_B_norm': 0.01790664, 'lora_B_params': 73728, 'lora_B_trainable_params': 0, 'classifier_norm': 21.77351041, 'classifier_params': 1184260, 'classifier_trainable_params': 1184260, 'round': 1, 'phase': 'A', 'mode': 'rolora'}
[sls-monitor] {'kind': 'fit_end', 'total_param_count': 1331716, 'total_trainable_params': 1257988, 'lora_product_norm': 0.01050169, 'lora_A_norm': 5.64605597, 'lora_A_params': 73728, 'lora_A_trainable_params': 73728, 'lora_B_norm': 0.01790664, 'lora_B_params': 73728, 'lora_B_trainable_params': 0, 'classifier_norm': 21.77567547, 'classifier_params': 1184260, 'classifier_trainable_params': 1184260, 'update_lora_A_norm': 0.00992346, 'update_lora_A_params': 73728, 'update_lora_B_norm': 0.0, 'update_lora_B_params': 0, 'update_classifier_norm': 0.24625708, 'update_classifier_params': 1184260, 'round': 1, 'phase': 'A', 'mode': 'rolora'}
[38;5;39m2026-06-15 19:19:42,083 (client:431) INFO: {'Role': 'Client #11', 'Round': 1, 'Results_raw': {'train_loss': 102.174198, 'train_total': 640, 'train_avg_loss': 0.159647, 'train_acc': 0.99375}}[0m
[sls-rolora] RoLoRA round 1 (step=1): train A (default_BA)
[sls-monitor] {'kind': 'fit_start', 'total_param_count': 1331716, 'total_trainable_params': 1257988, 'lora_product_norm': 0.01050169, 'lora_A_norm': 5.64605597, 'lora_A_params': 73728, 'lora_A_trainable_params': 73728, 'lora_B_norm': 0.01790664, 'lora_B_params': 73728, 'lora_B_trainable_params': 0, 'classifier_norm': 21.77351041, 'classifier_params': 1184260, 'classifier_trainable_params': 1184260, 'round': 1, 'phase': 'A', 'mode': 'rolora'}
[sls-monitor] {'kind': 'fit_end', 'total_param_count': 1331716, 'total_trainable_params': 1257988, 'lora_product_norm': 0.01050409, 'lora_A_norm': 5.64587211, 'lora_A_params': 73728, 'lora_A_trainable_params': 73728, 'lora_B_norm': 0.01790664, 'lora_B_params': 73728, 'lora_B_trainable_params': 0, 'classifier_norm': 21.77321287, 'classifier_params': 1184260, 'classifier_trainable_params': 1184260, 'update_lora_A_norm': 0.00108315, 'update_lora_A_params': 73728, 'update_lora_B_norm': 0.0, 'update_lora_B_params': 0, 'update_classifier_norm': 0.0633255, 'update_classifier_params': 1184260, 'round': 1, 'phase': 'A', 'mode': 'rolora'}
[38;5;39m2026-06-15 19:19:46,457 (client:431) INFO: {'Role': 'Client #26', 'Round': 1, 'Results_raw': {'train_loss': 370.987508, 'train_total': 640, 'train_avg_loss': 0.579668, 'train_acc': 0.757812}}[0m
[sls-rolora] RoLoRA round 1 (step=1): train A (default_BA)
[sls-monitor] {'kind': 'fit_start', 'total_param_count': 1331716, 'total_trainable_params': 1257988, 'lora_product_norm': 0.01050409, 'lora_A_norm': 5.64587211, 'lora_A_params': 73728, 'lora_A_trainable_params': 73728, 'lora_B_norm': 0.01790664, 'lora_B_params': 73728, 'lora_B_trainable_params': 0, 'classifier_norm': 21.77351041, 'classifier_params': 1184260, 'classifier_trainable_params': 1184260, 'round': 1, 'phase': 'A', 'mode': 'rolora'}
[sls-monitor] {'kind': 'fit_end', 'total_param_count': 1331716, 'total_trainable_params': 1257988, 'lora_product_norm': 0.01052217, 'lora_A_norm': 5.64591766, 'lora_A_params': 73728, 'lora_A_trainable_params': 73728, 'lora_B_norm': 0.01790664, 'lora_B_params': 73728, 'lora_B_trainable_params': 0, 'classifier_norm': 21.77494651, 'classifier_params': 1184260, 'classifier_trainable_params': 1184260, 'update_lora_A_norm': 0.00686641, 'update_lora_A_params': 73728, 'update_lora_B_norm': 0.0, 'update_lora_B_params': 0, 'update_classifier_norm': 0.22813846, 'update_classifier_params': 1184260, 'round': 1, 'phase': 'A', 'mode': 'rolora'}
[38;5;39m2026-06-15 19:19:50,329 (client:431) INFO: {'Role': 'Client #13', 'Round': 1, 'Results_raw': {'train_loss': 148.309463, 'train_total': 624, 'train_avg_loss': 0.237675, 'train_acc': 0.926282}}[0m
[sls-rolora] RoLoRA round 1 (step=1): train A (default_BA)
[sls-monitor] {'kind': 'fit_start', 'total_param_count': 1331716, 'total_trainable_params': 1257988, 'lora_product_norm': 0.01052217, 'lora_A_norm': 5.64591766, 'lora_A_params': 73728, 'lora_A_trainable_params': 73728, 'lora_B_norm': 0.01790664, 'lora_B_params': 73728, 'lora_B_trainable_params': 0, 'classifier_norm': 21.77351041, 'classifier_params': 1184260, 'classifier_trainable_params': 1184260, 'round': 1, 'phase': 'A', 'mode': 'rolora'}
[sls-monitor] {'kind': 'fit_end', 'total_param_count': 1331716, 'total_trainable_params': 1257988, 'lora_product_norm': 0.01053166, 'lora_A_norm': 5.64582148, 'lora_A_params': 73728, 'lora_A_trainable_params': 73728, 'lora_B_norm': 0.01790664, 'lora_B_params': 73728, 'lora_B_trainable_params': 0, 'classifier_norm': 21.77372488, 'classifier_params': 1184260, 'classifier_trainable_params': 1184260, 'update_lora_A_norm': 0.00354943, 'update_lora_A_params': 73728, 'update_lora_B_norm': 0.0, 'update_lora_B_params': 0, 'update_classifier_norm': 0.11962862, 'update_classifier_params': 1184260, 'round': 1, 'phase': 'A', 'mode': 'rolora'}
[38;5;39m2026-06-15 19:19:54,993 (client:431) INFO: {'Role': 'Client #22', 'Round': 1, 'Results_raw': {'train_loss': 276.35007, 'train_total': 631, 'train_avg_loss': 0.437956, 'train_acc': 0.866878}}[0m
[sls-rolora] RoLoRA round 1 (step=1): train A (default_BA)
[sls-monitor] {'kind': 'fit_start', 'total_param_count': 1331716, 'total_trainable_params': 1257988, 'lora_product_norm': 0.01053166, 'lora_A_norm': 5.64582148, 'lora_A_params': 73728, 'lora_A_trainable_params': 73728, 'lora_B_norm': 0.01790664, 'lora_B_params': 73728, 'lora_B_trainable_params': 0, 'classifier_norm': 21.77351041, 'classifier_params': 1184260, 'classifier_trainable_params': 1184260, 'round': 1, 'phase': 'A', 'mode': 'rolora'}
[sls-monitor] {'kind': 'fit_end', 'total_param_count': 1331716, 'total_trainable_params': 1257988, 'lora_product_norm': 0.01055825, 'lora_A_norm': 5.64599193, 'lora_A_params': 73728, 'lora_A_trainable_params': 73728, 'lora_B_norm': 0.01790664, 'lora_B_params': 73728, 'lora_B_trainable_params': 0, 'classifier_norm': 21.77560293, 'classifier_params': 1184260, 'classifier_trainable_params': 1184260, 'update_lora_A_norm': 0.00949218, 'update_lora_A_params': 73728, 'update_lora_B_norm': 0.0, 'update_lora_B_params': 0, 'update_classifier_norm': 0.26046661, 'update_classifier_params': 1184260, 'round': 1, 'phase': 'A', 'mode': 'rolora'}
[38;5;39m2026-06-15 19:19:59,388 (client:431) INFO: {'Role': 'Client #4', 'Round': 1, 'Results_raw': {'train_loss': 112.975166, 'train_total': 640, 'train_avg_loss': 0.176524, 'train_acc': 0.95625}}[0m
[sls-rolora] RoLoRA round 1 (step=1): train A (default_BA)
[sls-monitor] {'kind': 'fit_start', 'total_param_count': 1331716, 'total_trainable_params': 1257988, 'lora_product_norm': 0.01055825, 'lora_A_norm': 5.64599193, 'lora_A_params': 73728, 'lora_A_trainable_params': 73728, 'lora_B_norm': 0.01790664, 'lora_B_params': 73728, 'lora_B_trainable_params': 0, 'classifier_norm': 21.77351041, 'classifier_params': 1184260, 'classifier_trainable_params': 1184260, 'round': 1, 'phase': 'A', 'mode': 'rolora'}
[sls-monitor] {'kind': 'fit_end', 'total_param_count': 1331716, 'total_trainable_params': 1257988, 'lora_product_norm': 0.01055593, 'lora_A_norm': 5.64572383, 'lora_A_params': 73728, 'lora_A_trainable_params': 73728, 'lora_B_norm': 0.01790664, 'lora_B_params': 73728, 'lora_B_trainable_params': 0, 'classifier_norm': 21.77290884, 'classifier_params': 1184260, 'classifier_trainable_params': 1184260, 'update_lora_A_norm': 0.00161207, 'update_lora_A_params': 73728, 'update_lora_B_norm': 0.0, 'update_lora_B_params': 0, 'update_classifier_norm': 0.03918806, 'update_classifier_params': 1184260, 'round': 1, 'phase': 'A', 'mode': 'rolora'}
[38;5;39m2026-06-15 19:20:03,925 (client:431) INFO: {'Role': 'Client #15', 'Round': 1, 'Results_raw': {'train_loss': 427.159709, 'train_total': 616, 'train_avg_loss': 0.693441, 'train_acc': 0.561688}}[0m
[sls-rolora] RoLoRA round 1 (step=1): train A (default_BA)
[sls-monitor] {'kind': 'fit_start', 'total_param_count': 1331716, 'total_trainable_params': 1257988, 'lora_product_norm': 0.01055593, 'lora_A_norm': 5.64572383, 'lora_A_params': 73728, 'lora_A_trainable_params': 73728, 'lora_B_norm': 0.01790664, 'lora_B_params': 73728, 'lora_B_trainable_params': 0, 'classifier_norm': 21.77351041, 'classifier_params': 1184260, 'classifier_trainable_params': 1184260, 'round': 1, 'phase': 'A', 'mode': 'rolora'}
[sls-monitor] {'kind': 'fit_end', 'total_param_count': 1331716, 'total_trainable_params': 1257988, 'lora_product_norm': 0.01058595, 'lora_A_norm': 5.64592146, 'lora_A_params': 73728, 'lora_A_trainable_params': 73728, 'lora_B_norm': 0.01790664, 'lora_B_params': 73728, 'lora_B_trainable_params': 0, 'classifier_norm': 21.7753289, 'classifier_params': 1184260, 'classifier_trainable_params': 1184260, 'update_lora_A_norm': 0.01013182, 'update_lora_A_params': 73728, 'update_lora_B_norm': 0.0, 'update_lora_B_params': 0, 'update_classifier_norm': 0.22769376, 'update_classifier_params': 1184260, 'round': 1, 'phase': 'A', 'mode': 'rolora'}
[38;5;39m2026-06-15 19:20:08,628 (client:431) INFO: {'Role': 'Client #49', 'Round': 1, 'Results_raw': {'train_loss': 119.632406, 'train_total': 640, 'train_avg_loss': 0.186926, 'train_acc': 0.990625}}[0m
[sls-rolora] RoLoRA round 1 (step=1): train A (default_BA)
[sls-monitor] {'kind': 'fit_start', 'total_param_count': 1331716, 'total_trainable_params': 1257988, 'lora_product_norm': 0.01058595, 'lora_A_norm': 5.64592146, 'lora_A_params': 73728, 'lora_A_trainable_params': 73728, 'lora_B_norm': 0.01790664, 'lora_B_params': 73728, 'lora_B_trainable_params': 0, 'classifier_norm': 21.77351041, 'classifier_params': 1184260, 'classifier_trainable_params': 1184260, 'round': 1, 'phase': 'A', 'mode': 'rolora'}
[sls-monitor] {'kind': 'fit_end', 'total_param_count': 1331716, 'total_trainable_params': 1257988, 'lora_product_norm': 0.01061211, 'lora_A_norm': 5.6460835, 'lora_A_params': 73728, 'lora_A_trainable_params': 73728, 'lora_B_norm': 0.01790664, 'lora_B_params': 73728, 'lora_B_trainable_params': 0, 'classifier_norm': 21.77520297, 'classifier_params': 1184260, 'classifier_trainable_params': 1184260, 'update_lora_A_norm': 0.00862509, 'update_lora_A_params': 73728, 'update_lora_B_norm': 0.0, 'update_lora_B_params': 0, 'update_classifier_norm': 0.24106339, 'update_classifier_params': 1184260, 'round': 1, 'phase': 'A', 'mode': 'rolora'}
[38;5;39m2026-06-15 19:20:12,512 (client:431) INFO: {'Role': 'Client #28', 'Round': 1, 'Results_raw': {'train_loss': 131.920349, 'train_total': 640, 'train_avg_loss': 0.206126, 'train_acc': 0.940625}}[0m
[sls-rolora] RoLoRA round 1 (step=1): train A (default_BA)
[sls-monitor] {'kind': 'fit_start', 'total_param_count': 1331716, 'total_trainable_params': 1257988, 'lora_product_norm': 0.01061211, 'lora_A_norm': 5.6460835, 'lora_A_params': 73728, 'lora_A_trainable_params': 73728, 'lora_B_norm': 0.01790664, 'lora_B_params': 73728, 'lora_B_trainable_params': 0, 'classifier_norm': 21.77351041, 'classifier_params': 1184260, 'classifier_trainable_params': 1184260, 'round': 1, 'phase': 'A', 'mode': 'rolora'}
[sls-monitor] {'kind': 'fit_end', 'total_param_count': 1331716, 'total_trainable_params': 1257988, 'lora_product_norm': 0.0106328, 'lora_A_norm': 5.64616902, 'lora_A_params': 73728, 'lora_A_trainable_params': 73728, 'lora_B_norm': 0.01790664, 'lora_B_params': 73728, 'lora_B_trainable_params': 0, 'classifier_norm': 21.77457741, 'classifier_params': 1184260, 'classifier_trainable_params': 1184260, 'update_lora_A_norm': 0.00663745, 'update_lora_A_params': 73728, 'update_lora_B_norm': 0.0, 'update_lora_B_params': 0, 'update_classifier_norm': 0.20442611, 'update_classifier_params': 1184260, 'round': 1, 'phase': 'A', 'mode': 'rolora'}
[38;5;39m2026-06-15 19:20:16,340 (client:431) INFO: {'Role': 'Client #19', 'Round': 1, 'Results_raw': {'train_loss': 178.005528, 'train_total': 624, 'train_avg_loss': 0.285265, 'train_acc': 0.915064}}[0m
[sls-rolora] RoLoRA round 1 (step=1): train A (default_BA)
[sls-monitor] {'kind': 'fit_start', 'total_param_count': 1331716, 'total_trainable_params': 1257988, 'lora_product_norm': 0.0106328, 'lora_A_norm': 5.64616902, 'lora_A_params': 73728, 'lora_A_trainable_params': 73728, 'lora_B_norm': 0.01790664, 'lora_B_params': 73728, 'lora_B_trainable_params': 0, 'classifier_norm': 21.77351041, 'classifier_params': 1184260, 'classifier_trainable_params': 1184260, 'round': 1, 'phase': 'A', 'mode': 'rolora'}
[sls-monitor] {'kind': 'fit_end', 'total_param_count': 1331716, 'total_trainable_params': 1257988, 'lora_product_norm': 0.01066632, 'lora_A_norm': 5.64641254, 'lora_A_params': 73728, 'lora_A_trainable_params': 73728, 'lora_B_norm': 0.01790664, 'lora_B_params': 73728, 'lora_B_trainable_params': 0, 'classifier_norm': 21.77561272, 'classifier_params': 1184260, 'classifier_trainable_params': 1184260, 'update_lora_A_norm': 0.01016367, 'update_lora_A_params': 73728, 'update_lora_B_norm': 0.0, 'update_lora_B_params': 0, 'update_classifier_norm': 0.24355342, 'update_classifier_params': 1184260, 'round': 1, 'phase': 'A', 'mode': 'rolora'}
[38;5;39m2026-06-15 19:20:20,814 (client:431) INFO: {'Role': 'Client #12', 'Round': 1, 'Results_raw': {'train_loss': 103.086346, 'train_total': 622, 'train_avg_loss': 0.165734, 'train_acc': 0.993569}}[0m
[sls-rolora] RoLoRA round 1 (step=1): train A (default_BA)
[sls-monitor] {'kind': 'fit_start', 'total_param_count': 1331716, 'total_trainable_params': 1257988, 'lora_product_norm': 0.01066632, 'lora_A_norm': 5.64641254, 'lora_A_params': 73728, 'lora_A_trainable_params': 73728, 'lora_B_norm': 0.01790664, 'lora_B_params': 73728, 'lora_B_trainable_params': 0, 'classifier_norm': 21.77351041, 'classifier_params': 1184260, 'classifier_trainable_params': 1184260, 'round': 1, 'phase': 'A', 'mode': 'rolora'}
[sls-monitor] {'kind': 'fit_end', 'total_param_count': 1331716, 'total_trainable_params': 1257988, 'lora_product_norm': 0.01066235, 'lora_A_norm': 5.64613657, 'lora_A_params': 73728, 'lora_A_trainable_params': 73728, 'lora_B_norm': 0.01790664, 'lora_B_params': 73728, 'lora_B_trainable_params': 0, 'classifier_norm': 21.77292778, 'classifier_params': 1184260, 'classifier_trainable_params': 1184260, 'update_lora_A_norm': 0.00111657, 'update_lora_A_params': 73728, 'update_lora_B_norm': 0.0, 'update_lora_B_params': 0, 'update_classifier_norm': 0.03179548, 'update_classifier_params': 1184260, 'round': 1, 'phase': 'A', 'mode': 'rolora'}
[38;5;39m2026-06-15 19:20:25,020 (client:431) INFO: {'Role': 'Client #36', 'Round': 1, 'Results_raw': {'train_loss': 436.527298, 'train_total': 620, 'train_avg_loss': 0.704076, 'train_acc': 0.472581}}[0m
[sls-rolora] RoLoRA round 1 (step=1): train A (default_BA)
[sls-monitor] {'kind': 'fit_start', 'total_param_count': 1331716, 'total_trainable_params': 1257988, 'lora_product_norm': 0.01066235, 'lora_A_norm': 5.64613657, 'lora_A_params': 73728, 'lora_A_trainable_params': 73728, 'lora_B_norm': 0.01790664, 'lora_B_params': 73728, 'lora_B_trainable_params': 0, 'classifier_norm': 21.77351041, 'classifier_params': 1184260, 'classifier_trainable_params': 1184260, 'round': 1, 'phase': 'A', 'mode': 'rolora'}
[sls-monitor] {'kind': 'fit_end', 'total_param_count': 1331716, 'total_trainable_params': 1257988, 'lora_product_norm': 0.0106616, 'lora_A_norm': 5.64590718, 'lora_A_params': 73728, 'lora_A_trainable_params': 73728, 'lora_B_norm': 0.01790664, 'lora_B_params': 73728, 'lora_B_trainable_params': 0, 'classifier_norm': 21.7730585, 'classifier_params': 1184260, 'classifier_trainable_params': 1184260, 'update_lora_A_norm': 0.00037506, 'update_lora_A_params': 73728, 'update_lora_B_norm': 0.0, 'update_lora_B_params': 0, 'update_classifier_norm': 0.07213079, 'update_classifier_params': 1184260, 'round': 1, 'phase': 'A', 'mode': 'rolora'}
[38;5;39m2026-06-15 19:20:29,413 (client:431) INFO: {'Role': 'Client #40', 'Round': 1, 'Results_raw': {'train_loss': 408.453046, 'train_total': 606, 'train_avg_loss': 0.674015, 'train_acc': 0.612211}}[0m
[sls-rolora] RoLoRA round 1 (step=1): train A (default_BA)
[sls-monitor] {'kind': 'fit_start', 'total_param_count': 1331716, 'total_trainable_params': 1257988, 'lora_product_norm': 0.0106616, 'lora_A_norm': 5.64590718, 'lora_A_params': 73728, 'lora_A_trainable_params': 73728, 'lora_B_norm': 0.01790664, 'lora_B_params': 73728, 'lora_B_trainable_params': 0, 'classifier_norm': 21.77351041, 'classifier_params': 1184260, 'classifier_trainable_params': 1184260, 'round': 1, 'phase': 'A', 'mode': 'rolora'}
[sls-monitor] {'kind': 'fit_end', 'total_param_count': 1331716, 'total_trainable_params': 1257988, 'lora_product_norm': 0.01069456, 'lora_A_norm': 5.64617381, 'lora_A_params': 73728, 'lora_A_trainable_params': 73728, 'lora_B_norm': 0.01790664, 'lora_B_params': 73728, 'lora_B_trainable_params': 0, 'classifier_norm': 21.77566491, 'classifier_params': 1184260, 'classifier_trainable_params': 1184260, 'update_lora_A_norm': 0.00987827, 'update_lora_A_params': 73728, 'update_lora_B_norm': 0.0, 'update_lora_B_params': 0, 'update_classifier_norm': 0.26555553, 'update_classifier_params': 1184260, 'round': 1, 'phase': 'A', 'mode': 'rolora'}
[38;5;39m2026-06-15 19:20:33,567 (client:431) INFO: {'Role': 'Client #2', 'Round': 1, 'Results_raw': {'train_loss': 99.270275, 'train_total': 640, 'train_avg_loss': 0.15511, 'train_acc': 0.95625}}[0m
[sls-rolora] RoLoRA round 1 (step=1): train A (default_BA)
[sls-monitor] {'kind': 'fit_start', 'total_param_count': 1331716, 'total_trainable_params': 1257988, 'lora_product_norm': 0.01069456, 'lora_A_norm': 5.64617381, 'lora_A_params': 73728, 'lora_A_trainable_params': 73728, 'lora_B_norm': 0.01790664, 'lora_B_params': 73728, 'lora_B_trainable_params': 0, 'classifier_norm': 21.77351041, 'classifier_params': 1184260, 'classifier_trainable_params': 1184260, 'round': 1, 'phase': 'A', 'mode': 'rolora'}
[sls-monitor] {'kind': 'fit_end', 'total_param_count': 1331716, 'total_trainable_params': 1257988, 'lora_product_norm': 0.01069759, 'lora_A_norm': 5.64599157, 'lora_A_params': 73728, 'lora_A_trainable_params': 73728, 'lora_B_norm': 0.01790664, 'lora_B_params': 73728, 'lora_B_trainable_params': 0, 'classifier_norm': 21.77315231, 'classifier_params': 1184260, 'classifier_trainable_params': 1184260, 'update_lora_A_norm': 0.00101121, 'update_lora_A_params': 73728, 'update_lora_B_norm': 0.0, 'update_lora_B_params': 0, 'update_classifier_norm': 0.05558289, 'update_classifier_params': 1184260, 'round': 1, 'phase': 'A', 'mode': 'rolora'}
[38;5;39m2026-06-15 19:20:38,149 (client:431) INFO: {'Role': 'Client #32', 'Round': 1, 'Results_raw': {'train_loss': 410.682657, 'train_total': 640, 'train_avg_loss': 0.641692, 'train_acc': 0.701562}}[0m
[sls-rolora] RoLoRA round 1 (step=1): train A (default_BA)
[sls-monitor] {'kind': 'fit_start', 'total_param_count': 1331716, 'total_trainable_params': 1257988, 'lora_product_norm': 0.01069759, 'lora_A_norm': 5.64599157, 'lora_A_params': 73728, 'lora_A_trainable_params': 73728, 'lora_B_norm': 0.01790664, 'lora_B_params': 73728, 'lora_B_trainable_params': 0, 'classifier_norm': 21.77351041, 'classifier_params': 1184260, 'classifier_trainable_params': 1184260, 'round': 1, 'phase': 'A', 'mode': 'rolora'}
[sls-monitor] {'kind': 'fit_end', 'total_param_count': 1331716, 'total_trainable_params': 1257988, 'lora_product_norm': 0.01073073, 'lora_A_norm': 5.64625243, 'lora_A_params': 73728, 'lora_A_trainable_params': 73728, 'lora_B_norm': 0.01790664, 'lora_B_params': 73728, 'lora_B_trainable_params': 0, 'classifier_norm': 21.77561248, 'classifier_params': 1184260, 'classifier_trainable_params': 1184260, 'update_lora_A_norm': 0.0094994, 'update_lora_A_params': 73728, 'update_lora_B_norm': 0.0, 'update_lora_B_params': 0, 'update_classifier_norm': 0.26328779, 'update_classifier_params': 1184260, 'round': 1, 'phase': 'A', 'mode': 'rolora'}
[38;5;39m2026-06-15 19:20:42,551 (client:431) INFO: {'Role': 'Client #5', 'Round': 1, 'Results_raw': {'train_loss': 98.798599, 'train_total': 640, 'train_avg_loss': 0.154373, 'train_acc': 0.953125}}[0m
[sls-rolora] RoLoRA round 1 (step=1): train A (default_BA)
[sls-monitor] {'kind': 'fit_start', 'total_param_count': 1331716, 'total_trainable_params': 1257988, 'lora_product_norm': 0.01073073, 'lora_A_norm': 5.64625243, 'lora_A_params': 73728, 'lora_A_trainable_params': 73728, 'lora_B_norm': 0.01790664, 'lora_B_params': 73728, 'lora_B_trainable_params': 0, 'classifier_norm': 21.77351041, 'classifier_params': 1184260, 'classifier_trainable_params': 1184260, 'round': 1, 'phase': 'A', 'mode': 'rolora'}
[sls-monitor] {'kind': 'fit_end', 'total_param_count': 1331716, 'total_trainable_params': 1257988, 'lora_product_norm': 0.01073779, 'lora_A_norm': 5.64612476, 'lora_A_params': 73728, 'lora_A_trainable_params': 73728, 'lora_B_norm': 0.01790664, 'lora_B_params': 73728, 'lora_B_trainable_params': 0, 'classifier_norm': 21.77352645, 'classifier_params': 1184260, 'classifier_trainable_params': 1184260, 'update_lora_A_norm': 0.00206935, 'update_lora_A_params': 73728, 'update_lora_B_norm': 0.0, 'update_lora_B_params': 0, 'update_classifier_norm': 0.10003708, 'update_classifier_params': 1184260, 'round': 1, 'phase': 'A', 'mode': 'rolora'}
[38;5;39m2026-06-15 19:20:47,604 (client:431) INFO: {'Role': 'Client #16', 'Round': 1, 'Results_raw': {'train_loss': 344.585345, 'train_total': 640, 'train_avg_loss': 0.538415, 'train_acc': 0.778125}}[0m
[sls-rolora] RoLoRA round 1 (step=1): train A (default_BA)
[sls-monitor] {'kind': 'fit_start', 'total_param_count': 1331716, 'total_trainable_params': 1257988, 'lora_product_norm': 0.01073779, 'lora_A_norm': 5.64612476, 'lora_A_params': 73728, 'lora_A_trainable_params': 73728, 'lora_B_norm': 0.01790664, 'lora_B_params': 73728, 'lora_B_trainable_params': 0, 'classifier_norm': 21.77351041, 'classifier_params': 1184260, 'classifier_trainable_params': 1184260, 'round': 1, 'phase': 'A', 'mode': 'rolora'}
[sls-monitor] {'kind': 'fit_end', 'total_param_count': 1331716, 'total_trainable_params': 1257988, 'lora_product_norm': 0.0107423, 'lora_A_norm': 5.64595857, 'lora_A_params': 73728, 'lora_A_trainable_params': 73728, 'lora_B_norm': 0.01790664, 'lora_B_params': 73728, 'lora_B_trainable_params': 0, 'classifier_norm': 21.77335087, 'classifier_params': 1184260, 'classifier_trainable_params': 1184260, 'update_lora_A_norm': 0.0013719, 'update_lora_A_params': 73728, 'update_lora_B_norm': 0.0, 'update_lora_B_params': 0, 'update_classifier_norm': 0.08206773, 'update_classifier_params': 1184260, 'round': 1, 'phase': 'A', 'mode': 'rolora'}
[38;5;39m2026-06-15 19:20:51,858 (client:431) INFO: {'Role': 'Client #18', 'Round': 1, 'Results_raw': {'train_loss': 353.881787, 'train_total': 640, 'train_avg_loss': 0.55294, 'train_acc': 0.779687}}[0m
[sls-rolora] RoLoRA round 1 (step=1): train A (default_BA)
[sls-monitor] {'kind': 'fit_start', 'total_param_count': 1331716, 'total_trainable_params': 1257988, 'lora_product_norm': 0.0107423, 'lora_A_norm': 5.64595857, 'lora_A_params': 73728, 'lora_A_trainable_params': 73728, 'lora_B_norm': 0.01790664, 'lora_B_params': 73728, 'lora_B_trainable_params': 0, 'classifier_norm': 21.77351041, 'classifier_params': 1184260, 'classifier_trainable_params': 1184260, 'round': 1, 'phase': 'A', 'mode': 'rolora'}
[sls-monitor] {'kind': 'fit_end', 'total_param_count': 1331716, 'total_trainable_params': 1257988, 'lora_product_norm': 0.01074089, 'lora_A_norm': 5.64571456, 'lora_A_params': 73728, 'lora_A_trainable_params': 73728, 'lora_B_norm': 0.01790664, 'lora_B_params': 73728, 'lora_B_trainable_params': 0, 'classifier_norm': 21.77305596, 'classifier_params': 1184260, 'classifier_trainable_params': 1184260, 'update_lora_A_norm': 0.00042773, 'update_lora_A_params': 73728, 'update_lora_B_norm': 0.0, 'update_lora_B_params': 0, 'update_classifier_norm': 0.04565555, 'update_classifier_params': 1184260, 'round': 1, 'phase': 'A', 'mode': 'rolora'}
[38;5;39m2026-06-15 19:20:56,367 (client:431) INFO: {'Role': 'Client #41', 'Round': 1, 'Results_raw': {'train_loss': 437.549295, 'train_total': 640, 'train_avg_loss': 0.683671, 'train_acc': 0.576562}}[0m
[sls-rolora] RoLoRA round 1 (step=1): train A (default_BA)
[sls-monitor] {'kind': 'fit_start', 'total_param_count': 1331716, 'total_trainable_params': 1257988, 'lora_product_norm': 0.01074089, 'lora_A_norm': 5.64571456, 'lora_A_params': 73728, 'lora_A_trainable_params': 73728, 'lora_B_norm': 0.01790664, 'lora_B_params': 73728, 'lora_B_trainable_params': 0, 'classifier_norm': 21.77351041, 'classifier_params': 1184260, 'classifier_trainable_params': 1184260, 'round': 1, 'phase': 'A', 'mode': 'rolora'}
[sls-monitor] {'kind': 'fit_end', 'total_param_count': 1331716, 'total_trainable_params': 1257988, 'lora_product_norm': 0.01073651, 'lora_A_norm': 5.64544222, 'lora_A_params': 73728, 'lora_A_trainable_params': 73728, 'lora_B_norm': 0.01790664, 'lora_B_params': 73728, 'lora_B_trainable_params': 0, 'classifier_norm': 21.77286491, 'classifier_params': 1184260, 'classifier_trainable_params': 1184260, 'update_lora_A_norm': 0.00111256, 'update_lora_A_params': 73728, 'update_lora_B_norm': 0.0, 'update_lora_B_params': 0, 'update_classifier_norm': 0.03863349, 'update_classifier_params': 1184260, 'round': 1, 'phase': 'A', 'mode': 'rolora'}
[38;5;39m2026-06-15 19:21:00,441 (client:431) INFO: {'Role': 'Client #39', 'Round': 1, 'Results_raw': {'train_loss': 455.111179, 'train_total': 640, 'train_avg_loss': 0.711111, 'train_acc': 0.479687}}[0m
[sls-rolora] RoLoRA round 1 (step=1): train A (default_BA)
[sls-monitor] {'kind': 'fit_start', 'total_param_count': 1331716, 'total_trainable_params': 1257988, 'lora_product_norm': 0.01073651, 'lora_A_norm': 5.64544222, 'lora_A_params': 73728, 'lora_A_trainable_params': 73728, 'lora_B_norm': 0.01790664, 'lora_B_params': 73728, 'lora_B_trainable_params': 0, 'classifier_norm': 21.77351041, 'classifier_params': 1184260, 'classifier_trainable_params': 1184260, 'round': 1, 'phase': 'A', 'mode': 'rolora'}
[sls-monitor] {'kind': 'fit_end', 'total_param_count': 1331716, 'total_trainable_params': 1257988, 'lora_product_norm': 0.01076444, 'lora_A_norm': 5.64560723, 'lora_A_params': 73728, 'lora_A_trainable_params': 73728, 'lora_B_norm': 0.01790664, 'lora_B_params': 73728, 'lora_B_trainable_params': 0, 'classifier_norm': 21.77492655, 'classifier_params': 1184260, 'classifier_trainable_params': 1184260, 'update_lora_A_norm': 0.00761969, 'update_lora_A_params': 73728, 'update_lora_B_norm': 0.0, 'update_lora_B_params': 0, 'update_classifier_norm': 0.20813007, 'update_classifier_params': 1184260, 'round': 1, 'phase': 'A', 'mode': 'rolora'}
[38;5;39m2026-06-15 19:21:05,040 (client:431) INFO: {'Role': 'Client #6', 'Round': 1, 'Results_raw': {'train_loss': 158.685547, 'train_total': 640, 'train_avg_loss': 0.247946, 'train_acc': 0.965625}}[0m
[sls-rolora] RoLoRA round 1 (step=1): train A (default_BA)
[sls-monitor] {'kind': 'fit_start', 'total_param_count': 1331716, 'total_trainable_params': 1257988, 'lora_product_norm': 0.01076444, 'lora_A_norm': 5.64560723, 'lora_A_params': 73728, 'lora_A_trainable_params': 73728, 'lora_B_norm': 0.01790664, 'lora_B_params': 73728, 'lora_B_trainable_params': 0, 'classifier_norm': 21.77351041, 'classifier_params': 1184260, 'classifier_trainable_params': 1184260, 'round': 1, 'phase': 'A', 'mode': 'rolora'}
scripts/run_supplement_arm.sh: line 89: 94280 Terminated: 15          NO_COLOR=1 SLS_ALTERNATION_MODE="$MODE" "$PY" scripts/run_supplement.py --cfg "$CONFIG" outdir "$ARM_OUTDIR" ${OVERRIDES[@]+"${OVERRIDES[@]}"}
